component	field	source_text	condition	role	source_path	source_lines
logistics.autoretrain	label	Autoretrain livestock:	all visible states	localizable semantic label	D:/program/steam/steamapps/common/DFHack/hack/lua/plugins/logistics.lua	298-305
logistics.autoretrain	state	On	logistics_getFeature('autoretrain') == true	localizable boolean state; value=true; COLOR_GREEN	D:/program/steam/steamapps/common/DFHack/hack/lua/gui/widgets/labels/toggle_hotkey_label.lua	10-12
logistics.autoretrain	state	Off	logistics_getFeature('autoretrain') == false	localizable boolean state; value=false; default text pen	D:/program/steam/steamapps/common/DFHack/hack/lua/gui/widgets/labels/toggle_hotkey_label.lua	10-12
logistics.autoretrain	state_source	logistics_getFeature('autoretrain')	each render	selects On/Off; original native function requires separate disassembly evidence	D:/program/steam/steamapps/common/DFHack/hack/lua/plugins/logistics.lua	315-317
logistics.autoretrain	key	CUSTOM_CTRL_A	all visible states	dynamic key binding display; screenshot shows Ctrl+a; preserve key display	D:/program/steam/steamapps/common/DFHack/hack/lua/plugins/logistics.lua	298-301
logistics.autoretrain	key_display	gui.getKeyDisplay(token.key)	key token present	df.interface_key lookup then native dscreen.getKeyDisplay; no hardcoded Ctrl+a label	D:/program/steam/steamapps/common/DFHack/hack/lua/gui.lua	219-223
logistics.autoretrain	key_separator	: 	all visible states	preserve separator; trailing space is literal	D:/program/steam/steamapps/common/DFHack/hack/lua/gui/widgets/labels/cycle_hotkey_label.lua	35-45
logistics.autoretrain	option_gap	1	all visible states	one tile gap before state	D:/program/steam/steamapps/common/DFHack/hack/lua/gui/widgets/labels/cycle_hotkey_label.lua	35-45,55-61
logistics.autoretrain	brand	DFHack	frame signature_pen ~= false	preserve brand; medium frame signature	D:/program/steam/steamapps/common/DFHack/hack/lua/gui.lua	1278-1279,1309-1324
logistics.autoretrain	help_icon	?	HelpButton graphic or character path	preserve symbol; central tile with question mark fallback	D:/program/steam/steamapps/common/DFHack/hack/lua/gui/widgets/buttons/help_button.lua	6-7,24-28
logistics.autoretrain	help_edge_left	[	character fallback	preserve symbol; normally graphical edge tile	D:/program/steam/steamapps/common/DFHack/hack/lua/gui/widgets/buttons/configure_button.lua	9-14,42-57,60-68
logistics.autoretrain	help_edge_right	]	character fallback	preserve symbol; normally graphical edge tile	D:/program/steam/steamapps/common/DFHack/hack/lua/gui/widgets/buttons/configure_button.lua	9-14,42-57,60-68
logistics.autoretrain	layout	frame_inset.t=0	parent_rect.width >= 143	layout only; no additional text	D:/program/steam/steamapps/common/DFHack/hack/lua/plugins/logistics.lua	320-321
logistics.autoretrain	layout	frame_inset.t=2	parent_rect.width < 143	layout only; same label/state/icon fields	D:/program/steam/steamapps/common/DFHack/hack/lua/plugins/logistics.lua	320-321
logistics.autoretrain	hover	pen/foreground/background	mouse over toggle	pen change only; no additional text or tooltip	D:/program/steam/steamapps/common/DFHack/hack/lua/gui/widgets/labels/label.lua	73-89,136-159,342-349
logistics.autoretrain	toggle_action	logistics_setFeature(val, 'autoretrain')	On/Off change	both boolean branches set feature; no new visible text	D:/program/steam/steamapps/common/DFHack/hack/lua/plugins/logistics.lua	302-304
logistics.autoretrain	sort_action	pet_list.sort_flags.NEEDS_RESORTED = true	val == true and pet_list exists	true-only list sort refresh; no visible text	D:/program/steam/steamapps/common/DFHack/hack/lua/plugins/logistics.lua	284-289,302-304
logistics.autoretrain	sort_action	none	val == false or pet_list absent	no sort refresh; no visible text	D:/program/steam/steamapps/common/DFHack/hack/lua/plugins/logistics.lua	284-289,302-304
logistics.autoretrain	help_action	gui/launcher logistics 	help button clicked	opens another launcher screen; no replacement text in this component	D:/program/steam/steamapps/common/DFHack/hack/lua/gui/widgets/buttons/help_button.lua	30-32
logistics.autoretrain	desc	Adds toggle to pets screen for autoretraining partially trained pets.	control panel metadata	localizable metadata; not rendered inside screenshot frame	D:/program/steam/steamapps/common/DFHack/hack/lua/plugins/logistics.lua	275-282
logistics.autoretrain	viewscreen	dwarfmode/Info/CREATURES/PET	component focus scope	installed source's only overlay tied to this exact PET scope and default position {51,-4}	D:/program/steam/steamapps/common/DFHack/hack/lua/plugins/logistics.lua	275-282,324
logistics.autoretrain	registration	OVERLAY_WIDGETS = {autoretrain=AutoretrainOverlay}	plugin module load	sole overlay registered by logistics; no sibling label substitution	D:/program/steam/steamapps/common/DFHack/hack/lua/plugins/logistics.lua	324
logistics.autoretrain	registration_name	env_name .. '.' .. widget_name	plugin overlay load	logistics + autoretrain resolves to logistics.autoretrain	D:/program/steam/steamapps/common/DFHack/hack/lua/plugins/overlay.lua	294-308,311-322
