producer	instruction_rva	target_rva
workshop-mood	0x181c00	0xd06ad0
workshop-mood	0x181c24	0x6f620
workshop-mood	0x181c3d	0x132bba0
workshop-mood	0x181c53	0xbb0c0
workshop-mood	0x181c6e	0xbb0b0
workshop-mood	0x181c83	0x680e0
workshop-mood	0x181c9e	0xad69a0
workshop-mood	0x181cac	0x67dc0
workshop-mood	0x181ccd	0xbb0b0
workshop-mood	0x181ce2	0x680e0
workshop-mood	0x181cfd	0xad69a0
workshop-mood	0x181d0b	0x67dc0
workshop-mood	0x181d2c	0xbb0b0
workshop-mood	0x181d46	0xad69a0
workshop-mood	0x181d5b	0x680e0
workshop-mood	0x181d76	0xad69a0
workshop-mood	0x181d84	0x67dc0
workshop-mood	0x181e3e	0xbb0b0
workshop-mood	0x181e5b	0x13e0a00
workshop-mood	0x181eb0	0xa910b0
workshop-mood	0x181ecb	0xad69a0
workshop-mood	0x181f3f	0xbb0b0
workshop-mood	0x181f63	0x680e0
workshop-mood	0x181f7e	0xad69a0
workshop-mood	0x181f8c	0x67dc0
workshop-mood	0x181fad	0xbb0b0
workshop-mood	0x181fd1	0x680e0
workshop-mood	0x181fec	0xad69a0
workshop-mood	0x181ffa	0x67dc0
workshop-mood	0x182016	0xbb0b0
workshop-mood	0x182044	0xa910b0
workshop-mood	0x18205e	0xad69a0
workshop-mood	0x182073	0x680e0
workshop-mood	0x18208e	0xad69a0
workshop-mood	0x18209c	0x67dc0
workshop-mood	0x1820bd	0xbb0b0
workshop-mood	0x1820e1	0x680e0
workshop-mood	0x1820fc	0xad69a0
workshop-mood	0x18210a	0x67dc0
workshop-mood	0x18212b	0xbb0b0
workshop-mood	0x18214f	0x680e0
workshop-mood	0x18216a	0xad69a0
workshop-mood	0x182178	0x67dc0
workshop-mood	0x182196	0xbb0b0
workshop-mood	0x1821ba	0x680e0
workshop-mood	0x1821d5	0xad69a0
workshop-mood	0x1821e3	0x67dc0
workshop-mood	0x1822a1	0x6ede0
workshop-mood	0x1822d7	0x6ede0
workshop-mood	0x18232f	0x6f1b0
workshop-mood	0x18236b	0x6f1b0
workshop-mood	0x1823ab	0x6f1b0
workshop-mood	0x1823eb	0x6f1b0
workshop-mood	0x182429	0x6f1b0
workshop-mood	0x18252f	0xbb0b0
workshop-mood	0x18254c	0x13e0a00
workshop-mood	0x1825a1	0xa910b0
workshop-mood	0x1825bc	0xad69a0
workshop-mood	0x1825d1	0x680e0
workshop-mood	0x1825ec	0xad69a0
workshop-mood	0x1825fa	0x67dc0
workshop-mood	0x18265d	0x680e0
workshop-mood	0x182678	0xad69a0
workshop-mood	0x182686	0x67dc0
workshop-mood	0x1826a2	0xbb0b0
workshop-mood	0x1826f5	0x680e0
workshop-mood	0x182710	0xad69a0
workshop-mood	0x18271e	0x67dc0
workshop-mood	0x182763	0x680e0
workshop-mood	0x18277e	0xad69a0
workshop-mood	0x18278c	0x67dc0
workshop-mood	0x1827a8	0xbb0b0
workshop-mood	0x1827cc	0x680e0
workshop-mood	0x1827e7	0xad69a0
workshop-mood	0x1827f5	0x67dc0
workshop-mood	0x182808	0x6f620
workshop-mood	0x182881	0xa7fc90
workshop-mood	0x18289b	0xad69a0
workshop-mood	0x1828a9	0x67dc0
workshop-mood	0x1828b9	0x67dc0
workshop-mood	0x1828ce	0x680e0
workshop-mood	0x1828e9	0xad69a0
workshop-mood	0x1828f7	0x67dc0
workshop-mood	0x182911	0x680e0
workshop-mood	0x18292c	0xad69a0
workshop-mood	0x18293a	0x67dc0
workshop-mood	0x182956	0xbb0b0
workshop-mood	0x18297a	0x680e0
workshop-mood	0x182995	0xad69a0
workshop-mood	0x1829a3	0x67dc0
workshop-mood	0x1829b1	0x6f620
workshop-mood	0x182a2a	0xa7fc90
workshop-mood	0x182a44	0xad69a0
workshop-mood	0x182a59	0x680e0
workshop-mood	0x182a74	0xad69a0
workshop-mood	0x182a82	0x67dc0
workshop-mood	0x182a90	0x67dc0
workshop-mood	0x182aa3	0x67dc0
workshop-mood	0x182ab8	0x680e0
workshop-mood	0x182ad3	0xad69a0
workshop-mood	0x182ae1	0x67dc0
workshop-mood	0x182afd	0xbb0b0
workshop-mood	0x182b21	0x680e0
workshop-mood	0x182b3c	0xad69a0
workshop-mood	0x182b4a	0x67dc0
workshop-mood	0x182b69	0xa910b0
workshop-mood	0x182b83	0xad69a0
workshop-mood	0x182b98	0x680e0
workshop-mood	0x182bb3	0xad69a0
workshop-mood	0x182bc1	0x67dc0
workshop-mood	0x182bdd	0xbb0b0
workshop-mood	0x182c25	0x680e0
workshop-mood	0x182c40	0xad69a0
workshop-mood	0x182c4e	0x67dc0
workshop-mood	0x182c78	0x680e0
workshop-mood	0x182c93	0xad69a0
workshop-mood	0x182ca1	0x67dc0
workshop-mood	0x182cb8	0x680e0
workshop-mood	0x182cd3	0xad69a0
workshop-mood	0x182ce1	0x67dc0
workshop-mood	0x182d3b	0x680e0
workshop-mood	0x182d56	0xad69a0
workshop-mood	0x182d64	0x67dc0
workshop-mood	0x182db8	0x680e0
workshop-mood	0x182dd3	0xad69a0
workshop-mood	0x182de1	0x67dc0
workshop-mood	0x182dfb	0x680e0
workshop-mood	0x182e16	0xad69a0
workshop-mood	0x182e24	0x67dc0
workshop-mood	0x182e3b	0x680e0
workshop-mood	0x182e56	0xad69a0
workshop-mood	0x182e64	0x67dc0
workshop-mood	0x182e7b	0x680e0
workshop-mood	0x182e96	0xad69a0
workshop-mood	0x182ea4	0x67dc0
workshop-mood	0x182ebe	0x680e0
workshop-mood	0x182ed9	0xad69a0
workshop-mood	0x182ee7	0x67dc0
workshop-mood	0x182f01	0x680e0
workshop-mood	0x182f1c	0xad69a0
workshop-mood	0x182f2a	0x67dc0
workshop-mood	0x182f44	0x680e0
workshop-mood	0x182f5f	0xad69a0
workshop-mood	0x182f6d	0x67dc0
workshop-mood	0x182f87	0x680e0
workshop-mood	0x182fa2	0xad69a0
workshop-mood	0x182fb0	0x67dc0
workshop-mood	0x182fc7	0x680e0
workshop-mood	0x182fe2	0xad69a0
workshop-mood	0x182ff0	0x67dc0
workshop-mood	0x183007	0x680e0
workshop-mood	0x183022	0xad69a0
workshop-mood	0x183030	0x67dc0
workshop-mood	0x183045	0x680e0
workshop-mood	0x183060	0xad69a0
workshop-mood	0x18306e	0x67dc0
workshop-mood	0x183088	0x680e0
workshop-mood	0x1830a3	0xad69a0
workshop-mood	0x1830b1	0x67dc0
workshop-mood	0x1830cd	0xbb0b0
workshop-mood	0x1830f1	0x680e0
workshop-mood	0x18310c	0xad69a0
workshop-mood	0x18311a	0x67dc0
workshop-mood	0x183153	0x680e0
workshop-mood	0x18316e	0xad69a0
workshop-mood	0x18317c	0x67dc0
workshop-mood	0x1831a6	0x680e0
workshop-mood	0x1831c1	0xad69a0
workshop-mood	0x1831cf	0x67dc0
workshop-mood	0x1831e6	0x680e0
workshop-mood	0x183201	0xad69a0
workshop-mood	0x18320f	0x67dc0
workshop-mood	0x183269	0x680e0
workshop-mood	0x183284	0xad69a0
workshop-mood	0x183292	0x67dc0
workshop-mood	0x1832e6	0x680e0
workshop-mood	0x183301	0xad69a0
workshop-mood	0x18330f	0x67dc0
workshop-mood	0x183329	0x680e0
workshop-mood	0x183344	0xad69a0
workshop-mood	0x183352	0x67dc0
workshop-mood	0x183369	0x680e0
workshop-mood	0x183384	0xad69a0
workshop-mood	0x183392	0x67dc0
workshop-mood	0x1833a9	0x680e0
workshop-mood	0x1833c4	0xad69a0
workshop-mood	0x1833d2	0x67dc0
workshop-mood	0x1833ec	0x680e0
workshop-mood	0x183407	0xad69a0
workshop-mood	0x183415	0x67dc0
workshop-mood	0x18342f	0x680e0
workshop-mood	0x18344a	0xad69a0
workshop-mood	0x183458	0x67dc0
workshop-mood	0x183474	0xbb0b0
workshop-mood	0x183498	0x680e0
workshop-mood	0x1834b3	0xad69a0
workshop-mood	0x1834c1	0x67dc0
workshop-mood	0x1834db	0x680e0
workshop-mood	0x1834f6	0xad69a0
workshop-mood	0x183504	0x67dc0
workshop-mood	0x18351e	0x680e0
workshop-mood	0x183539	0xad69a0
workshop-mood	0x183547	0x67dc0
workshop-mood	0x18355e	0x680e0
workshop-mood	0x183579	0xad69a0
workshop-mood	0x183587	0x67dc0
workshop-mood	0x18359e	0x680e0
workshop-mood	0x1835b9	0xad69a0
workshop-mood	0x1835c7	0x67dc0
workshop-mood	0x1835dc	0x680e0
workshop-mood	0x1835f7	0xad69a0
workshop-mood	0x183605	0x67dc0
workshop-mood	0x183613	0x67dc0
unit-display-name	0x13e0a21	0xb500f0
unit-display-name	0x13e0a52	0x72500
unit-identity-caption	0x132bc05	0xb500f0
unit-identity-caption	0x132bc45	0x72500
unit-identity-caption	0x132bc55	0xc37530
unit-identity-caption	0x132bce3	0xb500f0
unit-identity-caption	0x132bd15	0xb9d50
unit-identity-caption	0x132bd39	0xbab70
unit-identity-caption	0x132bd94	0xbab70
unit-identity-caption	0x132bdc2	0xa910b0
unit-identity-caption	0x132bdd7	0x6f9a0
unit-identity-caption	0x132be03	0x132a8f0
unit-identity-caption	0x132be1d	0x6f9a0
unit-identity-caption	0x132beb1	0xb9d50
unit-identity-caption	0x132bed2	0x6f9a0
unit-identity-caption	0x132bef6	0xa910b0
unit-identity-caption	0x132bf10	0x6f9a0
unit-identity-caption	0x132bf27	0x6f9a0
unit-identity-caption	0x132bf3c	0x6f9a0
unit-identity-caption	0x132bf46	0x6f7e0
unit-identity-caption	0x132bf66	0x1380a80
unit-identity-caption	0x132bf7b	0x6f9a0
unit-identity-caption	0x132bf91	0xb9b10
unit-identity-caption	0x132bf9b	0xb9b10
unit-identity-caption	0x132bfb1	0xb9b10
unit-identity-caption	0x132bfc2	0x1380a80
unit-identity-caption	0x132bfd7	0x6f9a0
unit-identity-caption	0x132bfed	0xb9b10
unit-identity-caption	0x132bff7	0xb9b10
unit-identity-caption	0x132c00d	0xb9b10
unit-identity-caption	0x132c032	0x6f9a0
unit-identity-caption	0x132c0b1	0x6f9a0
unit-identity-caption	0x132c0c6	0x6f9a0
unit-identity-caption	0x132c101	0x6f9a0
unit-identity-caption	0x132c116	0x6f9a0
unit-identity-caption	0x132c151	0x6f9a0
unit-identity-caption	0x132c163	0x6f9a0
unit-identity-caption	0x132c1a2	0x15345f0
unit-identity-caption	0x132c1dc	0x6f860
unit-identity-caption	0x132c1e8	0x15345d0
language-name	0xa9112c	0xb9b10
language-name	0xa91149	0x6f9a0
language-name	0xa91153	0xb9b10
language-name	0xa91164	0x6f560
language-name	0xa9116e	0x52ade0
language-name	0xa91188	0x6f9a0
language-name	0xa91195	0x6f7e0
language-name	0xa911c7	0x6f9a0
language-name	0xa911d1	0xb9b10
language-name	0xa911ea	0x6f9a0
language-name	0xa911f4	0xb9b10
language-name	0xa912a5	0x6f9a0
language-name	0xa9131c	0x6f9a0
language-name	0xa9133d	0x6f9a0
language-name	0xa91346	0x52ade0
language-name	0xa91360	0x6f9a0
language-name	0xa9136c	0x6f7e0
language-name	0xa9140c	0x6f9a0
language-name	0xa91483	0x6f9a0
language-name	0xa914fa	0x6f9a0
language-name	0xa91571	0x6f9a0
language-name	0xa91599	0x6f9a0
language-name	0xa915a2	0x52ade0
language-name	0xa915bc	0x6f9a0
language-name	0xa91605	0x15345f0
language-name	0xa916a4	0x6f9a0
language-name	0xa916c5	0x6f9a0
language-name	0xa916ce	0x52ade0
language-name	0xa916e8	0x6f9a0
language-name	0xa91727	0x15345f0
language-name	0xa91733	0x15345d0
job-item-description	0xa7fd98	0x135be30
job-item-description	0xa7fe16	0x6f9a0
job-item-description	0xa7fe9e	0x14cc890
job-item-description	0xa7febb	0x6f9a0
job-item-description	0xa7fecf	0xb9b10
job-item-description	0xa7fef0	0x6f9a0
job-item-description	0xa7ff2c	0x14cc890
job-item-description	0xa7ff49	0x6f9a0
job-item-description	0xa7ff53	0xb9b10
job-item-description	0xa7ff68	0x6f9a0
job-item-description	0xa7ff87	0x6f9a0
job-item-description	0xa7ffa7	0x6f9a0
job-item-description	0xa7ffc0	0x6f4f0
job-item-description	0xa7ffd9	0x6f4f0
job-item-description	0xa7fff2	0x6f4f0
job-item-description	0xa80014	0x6f4f0
job-item-description	0xa80022	0x6f620
job-item-description	0xa80032	0x6f4f0
job-item-description	0xa8004e	0x14cc700
job-item-description	0xa8005a	0xb9ca0
job-item-description	0xa80064	0x6f7e0
job-item-description	0xa800d1	0x6f9a0
job-item-description	0xa800e8	0x6f9a0
job-item-description	0xa80138	0x14cc890
job-item-description	0xa80152	0x6f9a0
job-item-description	0xa80161	0xb9b10
job-item-description	0xa8019d	0x15345f0
job-item-description	0xa801c8	0x6f9a0
job-item-description	0xa801e8	0x6f860
job-item-description	0xa80200	0x6f620
job-item-description	0xa80217	0x14cc660
job-item-description	0xa80223	0xb9ca0
job-item-description	0xa8022d	0x6f7e0
job-item-description	0xa80241	0x6f4f0
job-item-description	0xa80267	0x6f4f0
job-item-description	0xa80278	0x6f620
job-item-description	0xa802a3	0x14cc890
job-item-description	0xa802b2	0xb9ca0
job-item-description	0xa802bf	0x6f7e0
job-item-description	0xa802e4	0x6f620
job-item-description	0xa80314	0x14cc890
job-item-description	0xa80323	0xb9ca0
job-item-description	0xa80330	0x6f7e0
job-item-description	0xa80344	0x6f4f0
job-item-description	0xa8035d	0x6f4f0
job-item-description	0xa8037c	0x6f4f0
job-item-description	0xa80395	0x6f4f0
job-item-description	0xa803a4	0x6f4f0
job-item-description	0xa803b5	0x6f620
job-item-description	0xa803e5	0x14cc890
job-item-description	0xa803f4	0xb9ca0
job-item-description	0xa80401	0x6f7e0
job-item-description	0xa80454	0x6f4f0
job-item-description	0xa8050a	0x14dce30
job-item-description	0xa80528	0x6f9a0
job-item-description	0xa80542	0x6f4f0
job-item-description	0xa8055b	0x6f4f0
job-item-description	0xa80574	0x6f4f0
job-item-description	0xa8058a	0x6f4f0
job-item-description	0xa805a5	0x6f4f0
job-item-description	0xa805b3	0x6f620
job-item-description	0xa805d3	0x14cc700
job-item-description	0xa805e2	0xb9ca0
job-item-description	0xa805ef	0x6f7e0
job-item-description	0xa8062b	0x15345f0
job-item-description	0xa80677	0x14cc890
job-item-description	0xa80694	0x6f9a0
job-item-description	0xa8069e	0xb9b10
job-item-description	0xa806b0	0x14a8ce0
job-item-description	0xa806ce	0xb9ca0
job-item-description	0xa806df	0x6f4f0
job-item-description	0xa806f6	0x6f9a0
job-item-description	0xa80732	0x14cc890
job-item-description	0xa8074f	0x6f9a0
job-item-description	0xa80759	0xb9b10
job-item-description	0xa8076b	0x14a8ce0
job-item-description	0xa807e8	0x14cc890
job-item-description	0xa80805	0x6f9a0
job-item-description	0xa8080f	0xb9b10
job-item-description	0xa80858	0x14cc890
job-item-description	0xa80875	0x6f9a0
job-item-description	0xa8087f	0xb9b10
job-item-description	0xa808c8	0x14cc890
job-item-description	0xa808e5	0x6f9a0
job-item-description	0xa808ef	0xb9b10
job-item-description	0xa80938	0x14cc890
job-item-description	0xa80955	0x6f9a0
job-item-description	0xa8095f	0xb9b10
job-item-description	0xa809a8	0x14cc890
job-item-description	0xa809c5	0x6f9a0
job-item-description	0xa809cf	0xb9b10
job-item-description	0xa80a18	0x14cc890
job-item-description	0xa80a35	0x6f9a0
job-item-description	0xa80a3f	0xb9b10
job-item-description	0xa80a88	0x14cc890
job-item-description	0xa80aa5	0x6f9a0
job-item-description	0xa80aaf	0xb9b10
job-item-description	0xa80af8	0x14cc890
job-item-description	0xa80b15	0x6f9a0
job-item-description	0xa80b1f	0xb9b10
job-item-description	0xa80b68	0x14cc890
job-item-description	0xa80b85	0x6f9a0
job-item-description	0xa80b8f	0xb9b10
job-item-description	0xa80ba1	0x14a8ce0
job-item-description	0xa80bdb	0x6f9a0
job-item-description	0xa80c0a	0x1456e50
job-item-description	0xa80c2c	0x6f4f0
job-item-description	0xa80c4d	0x6f4f0
job-item-description	0xa80c62	0x6f9a0
job-item-description	0xa80c76	0x6f4f0
job-item-description	0xa80cb2	0x14cc890
job-item-description	0xa80ccf	0x6f9a0
job-item-description	0xa80cd9	0xb9b10
job-item-description	0xa80d09	0x6f9a0
job-item-description	0xa80d13	0xb9b10
job-item-description	0xa80d4d	0x14cc890
job-item-description	0xa80d6a	0x6f9a0
job-item-description	0xa80d74	0xb9b10
job-item-description	0xa80dfc	0xb9ca0
job-item-description	0xa80e10	0xb9b10
job-item-description	0xa80e1f	0xb9ca0
job-item-description	0xa80e37	0xb9b10
job-item-description	0xa80e52	0x6f4f0
job-item-description	0xa80e95	0x14cc890
job-item-description	0xa80ea2	0xb9ca0
job-item-description	0xa80eac	0xb9b10
job-item-description	0xa80ec1	0x6f9a0
job-item-description	0xa80f04	0x14cc890
job-item-description	0xa80f21	0x6f9a0
job-item-description	0xa80f2b	0xb9b10
job-item-description	0xa80f74	0x14cc890
job-item-description	0xa80f91	0x6f9a0
job-item-description	0xa80f9b	0xb9b10
job-item-description	0xa80fc5	0x6f9a0
job-item-description	0xa80fcf	0xb9b10
job-item-description	0xa81009	0x14cc890
job-item-description	0xa81026	0x6f9a0
job-item-description	0xa81030	0xb9b10
job-item-description	0xa81079	0x14cc890
job-item-description	0xa81096	0x6f9a0
job-item-description	0xa810a0	0xb9b10
job-item-description	0xa810c4	0x6f4f0
job-item-description	0xa810db	0x14a8ce0
job-item-description	0xa8110f	0x6f4f0
job-item-description	0xa8112d	0x6f4f0
job-item-description	0xa81141	0x6f4f0
job-item-description	0xa81180	0x14cc890
job-item-description	0xa8119d	0x6f9a0
job-item-description	0xa811a7	0xb9b10
job-item-description	0xa811b9	0x14a8ce0
job-item-description	0xa81200	0x1456e50
job-item-description	0xa81222	0x1456e50
job-item-description	0xa81244	0x1456e50
job-item-description	0xa8125e	0x6f4f0
job-item-description	0xa812a9	0x14cc890
job-item-description	0xa812c6	0x6f9a0
job-item-description	0xa812d0	0xb9b10
job-item-description	0xa812e2	0x14a8ce0
job-item-description	0xa8132d	0x1456e50
job-item-description	0xa81357	0x1456e50
job-item-description	0xa81379	0x1456e50
job-item-description	0xa8139c	0x1456e50
job-item-description	0xa813af	0x6f4f0
job-item-description	0xa813c0	0x6f4f0
job-item-description	0xa8140e	0x14cc890
job-item-description	0xa8142b	0x6f9a0
job-item-description	0xa81435	0xb9b10
job-item-description	0xa814a8	0xb9ca0
job-item-description	0xa81511	0xeb0b0
job-item-description	0xa8152e	0x1456e50
job-item-description	0xa81541	0x72670
job-item-description	0xa81565	0x6f4f0
job-item-description	0xa8158e	0x14cc890
job-item-description	0xa815ab	0x6f9a0
job-item-description	0xa815b5	0xb9b10
job-item-description	0xa8165e	0xb9ca0
job-item-description	0xa81668	0xb9b10
job-item-description	0xa81689	0xb9ca0
job-item-description	0xa816be	0xb9ca0
job-item-description	0xa816cd	0x6f4f0
job-item-description	0xa8171b	0x14cc890
job-item-description	0xa81738	0x6f9a0
job-item-description	0xa81742	0xb9b10
job-item-description	0xa817ac	0xb9ca0
job-item-description	0xa817ec	0x14cc890
job-item-description	0xa81809	0x6f9a0
job-item-description	0xa81813	0xb9b10
job-item-description	0xa81837	0x6f4f0
job-item-description	0xa81858	0x1456e50
job-item-description	0xa8186b	0x6f4f0
job-item-description	0xa818b9	0x14cc890
job-item-description	0xa818d6	0x6f9a0
job-item-description	0xa818e0	0xb9b10
job-item-description	0xa81929	0x14cc890
job-item-description	0xa81946	0x6f9a0
job-item-description	0xa81950	0xb9b10
job-item-description	0xa81962	0x14a8ce0
job-item-description	0xa819e3	0x14cc890
job-item-description	0xa81a00	0x6f9a0
job-item-description	0xa81a0a	0xb9b10
job-item-description	0xa81a53	0x14cc890
job-item-description	0xa81a70	0x6f9a0
job-item-description	0xa81a7a	0xb9b10
job-item-description	0xa81ac3	0x14cc890
job-item-description	0xa81ae0	0x6f9a0
job-item-description	0xa81aea	0xb9b10
job-item-description	0xa81b33	0x14cc890
job-item-description	0xa81b50	0x6f9a0
job-item-description	0xa81b5a	0xb9b10
job-item-description	0xa81b7b	0x6f4f0
job-item-description	0xa81bcc	0x14cc890
job-item-description	0xa81be9	0x6f9a0
job-item-description	0xa81bf3	0xb9b10
job-item-description	0xa81c05	0x14a8ce0
job-item-description	0xa81c4b	0x6f4f0
job-item-description	0xa81c62	0x14a8ce0
job-item-description	0xa81c96	0x6f4f0
job-item-description	0xa81cb3	0x1456e50
job-item-description	0xa81cc6	0x6f4f0
job-item-description	0xa81cd7	0x6f4f0
job-item-description	0xa81d13	0x14cc890
job-item-description	0xa81d30	0x6f9a0
job-item-description	0xa81d3a	0xb9b10
job-item-description	0xa81d4f	0x6f9a0
job-item-description	0xa81e1d	0x14cc890
job-item-description	0xa81e3a	0x6f9a0
job-item-description	0xa81e44	0xb9b10
job-item-description	0xa81e59	0x6f9a0
job-item-description	0xa81e7c	0x6f4f0
job-item-description	0xa81ea8	0x14cc890
job-item-description	0xa81ec5	0x6f9a0
job-item-description	0xa81f19	0x14cc890
job-item-description	0xa81f36	0x6f9a0
job-item-description	0xa81f48	0x6f9a0
job-item-description	0xa81f72	0x6f9a0
job-item-description	0xa81fae	0x14cc890
job-item-description	0xa81fcb	0x6f9a0
job-item-description	0xa81fd5	0xb9b10
job-item-description	0xa82008	0x6f9a0
job-item-description	0xa8202d	0x6f4f0
job-item-description	0xa82070	0x6f9a0
job-item-description	0xa821ae	0x1456eb0
job-item-description	0xa82255	0x6f9a0
job-item-description	0xa8226e	0x6f9a0
job-item-description	0xa8228d	0x6f9a0
job-item-description	0xa822a9	0x6f9a0
job-item-description	0xa822c2	0x6f9a0
job-item-description	0xa822de	0x6f9a0
job-item-description	0xa822fa	0x6f9a0
job-item-description	0xa82313	0x6f9a0
job-item-description	0xa8232c	0x6f9a0
job-item-description	0xa82345	0x6f9a0
job-item-description	0xa82384	0x6f4f0
job-item-description	0xa8248d	0x6f620
job-item-description	0xa824a6	0xaa0c50
job-item-description	0xa824b7	0x6f530
job-item-description	0xa824c8	0x6f4f0
job-item-description	0xa824d5	0x6f7e0
job-item-description	0xa8251b	0x6f4f0
job-item-description	0xa825d3	0x14cc890
job-item-description	0xa825f0	0x6f9a0
job-item-description	0xa826f2	0x1456eb0
job-item-description	0xa8271c	0x6f4f0
job-item-description	0xa8272b	0x6f620
job-item-description	0xa8276b	0x14cc890
job-item-description	0xa8277a	0xb9ca0
job-item-description	0xa827a0	0x6f4f0
job-item-description	0xa827b0	0x6f7e0
job-item-description	0xa82805	0x6f9a0
job-item-description	0xa82893	0xb9ca0
job-item-description	0xa828a2	0x6f4f0
job-item-description	0xa828c6	0x6f4f0
job-item-description	0xa828f3	0x14cc890
job-item-description	0xa82900	0xb9ca0
job-item-description	0xa82920	0x6f4f0
job-item-description	0xa82942	0x6f4f0
job-item-description	0xa8298e	0x14cc890
job-item-description	0xa829ab	0x6f9a0
job-item-description	0xa829b5	0xb9b10
job-item-description	0xa829ca	0x6f9a0
job-item-description	0xa82a06	0x14cc890
job-item-description	0xa82a23	0x6f9a0
job-item-description	0xa82a2d	0xb9b10
job-item-description	0xa82a42	0x6f9a0
job-item-description	0xa82a7e	0x14cc890
job-item-description	0xa82a9b	0x6f9a0
job-item-description	0xa82aa5	0xb9b10
job-item-description	0xa82aba	0x6f9a0
job-item-description	0xa82af6	0x14cc890
job-item-description	0xa82b13	0x6f9a0
job-item-description	0xa82b1d	0xb9b10
job-item-description	0xa82b2f	0x14a8ce0
job-item-description	0xa82b69	0x6f9a0
job-item-description	0xa82b83	0x6f9a0
job-item-description	0xa82bf5	0x14cc890
job-item-description	0xa82c02	0xb9ca0
job-item-description	0xa82c0c	0xb9b10
job-item-description	0xa82c43	0xb9ca0
job-item-description	0xa82c52	0x6f4f0
job-item-description	0xa82c8c	0x14cc890
job-item-description	0xa82c99	0xb9ca0
job-item-description	0xa82ca3	0xb9b10
job-item-description	0xa82cbc	0xb9ca0
job-item-description	0xa82cf8	0x14cc890
job-item-description	0xa82d15	0x6f9a0
job-item-description	0xa82d1f	0xb9b10
job-item-description	0xa82d34	0x6f9a0
job-item-description	0xa82d70	0x14cc890
job-item-description	0xa82d8d	0x6f9a0
job-item-description	0xa82d97	0xb9b10
job-item-description	0xa82de0	0x14cc890
job-item-description	0xa82dfd	0x6f9a0
job-item-description	0xa82e07	0xb9b10
job-item-description	0xa82e50	0x14cc890
job-item-description	0xa82e6d	0x6f9a0
job-item-description	0xa82e77	0xb9b10
job-item-description	0xa82ec0	0x14cc890
job-item-description	0xa82edd	0x6f9a0
job-item-description	0xa82ee7	0xb9b10
job-item-description	0xa82f33	0x6f9a0
job-item-description	0xa82f60	0xb9ca0
job-item-description	0xa82fdc	0x14cc890
job-item-description	0xa82ff9	0x6f9a0
job-item-description	0xa83003	0xb9b10
job-item-description	0xa83021	0xb9ca0
job-item-description	0xa83056	0xb9ca0
job-item-description	0xa83060	0xb9b10
job-item-description	0xa8307d	0x6f9a0
job-item-description	0xa830b9	0x14cc890
job-item-description	0xa830d6	0x6f9a0
job-item-description	0xa830e0	0xb9b10
job-item-description	0xa83129	0x14cc890
job-item-description	0xa83146	0x6f9a0
job-item-description	0xa83150	0xb9b10
job-item-description	0xa83199	0x14cc890
job-item-description	0xa831b6	0x6f9a0
job-item-description	0xa831c0	0xb9b10
job-item-description	0xa831fa	0x6f9a0
job-item-description	0xa832ae	0x14dce30
job-item-description	0xa832cc	0x6f9a0
job-item-description	0xa832e5	0x6f4f0
job-item-description	0xa832fb	0x6f4f0
job-item-description	0xa83311	0x6f4f0
job-item-description	0xa8332d	0x6f4f0
job-item-description	0xa83341	0xb9b10
job-item-description	0xa83354	0x6f620
job-item-description	0xa8337d	0x14cc700
job-item-description	0xa83389	0xb9ca0
job-item-description	0xa8339c	0x6f620
job-item-description	0xa833c7	0x14cc890
job-item-description	0xa833d6	0xb9ca0
job-item-description	0xa833e5	0x6f4f0
job-item-description	0xa833f5	0xb9b10
job-item-description	0xa83402	0x6f7e0
job-item-description	0xa8343e	0x15345f0
job-item-description	0xa8348a	0x14cc890
job-item-description	0xa834a7	0x6f9a0
job-item-description	0xa834b1	0xb9b10
job-item-description	0xa834f4	0x14cc890
job-item-description	0xa83511	0x6f9a0
job-item-description	0xa8351b	0xb9b10
job-item-description	0xa83564	0x14cc890
job-item-description	0xa83581	0x6f9a0
job-item-description	0xa8358b	0xb9b10
job-item-description	0xa835d4	0x14cc890
job-item-description	0xa835f1	0x6f9a0
job-item-description	0xa835fb	0xb9b10
job-item-description	0xa83644	0x14cc890
job-item-description	0xa83661	0x6f9a0
job-item-description	0xa8366b	0xb9b10
job-item-description	0xa836b4	0x14cc890
job-item-description	0xa836d1	0x6f9a0
job-item-description	0xa836db	0xb9b10
job-item-description	0xa83724	0x14cc890
job-item-description	0xa83741	0x6f9a0
job-item-description	0xa8374b	0xb9b10
job-item-description	0xa83794	0x14cc890
job-item-description	0xa837b1	0x6f9a0
job-item-description	0xa837bb	0xb9b10
job-item-description	0xa83804	0x14cc890
job-item-description	0xa83821	0x6f9a0
job-item-description	0xa8382b	0xb9b10
job-item-description	0xa838dc	0x6f4f0
job-item-description	0xa838f0	0x6f4f0
job-item-description	0xa83904	0x6f4f0
job-item-description	0xa83918	0x6f4f0
job-item-description	0xa8392c	0x6f4f0
job-item-description	0xa83940	0x6f4f0
job-item-description	0xa83954	0x6f4f0
job-item-description	0xa83968	0x6f4f0
job-item-description	0xa8397c	0x6f4f0
job-item-description	0xa83990	0x6f4f0
job-item-description	0xa839a4	0x6f4f0
job-item-description	0xa839b8	0x6f4f0
job-item-description	0xa839cc	0x6f4f0
job-item-description	0xa839e0	0x6f4f0
job-item-description	0xa839f4	0x6f4f0
job-item-description	0xa83a08	0x6f4f0
job-item-description	0xa83a1c	0x6f4f0
job-item-description	0xa83a30	0x6f4f0
job-item-description	0xa83a44	0x6f4f0
job-item-description	0xa83a58	0x6f4f0
job-item-description	0xa83a6c	0x6f4f0
job-item-description	0xa83a9e	0x6f9a0
job-item-description	0xa83ad1	0x6f9a0
job-item-description	0xa83af2	0x6f4f0
job-item-description	0xa83b03	0x6f4f0
job-item-description	0xa83b1b	0x6f4f0
job-item-description	0xa83b33	0x6f4f0
job-item-description	0xa83b4b	0x6f4f0
job-item-description	0xa83b63	0x6f4f0
job-item-description	0xa83b7b	0x6f4f0
job-item-description	0xa83b93	0x6f4f0
job-item-description	0xa83bad	0x6f4f0
job-item-description	0xa83bc7	0x6f4f0
job-item-description	0xa83be1	0x6f4f0
job-item-description	0xa83bfb	0x6f4f0
job-item-description	0xa83c1c	0x6f4f0
job-item-description	0xa83c45	0x6f9a0
job-item-description	0xa83cb6	0x6f860
job-item-description	0xa83cd3	0x6f9a0
job-item-description	0xa83cdd	0xb9b10
job-item-description	0xa83d2c	0x144e30
job-item-description	0xa83d46	0x6f9a0
job-item-description	0xa83d85	0x15345f0
job-item-description	0xa83dac	0x6f9a0
job-item-description	0xa83dda	0xa61de0
job-item-description	0xa83de7	0xb9ca0
job-item-description	0xa83e0b	0x6f4f0
job-item-description	0xa83e37	0x14cc890
job-item-description	0xa83e54	0x6f9a0
job-item-description	0xa83e7c	0x6f9a0
job-item-description	0xa83eb6	0xa61e30
job-item-description	0xa83ec3	0xb9ca0
job-item-description	0xa83eed	0x6f4f0
job-item-description	0xa83efe	0x6f4f0
job-item-description	0xa83f34	0x6f9a0
job-item-description	0xa83f60	0x144d20
job-item-description	0xa83f6d	0xb9ca0
job-item-description	0xa83f87	0x6f9a0
job-item-description	0xa83fa0	0x6f4f0
job-item-description	0xa83fc6	0x6f9a0
job-item-description	0xa83fde	0x6f9a0
job-item-description	0xa8407c	0x6f860
job-item-description	0xa840cf	0x6f860
job-item-description	0xa840ec	0x6f9a0
job-item-description	0xa8415f	0x6f4f0
job-item-description	0xa84175	0x6f4f0
job-item-description	0xa8418e	0x6f9a0
job-item-description	0xa841b4	0x6f9a0
job-item-description	0xa84256	0x6f860
job-item-description	0xa842a9	0x6f860
job-item-description	0xa842c6	0x6f9a0
job-item-description	0xa842db	0x6f9a0
job-item-description	0xa842f0	0x6f9a0
job-item-description	0xa84316	0x6f9a0
job-item-description	0xa843b4	0x6f860
job-item-description	0xa843dc	0x256720
job-item-description	0xa843e9	0xb9ca0
job-item-description	0xa843fc	0xf2610
job-item-description	0xa84415	0x6f4f0
job-item-description	0xa8442f	0x6f4f0
job-item-description	0xa8444a	0xaa0c50
job-item-description	0xa84457	0xb9ca0
job-item-description	0xa84468	0x6f4f0
job-item-description	0xa8448b	0x6f4f0
job-item-description	0xa844bf	0x6f4f0
job-item-description	0xa844d4	0x6f4f0
job-item-description	0xa844f9	0x14a8ce0
job-item-description	0xa8451e	0xb9ca0
job-item-description	0xa84528	0xb9b10
job-item-description	0xa84533	0x6ff7d0
job-item-description	0xa8454e	0xaa0c50
job-item-description	0xa8455b	0xb9ca0
job-item-description	0xa84565	0xb9b10
job-item-description	0xa8457e	0xb9ca0
job-item-description	0xa84593	0x6f4f0
job-item-description	0xa845a4	0x6f4f0
job-item-description	0xa845bb	0xb9ca0
job-item-description	0xa845cc	0xb9ca0
job-item-description	0xa845e0	0x6f4f0
job-item-description	0xa845fa	0x6f9a0
job-item-description	0xa84666	0x14cc890
job-item-description	0xa84673	0xb9ca0
job-item-description	0xa8467d	0xb9b10
job-item-description	0xa8468c	0x6f4f0
job-item-description	0xa846b6	0xb9ca0
job-item-description	0xa846c5	0x6f4f0
job-item-description	0xa846ff	0x14cc890
job-item-description	0xa8470c	0xb9ca0
job-item-description	0xa84716	0xb9b10
job-item-description	0xa84733	0xb9ca0
job-item-description	0xa84749	0xb9ca0
job-item-description	0xa84753	0xb9b10
job-item-description	0xa847c5	0x14cc890
job-item-description	0xa847d2	0xb9ca0
job-item-description	0xa847dc	0xb9b10
job-item-description	0xa847f1	0x6f4f0
job-item-description	0xa84800	0x6f4f0
job-item-description	0xa84834	0xb9ca0
job-item-description	0xa8483e	0xb9b10
job-item-description	0xa84857	0xb9ca0
job-item-description	0xa84866	0x6f4f0
job-item-description	0xa848b1	0x14cc890
job-item-description	0xa848be	0xb9ca0
job-item-description	0xa848c8	0xb9b10
job-item-description	0xa848e0	0x1456e50
job-item-description	0xa848f9	0x71f20
job-item-description	0xa84910	0x6f4f0
job-item-description	0xa84926	0xb9ca0
job-item-description	0xa84930	0xb9b10
job-item-description	0xa849ad	0x14cc890
job-item-description	0xa849ca	0x6f9a0
job-item-description	0xa849d4	0xb9b10
job-item-description	0xa849e9	0x72670
job-item-description	0xa84a0c	0x71f20
job-item-description	0xa84a1f	0x6f4f0
job-item-description	0xa84a2c	0x71f20
job-item-description	0xa84a3f	0x6f4f0
job-item-description	0xa84a60	0x1456e50
job-item-description	0xa84a75	0x71f20
job-item-description	0xa84a88	0x6f4f0
job-item-description	0xa84aa5	0xb9ca0
job-item-description	0xa84ada	0xb9ca0
job-item-description	0xa84ae9	0x6f4f0
job-item-description	0xa84afd	0x6f4f0
job-item-description	0xa84b7b	0x14cc890
job-item-description	0xa84b88	0xb9ca0
job-item-description	0xa84b92	0xb9b10
job-item-description	0xa84ba1	0x6f4f0
job-item-description	0xa84bb1	0xb9b10
job-item-description	0xa84bc0	0x6f4f0
job-item-description	0xa84bd1	0x6f4f0
job-item-description	0xa84be7	0xb9ca0
job-item-description	0xa84bf1	0xb9b10
job-item-description	0xa84c6d	0x14cc890
job-item-description	0xa84c8a	0x6f9a0
job-item-description	0xa84c94	0xb9b10
job-item-description	0xa84caf	0x14a8ce0
job-item-description	0xa84d02	0xb9ca0
job-item-description	0xa84d11	0x6f4f0
job-item-description	0xa84d41	0x6f9a0
job-item-description	0xa84d64	0x6f9a0
job-item-description	0xa84d6e	0xb9b10
job-item-description	0xa84ded	0x14cc890
job-item-description	0xa84e0a	0x6f9a0
job-item-description	0xa84e14	0xb9b10
job-item-description	0xa84e32	0x6f9a0
job-item-description	0xa84e67	0xb9ca0
job-item-description	0xa84e76	0x6f4f0
job-item-description	0xa84ec2	0xb9ca0
job-item-description	0xa84ecc	0xb9b10
job-item-description	0xa84f06	0x14cc890
job-item-description	0xa84f13	0xb9ca0
job-item-description	0xa84f1d	0xb9b10
job-item-description	0xa84f32	0x6f9a0
job-item-description	0xa84f65	0xb9ca0
job-item-description	0xa84f6f	0xb9b10
job-item-description	0xa84f84	0xb9ca0
job-item-description	0xa84f8e	0xb9b10
job-item-description	0xa84fa7	0xb9ca0
job-item-description	0xa84fb6	0x6f4f0
job-item-description	0xa85001	0x14cc890
job-item-description	0xa8500e	0xb9ca0
job-item-description	0xa85018	0xb9b10
job-item-description	0xa8502a	0x14a8ce0
job-item-description	0xa8509a	0x14cc890
job-item-description	0xa850b7	0x6f9a0
job-item-description	0xa850c1	0xb9b10
job-item-description	0xa850d6	0x6f9a0
job-item-description	0xa850e6	0xb9b10
job-item-description	0xa85101	0x6f9a0
job-item-description	0xa8510c	0x529cf0
job-item-description	0xa85121	0x6f9a0
job-item-description	0xa8512c	0x6f7e0
job-item-description	0xa85136	0x6f7e0
job-item-description	0xa85145	0x15345d0
material-name	0x14cc901	0x6f9a0
material-name	0x14cc923	0x6f9a0
material-name	0x14cc94b	0x6f9a0
material-name	0x14cc96b	0x6f9a0
material-name	0x14cc98b	0x6f9a0
material-name	0x14cc9ab	0x6f9a0
material-name	0x14cc9cb	0x6f9a0
material-name	0x14cc9ed	0x6f9a0
material-name	0x14cca0f	0x6f9a0
material-name	0x14cca31	0x6f9a0
material-name	0x14cca53	0x6f9a0
material-name	0x14cca8d	0x6f9a0
material-name	0x14ccb75	0x72500
material-name	0x14ccb82	0xc37530
material-name	0x14ccba6	0xa91760
material-name	0x14ccbca	0x6f9a0
material-name	0x14ccbdf	0x6f9a0
material-name	0x14ccc20	0x15345f0
material-name	0x14ccc2f	0x14a8ce0
material-name	0x14ccc5e	0x6f9a0
material-name	0x14ccc73	0x6f9a0
material-name	0x14cccab	0x6f9a0
material-name	0x14cccc4	0x6f9a0
material-name	0x14cccd3	0x15345d0
material-lookup	0x14a8df8	0x6ff890
material-uncapitalized-name	0x14cc687	0x14a8ce0
material-uncapitalized-name	0x14cc6b2	0x6f860
material-uncapitalized-name	0x14cc6d5	0x14cc890
material-capitalized-name	0x14cc72d	0x14a8ce0
material-capitalized-name	0x14cc77f	0x1535d84
material-capitalized-name	0x14cc7a6	0x6f860
material-capitalized-name	0x14cc7cc	0x1535d84
material-capitalized-name	0x14cc7e1	0x722450
material-capitalized-name	0x14cc7ec	0x1f9b60
material-capitalized-name	0x14cc7f6	0x6f7e0
material-capitalized-name	0x14cc817	0x6f860
material-capitalized-name	0x14cc83f	0x6f860
material-capitalized-name	0x14cc862	0x14cc890
material-capitalized-name	0x14cc871	0x15345d0
