edition	branch	enum	selector_rva	target_rva
reference	possessed-material	0	0x19fab8	0x182f62
reference	possessed-material	1	0x19fab9	0x182fa5
reference	possessed-material	2	0x19faba	0x182fe8
reference	possessed-material	3	0x19fabb	0x182ddf
reference	possessed-material	4	0x19fabc	0x182f1f
reference	possessed-material	5	0x19fabd	0x182d9c
reference	possessed-material	6	0x19fabe	0x1830a6
reference	possessed-material	7	0x19fabf	0x1830a6
reference	possessed-material	8	0x19fac0	0x1830a6
reference	possessed-material	9	0x19fac1	0x1830a6
reference	possessed-material	10	0x19fac2	0x1830a6
reference	possessed-material	11	0x19fac3	0x1830a6
reference	possessed-material	12	0x19fac4	0x1830a6
reference	possessed-material	13	0x19fac5	0x1830a6
reference	possessed-material	14	0x19fac6	0x1830a6
reference	possessed-material	15	0x19fac7	0x1830a6
reference	possessed-material	16	0x19fac8	0x1830a6
reference	possessed-material	17	0x19fac9	0x1830a6
reference	possessed-material	18	0x19faca	0x1830a6
reference	possessed-material	19	0x19facb	0x1830a6
reference	possessed-material	20	0x19facc	0x1830a6
reference	possessed-material	21	0x19facd	0x1830a6
reference	possessed-material	22	0x19face	0x1830a6
reference	possessed-material	23	0x19facf	0x1830a6
reference	possessed-material	24	0x19fad0	0x1830a6
reference	possessed-material	25	0x19fad1	0x1830a6
reference	possessed-material	26	0x19fad2	0x1830a6
reference	possessed-material	27	0x19fad3	0x1830a6
reference	possessed-material	28	0x19fad4	0x1830a6
reference	possessed-material	29	0x19fad5	0x1830a6
reference	possessed-material	30	0x19fad6	0x1830a6
reference	possessed-material	31	0x19fad7	0x1830a6
reference	possessed-material	32	0x19fad8	0x1830a6
reference	possessed-material	33	0x19fad9	0x1830a6
reference	possessed-material	34	0x19fada	0x1830a6
reference	possessed-material	35	0x19fadb	0x1830a6
reference	possessed-material	36	0x19fadc	0x1830a6
reference	possessed-material	37	0x19fadd	0x1830a6
reference	possessed-material	38	0x19fade	0x1830a6
reference	possessed-material	39	0x19fadf	0x1830a6
reference	possessed-material	40	0x19fae0	0x1830a6
reference	possessed-material	41	0x19fae1	0x1830a6
reference	possessed-material	42	0x19fae2	0x1830a6
reference	possessed-material	43	0x19fae3	0x1830a6
reference	possessed-material	44	0x19fae4	0x1830a6
reference	possessed-material	45	0x19fae5	0x1830a6
reference	possessed-material	46	0x19fae6	0x1830a6
reference	possessed-material	47	0x19fae7	0x1830a6
reference	possessed-material	48	0x19fae8	0x1830a6
reference	possessed-material	49	0x19fae9	0x1830a6
reference	possessed-material	50	0x19faea	0x1830a6
reference	possessed-material	51	0x19faeb	0x1830a6
reference	possessed-material	52	0x19faec	0x1830a6
reference	possessed-material	53	0x19faed	0x1830a6
reference	possessed-material	54	0x19faee	0x1830a6
reference	possessed-material	55	0x19faef	0x183028
reference	possessed-material	56	0x19faf0	0x1830a6
reference	possessed-material	57	0x19faf1	0x1830a6
reference	possessed-material	58	0x19faf2	0x183068
reference	secretive-picture	0	0x19fb18	0x183490
reference	secretive-picture	1	0x19fb19	0x18353c
reference	secretive-picture	2	0x19fb1a	0x18357f
reference	secretive-picture	3	0x19fb1b	0x18330d
reference	secretive-picture	4	0x19fb1c	0x18344d
reference	secretive-picture	5	0x19fb1d	0x1832ca
reference	secretive-picture	6	0x19fb1e	0x18363d
reference	secretive-picture	7	0x19fb1f	0x18363d
reference	secretive-picture	8	0x19fb20	0x18363d
reference	secretive-picture	9	0x19fb21	0x18363d
reference	secretive-picture	10	0x19fb22	0x18363d
reference	secretive-picture	11	0x19fb23	0x18363d
reference	secretive-picture	12	0x19fb24	0x18363d
reference	secretive-picture	13	0x19fb25	0x18363d
reference	secretive-picture	14	0x19fb26	0x18363d
reference	secretive-picture	15	0x19fb27	0x18363d
reference	secretive-picture	16	0x19fb28	0x18363d
reference	secretive-picture	17	0x19fb29	0x18363d
reference	secretive-picture	18	0x19fb2a	0x18363d
reference	secretive-picture	19	0x19fb2b	0x18363d
reference	secretive-picture	20	0x19fb2c	0x18363d
reference	secretive-picture	21	0x19fb2d	0x18363d
reference	secretive-picture	22	0x19fb2e	0x18363d
reference	secretive-picture	23	0x19fb2f	0x18363d
reference	secretive-picture	24	0x19fb30	0x18363d
reference	secretive-picture	25	0x19fb31	0x18363d
reference	secretive-picture	26	0x19fb32	0x18363d
reference	secretive-picture	27	0x19fb33	0x18363d
reference	secretive-picture	28	0x19fb34	0x18363d
reference	secretive-picture	29	0x19fb35	0x18363d
reference	secretive-picture	30	0x19fb36	0x18363d
reference	secretive-picture	31	0x19fb37	0x18363d
reference	secretive-picture	32	0x19fb38	0x18363d
reference	secretive-picture	33	0x19fb39	0x18363d
reference	secretive-picture	34	0x19fb3a	0x18363d
reference	secretive-picture	35	0x19fb3b	0x18363d
reference	secretive-picture	36	0x19fb3c	0x18363d
reference	secretive-picture	37	0x19fb3d	0x18363d
reference	secretive-picture	38	0x19fb3e	0x18363d
reference	secretive-picture	39	0x19fb3f	0x18363d
reference	secretive-picture	40	0x19fb40	0x18363d
reference	secretive-picture	41	0x19fb41	0x18363d
reference	secretive-picture	42	0x19fb42	0x18363d
reference	secretive-picture	43	0x19fb43	0x18363d
reference	secretive-picture	44	0x19fb44	0x18363d
reference	secretive-picture	45	0x19fb45	0x18363d
reference	secretive-picture	46	0x19fb46	0x18363d
reference	secretive-picture	47	0x19fb47	0x18363d
reference	secretive-picture	48	0x19fb48	0x18363d
reference	secretive-picture	49	0x19fb49	0x18363d
reference	secretive-picture	50	0x19fb4a	0x18363d
reference	secretive-picture	51	0x19fb4b	0x18363d
reference	secretive-picture	52	0x19fb4c	0x18363d
reference	secretive-picture	53	0x19fb4d	0x18363d
reference	secretive-picture	54	0x19fb4e	0x18363d
reference	secretive-picture	55	0x19fb4f	0x1835bf
reference	secretive-picture	56	0x19fb50	0x18363d
reference	secretive-picture	57	0x19fb51	0x18363d
reference	secretive-picture	58	0x19fb52	0x1835ff
reference	working	0	unit+0x360	0x181f99
reference	working	1	unit+0x360	0x182117
reference	working	2	unit+0x360	0x182007
reference	working	3	unit+0x360	0x182185
reference	working	4	unit+0x360	0x1821f0
reference	waiting	0	unit+0x360	0x182972
reference	waiting	1	unit+0x360	0x1830e9
reference	waiting	2	unit+0x360	0x182b19
reference	waiting	3	unit+0x360	0x1826be
reference	waiting	4	unit+0x360	0x18367b
reference	job-item/item-type	0	0xa880e0	0xa83249
reference	job-item/item-type	1	0xa880e4	0xa833de
reference	job-item/item-type	2	0xa880e8	0xa835c5
reference	job-item/item-type	3	0xa880ec	0xa82f11
reference	job-item/item-type	4	0xa880f0	0xa83172
reference	job-item/item-type	5	0xa880f4	0xa82de5
reference	job-item/item-type	6	0xa880f8	0xa83680
reference	job-item/item-type	7	0xa880fc	0xa83736
reference	job-item/item-type	8	0xa88100	0xa86522
reference	job-item/item-type	9	0xa88104	0xa84a81
reference	job-item/item-type	10	0xa88108	0xa840cb
reference	job-item/item-type	11	0xa8810c	0xa841f4
reference	job-item/item-type	12	0xa88110	0xa84736
reference	job-item/item-type	13	0xa88114	0xa8435c
reference	job-item/item-type	14	0xa88118	0xa84669
reference	job-item/item-type	15	0xa8811c	0xa84807
reference	job-item/item-type	16	0xa88120	0xa84877
reference	job-item/item-type	17	0xa88124	0xa84931
reference	job-item/item-type	18	0xa88128	0xa849a1
reference	job-item/item-type	19	0xa8812c	0xa84a11
reference	job-item/item-type	20	0xa88130	0xa83886
reference	job-item/item-type	21	0xa88134	0xa83fc7
reference	job-item/item-type	22	0xa88138	0xa866e2
reference	job-item/item-type	23	0xa8813c	0xa86a02
reference	job-item/item-type	24	0xa88140	0xa87584
reference	job-item/item-type	25	0xa88144	0xa876bd
reference	job-item/item-type	26	0xa88148	0xa87b5b
reference	job-item/item-type	27	0xa8814c	0xa87a87
reference	job-item/item-type	28	0xa88150	0xa87ccb
reference	job-item/item-type	29	0xa88154	0xa8789a
reference	job-item/item-type	30	0xa88158	0xa83ab6
reference	job-item/item-type	31	0xa8815c	0xa83c00
reference	job-item/item-type	32	0xa88160	0xa83a46
reference	job-item/item-type	33	0xa88164	0xa839d6
reference	job-item/item-type	34	0xa88168	0xa83966
reference	job-item/item-type	35	0xa8816c	0xa838f6
reference	job-item/item-type	36	0xa88170	0xa84efc
reference	job-item/item-type	37	0xa88174	0xa85d2e
reference	job-item/item-type	38	0xa88178	0xa86007
reference	job-item/item-type	39	0xa8817c	0xa85eea
reference	job-item/item-type	40	0xa88180	0xa86077
reference	job-item/item-type	41	0xa88184	0xa863d8
reference	job-item/item-type	42	0xa88188	0xa86442
reference	job-item/item-type	43	0xa8818c	0xa864b2
reference	job-item/item-type	44	0xa88190	0xa86151
reference	job-item/item-type	45	0xa88194	0xa85cbe
reference	job-item/item-type	46	0xa88198	0xa86a35
reference	job-item/item-type	47	0xa8819c	0xa86ba6
reference	job-item/item-type	48	0xa881a0	0xa87427
reference	job-item/item-type	49	0xa881a4	0xa8727a
reference	job-item/item-type	50	0xa881a8	0xa86f2a
reference	job-item/item-type	51	0xa881ac	0xa8739f
reference	job-item/item-type	52	0xa881b0	0xa873f2
reference	job-item/item-type	53	0xa881b4	0xa86d36
reference	job-item/item-type	54	0xa881b8	0xa86e98
reference	job-item/item-type	55	0xa881bc	0xa84de3
reference	job-item/item-type	56	0xa881c0	0xa86de0
reference	job-item/item-type	57	0xa881c4	0xa84b17
reference	job-item/item-type	58	0xa881c8	0xa84c61
reference	job-item/item-type	59	0xa881cc	0xa84e4f
reference	job-item/item-type	60	0xa881d0	0xa87e00
reference	job-item/item-type	61	0xa881d4	0xa83c70
reference	job-item/item-type	62	0xa881d8	0xa83f2c
reference	job-item/item-type	63	0xa881dc	0xa858dc
reference	job-item/item-type	64	0xa881e0	0xa85c46
reference	job-item/item-type	65	0xa881e4	0xa85e0e
reference	job-item/item-type	66	0xa881e8	0xa85d9e
reference	job-item/item-type	67	0xa881ec	0xa859cc
reference	job-item/item-type	68	0xa881f0	0xa85b0d
reference	job-item/item-type	69	0xa881f4	0xa84f6c
reference	job-item/item-type	70	0xa881f8	0xa85769
reference	job-item/item-type	71	0xa881fc	0xa8588a
reference	job-item/item-type	72	0xa88200	0xa87415
reference	job-item/item-type	73	0xa88204	0xa84fc7
reference	job-item/item-type	74	0xa88208	0xa860e7
reference	job-item/item-type	75	0xa8820c	0xa84fc7
reference	job-item/item-type	76	0xa88210	0xa82fee
reference	job-item/item-type	77	0xa88214	0xa85a44
reference	job-item/item-type	78	0xa88218	0xa837a6
reference	job-item/item-type	79	0xa8821c	0xa83816
reference	job-item/item-type	80	0xa88220	0xa86602
reference	job-item/item-type	81	0xa88224	0xa86672
reference	job-item/item-type	82	0xa88228	0xa83e52
reference	job-item/item-type	83	0xa8822c	0xa83ec2
reference	job-item/item-type	84	0xa88230	0xa86592
reference	job-item/item-type	85	0xa88234	0xa83d0b
reference	job-item/item-type	86	0xa88238	0xa84432
reference	job-item/item-type	87	0xa8823c	0xa86752
reference	job-item/item-type	88	0xa88240	0xa87118
reference	job-item/item-type	89	0xa88244	0xa84e61
reference	job-item/item-type	90	0xa88248	0xa84cd9
reference	job-item/item-type	91	0xa8824c	0xa82e7a
reference	job-item/item-type	92	0xa88250	0xa85954
reference	job-item/selector-a85140	0	0xa88254	0xa85155
reference	job-item/selector-a85140	1	0xa88258	0xa85162
reference	job-item/selector-a85140	2	0xa8825c	0xa8516f
reference	job-item/selector-a85140	3	0xa88260	0xa8530e
reference	job-item/selector-a85140	4	0xa88264	0xa8531e
reference	job-item/selector-a85140	5	0xa88268	0xa8532e
reference	job-item/selector-a85140	6	0xa8826c	0xa8533e
reference	job-item/selector-a85140	7	0xa88270	0xa8534e
reference	job-item/selector-a85680	0	0xa88274	0xa85735
reference	job-item/selector-a85680	1	0xa88278	0xa85735
reference	job-item/selector-a85680	2	0xa8827c	0xa85735
reference	job-item/selector-a85680	3	0xa88280	0xa85735
reference	job-item/selector-a85680	4	0xa88284	0xa85735
reference	job-item/selector-a85680	5	0xa88288	0xa85735
reference	job-item/selector-a85680	6	0xa8828c	0xa85735
reference	job-item/selector-a85680	7	0xa88290	0xa85735
reference	job-item/selector-a86846	0	0xa88294	0xa86852
reference	job-item/selector-a86846	1	0xa88298	0xa869e2
reference	job-item/selector-a86846	2	0xa8829c	0xa869e2
reference	job-item/selector-a86846	3	0xa882a0	0xa869e2
reference	job-item/selector-a86846	4	0xa882a4	0xa869e2
reference	job-item/selector-a86846	5	0xa882a8	0xa869e2
reference	job-item/selector-a86846	6	0xa882ac	0xa869e2
reference	job-item/selector-a86846	7	0xa882b0	0xa86866
reference	job-item/selector-a86846	8	0xa882b4	0xa8687a
reference	job-item/selector-a86846	9	0xa882b8	0xa8688e
reference	job-item/selector-a86846	10	0xa882bc	0xa868a2
reference	job-item/selector-a86846	11	0xa882c0	0xa868b6
reference	job-item/selector-a86846	12	0xa882c4	0xa868ca
reference	job-item/selector-a86846	13	0xa882c8	0xa868de
reference	job-item/selector-a86846	14	0xa882cc	0xa868f2
reference	job-item/selector-a86846	15	0xa882d0	0xa86906
reference	job-item/selector-a86846	16	0xa882d4	0xa8691a
reference	job-item/selector-a86846	17	0xa882d8	0xa8692e
reference	job-item/selector-a86846	18	0xa882dc	0xa86942
reference	job-item/selector-a86846	19	0xa882e0	0xa86956
reference	job-item/selector-a86846	20	0xa882e4	0xa8696a
reference	job-item/selector-a86846	21	0xa882e8	0xa8697e
reference	job-item/selector-a86846	22	0xa882ec	0xa86992
reference	job-item/selector-a86846	23	0xa882f0	0xa869a6
reference	job-item/selector-a86846	24	0xa882f4	0xa869ba
reference	job-item/selector-a86846	25	0xa882f8	0xa869ce
reference	job-item/item-type	default	0xa82dcc	0xa87fe8
reference	job-item/selector-a85140	default	0xa8513a	0xa8535b
reference	job-item/selector-a85680	default	0xa8567e	0xa8568d
reference	job-item/selector-a86846	default	0xa86839	0xa869e2
