string_rva	text
0x48ac8	isValid
0x48ad0	coord
0x48adc	game
0x48ae4	world
0x48af0	window_x
0x48b00	window_y
0x48b10	window_z
0x48b20	/warmdig
0x48b30	/dampdig
0x48b3c	clear
0x48b78	registerWarmDampTile
0x48b90	registerWarmDampBox
0x48ba8	getWarmConfigKey
0x48bc0	getDampConfigKey
0x48bd8	setWarmPaintEnabled
0x48bf0	getWarmPaintEnabled
0x48c08	setDampPaintEnabled
0x48c20	getDampPaintEnabled
0x48c38	addTileWarmDig
0x48c48	addTileDampDig
0x48c58	getCurLevelDesignatedCount
0x48c78	toggleCurLevelWarmDig
0x48c90	toggleCurLevelDampDig
0x48ca8	paintScreenWarmDamp
0x48cc0	paintScreenDesignated
0x48cf0	Unknown exception
0x48d38	bad array new length
0x48d50	string too long
0x48de0	generic
0x48e20	system
0x48e28	unknown error
0x48e58	number is too big
0x48f10	invalid format string
0x48f28	argument not found
0x48f40	cannot switch from manual to automatic argument indexing
0x48f80	invalid fill character '{'
0x48f9c	data
0x48fc8	damp_dig_map.png
0x48fe0	Dig a whole vein.
0x48ff4	digv
0x49000	Dig a whole vein, following through z-levels.
0x49030	digvx
0x49038	Dig layerstone.
0x49048	digl
0x49050	Dig layerstone, following through z-levels.
0x4907c	diglx
0x49088	Select or designate an exploratory pattern.
0x490b4	digexp
0x490c0	Dig designate a circle (filled or hollow)
0x490f0	digcircle
0x49100	Dig all veins of a given type.
0x49120	digtype
0x49128	enabled
0x49130	disabled
0x49218	testing adjacent tile at ({},{},{}), mat:{}
0x499b0	({}, {}, {})
0x499c0	invalid format specifier
0x499e0	format specifier requires numeric argument
0x49ae0	This might take a while for huge layers...
0x49b10	Removing dig designation.
0x49d00	invalid box bounds
0x49d58	MINING_INDICATORS
0x49e78	width/precision is out of range
0x49e98	invalid precision
0x4a2b0	invalid unordered_map<K, T> key
0x4a2d8	unordered_map/set too long
0x4a2f8	vector too long
0x4a308	width/precision is not integer
0x4a428	invalid hash bucket count
0x4a448	invalid string position
0x4a460	cannot switch from automatic to manual argument indexing
0x4a4a0	deque<T> too long
0x4a4b8	0123456789ABCDEF
0x4a4d0	0123456789abcdef
0x4a4e4	invoke
0x4a5c0	53.16-r2
0x4a5cc	53.16
0x4a5d8	https://github.com/DFHack/dfhack/actions/runs/36605190931
0x4a618	53.16-r2-0-g02e77acf
0x4a630	02e77acf13049f5661a4da0aa3d876bf95b74903
0x4a660	63efa5f44c5fd00ded98a2034f5d6069fd94f7a4
0x4a690	bad allocation
0x4a6a0	invalid format specifier for char
0x4a6e0	00010203040506070809101112131415161718192021222324252627282930313233343536373839404142434445464748495051525354555657585960616263646566676869707172737475767778798081828384858687888990919293949596979899
0x4a7aa	00010203  0405060707080910  1112131414151617  18192021  222324  25262728  2930313232333435  3637383939404142  43444546  474849  50515253  5455565757585960  6162636464656667  68697071  727374  75767778  7980818282838485  8687888989909192  93949596  979899  
0x4aae8	bad cast
0x4aaf4	false
0x4aafc	true
0x4ab98	%s:%d: assertion failed: %s
0x4abb8	error 
0x4abc0	unmatched '}' in format string
0x4abe0	missing '}' in format string
0x4ac00	unknown format specifier
0x4ac1c	{}{}
0x4ac28	cannot write to file
0x4c931	A]DG
0x4d680	invalid utf8
0x4dc08	string pointer is null
0x4ddc0	GetTempPath2W
0x4f7f0	D:\a\dfhack\dfhack\build\plugins\dig.pdb
0x4f83c	.text$di
0x4f850	.text$mn
0x4f864	.text$mn$00
0x4f878	.text$x
0x4f888	.text$yd
0x4f89c	.idata$5
0x4f8b0	.00cfg
0x4f8c0	.CRT$XCA
0x4f8d4	.CRT$XCL
0x4f8e8	.CRT$XCU
0x4f8fc	.CRT$XCZ
0x4f910	.CRT$XIA
0x4f924	.CRT$XIZ
0x4f938	.CRT$XLA
0x4f94c	.CRT$XLZ
0x4f960	.CRT$XPA
0x4f974	.CRT$XPZ
0x4f988	.CRT$XTA
0x4f99c	.CRT$XTZ
0x4f9b0	.rdata
0x4f9c0	.rdata$CastGuardVftablesA
0x4f9e4	.rdata$CastGuardVftablesC
0x4fa08	.rdata$T
0x4fa1c	.rdata$r
0x4fa30	.rdata$voltmd
0x4fa48	.rdata$zzzdbg
0x4fa60	.rtc$IAA
0x4fa74	.rtc$IZZ
0x4fa88	.rtc$TAA
0x4fa9c	.rtc$TZZ
0x4fab0	.tls
0x4fac0	.tls$
0x4fad0	.tls$ZZZ
0x4fae4	.xdata
0x4faf4	.xdata$x
0x4fb08	.edata
0x4fb18	.idata$2
0x4fb2c	.idata$3
0x4fb40	.idata$4
0x4fb54	.idata$6
0x4fb68	.data
0x4fb78	.data$r
0x4fb88	.data$rs
0x4fb9c	.bss
0x4fbac	.pdata
0x4fbbc	.rsrc$01
0x4fbd0	.rsrc$02
0x52af4	4 `"B$J
0x52afc	H&`(B*J
0x52b04	:,`.B0J
0x52b0c	42n4B6J
0x52b14	B8`:B<J
0x52b1c	4>`@BBJ
0x52b24	:DnFBHJ
0x52b2c	4JnLBN
0x57b64	dig.plug.dll
0x57b71	plugin_abi_version
0x57b84	plugin_dev
0x57b8f	plugin_git_description
0x57ba6	plugin_globals
0x57bb5	plugin_init
0x57bc1	plugin_is_enabled
0x57bd3	plugin_load_site_data
0x57be9	plugin_lua_commands
0x57bfd	plugin_lua_functions
0x57c12	plugin_name
0x57c1e	plugin_onstatechange
0x57c33	plugin_onupdate
0x57c43	plugin_self
0x57c4f	plugin_version
0x58729	p?identity@?$identity_traits@F@df@@2V?$integer_identity@F@2@B
0x58769	g?flush_buffer@color_ostream@DFHack@@AEAAX_N@Z
0x58799	m?getInstance@Core@DFHack@@SAAEAV12@XZ
0x587c1	m?getHackPath@Core@DFHack@@QEAA?AVpath@filesystem@std@@XZ
0x587fd	v?isEnabled@DebugCategory@DFHack@@QEBA_NW4level@12@@Z
0x58835	H??_Dostream_proxy_prefix@DebugCategory@DFHack@@QEAAXXZ
0x5886f	n?getStream@DebugCategory@DFHack@@QEBA?AUostream_proxy_prefix@12@W4level@12@@Z
0x588bf	n?getStream@DebugCategory@DFHack@@QEBA?AUostream_proxy_prefix@12@W4level@12@AEAVcolor_ostream@2@@Z
0x58924	??0DebugRegisterBase@DFHack@@IEAA@PEAVDebugCategory@1@@Z
0x58960	?unregister@DebugRegisterBase@DFHack@@IEAAXPEAVDebugCategory@2@@Z
0x589a4	??0struct_identity@DFHack@@QEAA@_KP6APEAXPEAXPEBX@ZPEBVcompound_identity@1@PEBDPEBV01@PEBUstruct_field_info@1@@Z
0x58a18	??1struct_identity@DFHack@@UEAA@XZ
0x58a3c	=o?get_object_addr@LuaWrapper@DFHack@@YAPEAEPEAUlua_State@@HHPEBD@Z
0x58a82	?notify_deprecated@LuaWrapper@DFHack@@YAXPEAUlua_State@@V?$basic_string_view@DU?$char_traits@D@std@@@std@@1@Z
0x58af2	??0function_identity_base@DFHack@@QEAA@H_N@Z
0x58b22	??1function_identity_base@DFHack@@UEAA@XZ
0x58b4d	g?get@?$identity_traits@H@df@@SAPEBVinteger_identity_base@2@XZ
0x58b8d	m?get@?$identity_traits@_N@df@@SAPEBVbool_identity@2@XZ
0x58bc6	Hj?get@?$identity_traits@V?$basic_string@DU?$char_traits@D@std@@V?$allocator@D@2@@std@@@df@@SAPEBVstl_string_identity@2@XZ
0x58c44	??0cur_lua_ostream_argument@df@@QEAA@PEAUlua_State@@@Z
0x58c7d	L?CheckDFAssign@Lua@DFHack@@YAXPEAUlua_State@@PEBVtype_identity@2@PEAXH_N@Z
0x58ccb	n?getTickCount@Process@DFHack@@QEAAIXZ
0x58cf4	??0PluginCommand@DFHack@@QEAA@PEBD0P6A?AW4command_result@1@AEAVcolor_ostream@1@AEAV?$vector@V?$basic_string@DU?$char_traits@D@std@@V?$allocator@D@2@@std@@V?$allocator@V?$basic_string@DU?$char_traits@D@std@@V?$allocator@D@2@@std@@@2@@std@@@Z_N40@Z
0x58dee	??0PluginCommand@DFHack@@QEAA@PEBD0P6A?AW4command_result@1@AEAVcolor_ostream@1@AEAV?$vector@V?$basic_string@DU?$char_traits@D@std@@V?$allocator@D@2@@std@@V?$allocator@V?$basic_string@DU?$char_traits@D@std@@V?$allocator@D@2@@std@@@2@@std@@@ZP6A_NPEAUviewscreen@df@@@Z0@Z
0x58efe	??1PluginCommand@DFHack@@QEAA@XZ
0x58f22	??0PluginCommand@DFHack@@QEAA@AEBU01@@Z
0x58f4c	??0PluginCommand@DFHack@@QEAA@$$QEAU01@@Z
0x58f77	`?cursor_hotkey@Gui@DFHack@@YA_NPEAUviewscreen@df@@@Z
0x58fb0	?registerListener@EventManager@DFHack@@YAXW4EventType@312@UEventHandler@12@@Z
0x59000	?unregisterAll@EventManager@DFHack@@YAXPEAVPlugin@2@@Z
0x59039	Y?attrs@?$enum_traits@W4job_type@1enums@df@@@df@@SAAEBUattr_entry_type@12@W4job_type@4enums@2@@Z
0x5909a	|m?getDwarfmodeViewDims@Gui@DFHack@@YA?AUDwarfmodeDims@12@XZ
0x590d9	o?getViewCoords@Gui@DFHack@@YA_NAEAH00@Z
0x59102	gm?getCursorCoords@Gui@DFHack@@YA_NAEAH00@Z
0x5912f	Y?attrs@?$enum_traits@W4tiletype_shape@1enums@df@@@df@@SAAEBUattr_entry_type@12@W4tiletype_shape@4enums@2@@Z
0x5919d	Y?attrs@?$enum_traits@W4tiletype@1enums@df@@@df@@SAAEBUattr_entry_type@12@W4tiletype@4enums@2@@Z
0x591fe	$N?IsValid@Maps@DFHack@@YA_NXZ
0x5921f	n?getSize@Maps@DFHack@@YAXAEAI00@Z
0x59242	8w?isValidTilePos@Maps@DFHack@@YA_NHHH@Z
0x5926c	 w?isTileVisible@Maps@DFHack@@YA_NHHH@Z
0x59294	,m?getBlock@Maps@DFHack@@YAPEAUmap_block@df@@HHH@Z
0x592c9	n?getTileBlock@Maps@DFHack@@YAPEAUmap_block@df@@HHH@Z
0x59301	n?getTileType@Maps@DFHack@@YAPEAW4tiletype@3enums@df@@HHH@Z
0x5933f	n?getTileDesignation@Maps@DFHack@@YAPEATtile_designation@df@@HHH@Z
0x59383	n?getTileOccupancy@Maps@DFHack@@YAPEATtile_occupancy@df@@HHH@Z
0x593c3	O?SortBlockEvents@Maps@DFHack@@YA_NPEAUmap_block@df@@PEAV?$vector@PEAUblock_square_event_mineralst@df@@V?$allocator@PEAUblock_square_event_mineralst@df@@@std@@@std@@PEAV?$vector@PEAUblock_square_event_frozen_liquidst@df@@V?$allocator@PEAUblock_square_event_frozen_liquidst@df@@@std@@@6@PEAV?$vector@PEAUblock_square_event_material_spatterst@df@@V?$allocator@PEAUblock_square_event_material_spatterst@df@@@std@@@6@PEAV?$vector@PEAUblock_square_event_grassst@df@@V?$allocator@PEAUblock_square_event_grassst@df@@@std@@@6@PEAV?$vector@PEAUblock_square_event_world_constructionst@df@@V?$allocator@PEAUblock_square_event_world_constructionst@df@@@std@@@6@PEAV?$vector@PEAUblock_square_event_spoorst@df@@V?$allocator@PEAUblock_square_event_spoorst@df@@@std@@@6@PEAV?$vector@PEAUblock_square_event_item_spatterst@df@@V?$allocator@PEAUblock_square_event_item_spatterst@df@@@std@@@6@PEAV?$vector@PEAUblock_square_event_designation_priorityst@df@@V?$allocator@PEAUblock_square_event_designation_priorityst@df@@@std@@@6@@Z
0x597b7	p?getassignment@tile_bitmask@df@@QEAA_NAEBU?$Coord2d@F$0?HFDA@@DFHack@@@Z
0x59803	p?getassignment@tile_bitmask@df@@QEAA_NHH@Z
0x59832	?setassignment@tile_bitmask@df@@QEAAXAEBU?$Coord2d@F$0?HFDA@@DFHack@@_N@Z
0x5987e	?setassignment@tile_bitmask@df@@QEAAXHH_N@Z
0x598ac	??0MapCache@MapExtras@@QEAA@XZ
0x598ce	??1MapCache@MapExtras@@QEAA@XZ
0x598ee	YL?BlockAtTile@MapCache@MapExtras@@QEAAPEAVBlock@2@U?$Coord3d@F$0?HFDA@@DFHack@@@Z
0x59944	?veinMaterialAt@MapCache@MapExtras@@QEAAFU?$Coord3d@F$0?HFDA@@DFHack@@@Z
0x59990	?layerMaterialAt@MapCache@MapExtras@@QEAAFU?$Coord3d@F$0?HFDA@@DFHack@@@Z
0x599dc	?tiletypeAt@MapCache@MapExtras@@QEAA?AW4tiletype@3enums@df@@U?$Coord3d@F$0?HFDA@@DFHack@@@Z
0x59a3a	?tagAt@MapCache@MapExtras@@QEAAFU?$Coord3d@F$0?HFDA@@DFHack@@@Z
0x59a7c	?setTagAt@MapCache@MapExtras@@QEAAXU?$Coord3d@F$0?HFDA@@DFHack@@F@Z
0x59ac0	La?designationAt@MapCache@MapExtras@@QEAA?ATtile_designation@df@@U?$Coord3d@F$0?HFDA@@DFHack@@@Z
0x59b24	?setDesignationAt@MapCache@MapExtras@@QEAA_NU?$Coord3d@F$0?HFDA@@DFHack@@Ttile_designation@df@@H@Z
0x59b8a	?occupancyAt@MapCache@MapExtras@@QEAA?ATtile_occupancy@df@@U?$Coord3d@F$0?HFDA@@DFHack@@@Z
0x59be8	?setOccupancyAt@MapCache@MapExtras@@QEAA_NU?$Coord3d@F$0?HFDA@@DFHack@@Ttile_occupancy@df@@@Z
0x59c48	?testCoord@MapCache@MapExtras@@QEAA_NU?$Coord3d@F$0?HFDA@@DFHack@@@Z
0x59c8f	O?WriteAll@MapCache@MapExtras@@QEAA_NXZ
0x59cb9	o?getWorker@Job@DFHack@@YAPEAUunit@df@@PEAUjob@4@@Z
0x59cef	u?inGraphicsMode@Screen@DFHack@@YA_NXZ
0x59d18	?paintTile@Screen@DFHack@@YA_NAEBUPen@12@HH_NPEQgraphic_viewportst@df@@PEAH@Z
0x59d68	?readTile@Screen@DFHack@@YA?AUPen@12@HH_NPEQgraphic_viewportst@df@@PEAH@Z
0x59db2	Ib?findGraphicsTile@Screen@DFHack@@YA_NAEBV?$basic_string@DU?$char_traits@D@std@@V?$allocator@D@2@@std@@HHPEAH1@Z
0x59e26	?loadTileset@Textures@DFHack@@YA?AV?$vector@_KV?$allocator@_K@std@@@std@@Vpath@filesystem@4@HH_N@Z
0x59e8b	n?getTexposByHandle@Textures@DFHack@@YAJ_K@Z
0x59eb8	2w?isValid@PersistentDataItem@DFHack@@QEBA_NXZ
0x59eea	??0PersistentDataItem@DFHack@@QEAA@XZ
0x59f12	??1PersistentDataItem@DFHack@@QEAA@XZ
0x59f38	.2??4PersistentDataItem@DFHack@@QEAAAEAV01@$$QEAV01@@Z
0x59f70	PL?AddPersistentSiteData@World@DFHack@@YA?AVPersistentDataItem@2@AEBV?$basic_string@DU?$char_traits@D@std@@V?$allocator@D@2@@std@@@Z
0x59ff7	M?GetPersistentSiteData@World@DFHack@@YA?AVPersistentDataItem@2@AEBV?$basic_string@DU?$char_traits@D@std@@V?$allocator@D@2@@std@@_N@Z
0x5a07e	;n?getPersistentTilemask@World@DFHack@@YAPEAUtile_bitmask@df@@AEAVPersistentDataItem@2@PEAUmap_block@4@_N@Z
0x5a0ea	>a?deletePersistentTilemask@World@DFHack@@YA_NAEAVPersistentDataItem@2@PEAUmap_block@df@@@Z
0x5a147	_?can_allocate@type_identity@DFHack@@MEBA_NXZ
0x5a176	ta?do_allocate@type_identity@DFHack@@MEBAPEAXXZ
0x5a1a6	za?do_copy@type_identity@DFHack@@MEBA_NPEAXPEBX@Z
0x5a1d9	a?do_destroy@type_identity@DFHack@@MEBA_NPEAX@Z
0x5a20b	^?byte_size@type_identity@DFHack@@UEBA_KXZ
0x5a237	v?isPrimitive@type_identity@DFHack@@UEBA_NXZ
0x5a264	av?isConstructed@type_identity@DFHack@@UEBA_NXZ
0x5a294	cv?isContainer@type_identity@DFHack@@UEBA_NXZ
0x5a2c4	?type@function_identity_base@DFHack@@UEBA?AW4identity_type@2@XZ
0x5a305	m?getFullName@function_identity_base@DFHack@@UEBA?BV?$basic_string@DU?$char_traits@D@std@@V?$allocator@D@2@@std@@XZ
0x5a37b	^?build_metatable@type_identity@DFHack@@UEBAXPEAUlua_State@@@Z
0x5a3bc	?lua_read@function_identity_base@DFHack@@UEBAXPEAUlua_State@@HPEAX@Z
0x5a404	?lua_write@function_identity_base@DFHack@@UEBAXPEAUlua_State@@HPEAXH@Z
0x5a44e	?log_errors_to_stderr@color_ostream@DFHack@@2_NA
0x5a481	g?game@global@df@@3PEAUgamest@2@EA
0x5a4a6	?window_x@global@df@@3PEAHEA
0x5a4c6	?window_y@global@df@@3PEAHEA
0x5a4e6	?window_z@global@df@@3PEAHEA
0x5a506	?world@global@df@@3PEAU02@EA
0x5a526	?key_table@?$enum_traits@W4tiletype@1enums@df@@@df@@2QBQEBDB
0x5a564	dfhack.dll
0x5a572	?lua_settop@@YAXPEAUlua_State@@H@Z
0x5a598	?lua_type@@YAHPEAUlua_State@@H@Z
0x5a5bc	?lua_tointegerx@@YA_JPEAUlua_State@@HPEAH@Z
0x5a5ea	?lua_pushnil@@YAXPEAUlua_State@@@Z
0x5a610	?lua_getfield@@YAHPEAUlua_State@@HPEBD@Z
0x5a63c	?luaL_argerror@@YAHPEAUlua_State@@HPEBD@Z
0x5a666	lua53.dll
0x5a672	WriteConsoleW
0x5a680	KERNEL32.dll
0x5a690	?uncaught_exceptions@std@@YAHXZ
0x5a6b2	?_Xbad_alloc@std@@YAXXZ
0x5a6cc	?_Xlength_error@std@@YAXPEBD@Z
0x5a6ee	?_Xout_of_range@std@@YAXPEBD@Z
0x5a710	?_Syserror_map@std@@YAPEBDH@Z
0x5a730	?_Winerror_map@std@@YAHH@Z
0x5a74e	?_Getcvt@_Locinfo@std@@QEBA?AU_Cvtvec@@XZ
0x5a77a	?_W_Getdays@_Locinfo@std@@QEBAPEBGXZ
0x5a7a2	?_W_Getmonths@_Locinfo@std@@QEBAPEBGXZ
0x5a7cc	?good@ios_base@std@@QEBA_NXZ
0x5a7ec	?fail@ios_base@std@@QEBA_NXZ
0x5a80c	?flags@ios_base@std@@QEBAHXZ
0x5a82c	?setf@ios_base@std@@QEAAHHH@Z
0x5a84c	?width@ios_base@std@@QEBA_JXZ
0x5a86c	?width@ios_base@std@@QEAA_J_J@Z
0x5a88e	??0?$basic_streambuf@DU?$char_traits@D@std@@@std@@IEAA@XZ
0x5a8ca	??1?$basic_streambuf@DU?$char_traits@D@std@@@std@@UEAA@XZ
0x5a906	?sputc@?$basic_streambuf@DU?$char_traits@D@std@@@std@@QEAAHD@Z
0x5a948	?sputn@?$basic_streambuf@DU?$char_traits@D@std@@@std@@QEAA_JPEBD_J@Z
0x5a990	?eback@?$basic_streambuf@DU?$char_traits@D@std@@@std@@IEBAPEADXZ
0x5a9d4	?gptr@?$basic_streambuf@DU?$char_traits@D@std@@@std@@IEBAPEADXZ
0x5aa16	?pbase@?$basic_streambuf@DU?$char_traits@D@std@@@std@@IEBAPEADXZ
0x5aa5a	?pptr@?$basic_streambuf@DU?$char_traits@D@std@@@std@@IEBAPEADXZ
0x5aa9c	?egptr@?$basic_streambuf@DU?$char_traits@D@std@@@std@@IEBAPEADXZ
0x5aae0	?gbump@?$basic_streambuf@DU?$char_traits@D@std@@@std@@IEAAXH@Z
0x5ab22	?setg@?$basic_streambuf@DU?$char_traits@D@std@@@std@@IEAAXPEAD00@Z
0x5ab68	?epptr@?$basic_streambuf@DU?$char_traits@D@std@@@std@@IEBAPEADXZ
0x5abac	?setp@?$basic_streambuf@DU?$char_traits@D@std@@@std@@IEAAXPEAD0@Z
0x5abf0	?setp@?$basic_streambuf@DU?$char_traits@D@std@@@std@@IEAAXPEAD00@Z
0x5ac36	?_Pninc@?$basic_streambuf@DU?$char_traits@D@std@@@std@@IEAAPEADXZ
0x5ac7a	??1?$basic_ios@DU?$char_traits@D@std@@@std@@UEAA@XZ
0x5acb0	?setstate@?$basic_ios@DU?$char_traits@D@std@@@std@@QEAAXH_N@Z
0x5acf0	?tie@?$basic_ios@DU?$char_traits@D@std@@@std@@QEBAPEAV?$basic_ostream@DU?$char_traits@D@std@@@2@XZ
0x5ad56	?rdbuf@?$basic_ios@DU?$char_traits@D@std@@@std@@QEBAPEAV?$basic_streambuf@DU?$char_traits@D@std@@@2@XZ
0x5adc0	?fill@?$basic_ios@DU?$char_traits@D@std@@@std@@QEBADXZ
0x5adfa	?widen@?$basic_ios@DU?$char_traits@D@std@@@std@@QEBADD@Z
0x5ae36	??0?$basic_ios@DU?$char_traits@D@std@@@std@@IEAA@XZ
0x5ae6c	??0?$basic_ostream@DU?$char_traits@D@std@@@std@@QEAA@PEAV?$basic_streambuf@DU?$char_traits@D@std@@@1@_N@Z
0x5aed8	??1?$basic_ostream@DU?$char_traits@D@std@@@std@@UEAA@XZ
0x5af12	?_Osfx@?$basic_ostream@DU?$char_traits@D@std@@@std@@QEAAXXZ
0x5af50	??6?$basic_ostream@DU?$char_traits@D@std@@@std@@QEAAAEAV01@P6AAEAV01@AEAV01@@Z@Z
0x5afa4	??6?$basic_ostream@DU?$char_traits@D@std@@@std@@QEAAAEAV01@G@Z
0x5afe6	??6?$basic_ostream@DU?$char_traits@D@std@@@std@@QEAAAEAV01@H@Z
0x5b028	?put@?$basic_ostream@DU?$char_traits@D@std@@@std@@QEAAAEAV12@D@Z
0x5b06c	?flush@?$basic_ostream@DU?$char_traits@D@std@@@std@@QEAAAEAV12@XZ
0x5b0b0	??0?$basic_istream@DU?$char_traits@D@std@@@std@@QEAA@PEAV?$basic_streambuf@DU?$char_traits@D@std@@@1@_N@Z
0x5b11c	??1?$basic_istream@DU?$char_traits@D@std@@@std@@UEAA@XZ
0x5b156	??5?$basic_istream@DU?$char_traits@D@std@@@std@@QEAAAEAV01@P6AAEAVios_base@1@AEAV21@@Z@Z
0x5b1b2	??5?$basic_istream@DU?$char_traits@D@std@@@std@@QEAAAEAV01@AEAH@Z
0x5b1f6	??0?$basic_iostream@DU?$char_traits@D@std@@@std@@QEAA@PEAV?$basic_streambuf@DU?$char_traits@D@std@@@1@@Z
0x5b262	??1?$basic_iostream@DU?$char_traits@D@std@@@std@@UEAA@XZ
0x5b29e	?imbue@?$basic_streambuf@DU?$char_traits@D@std@@@std@@MEAAXAEBVlocale@2@@Z
0x5b2ec	?sync@?$basic_streambuf@DU?$char_traits@D@std@@@std@@MEAAHXZ
0x5b32c	?setbuf@?$basic_streambuf@DU?$char_traits@D@std@@@std@@MEAAPEAV12@PEAD_J@Z
0x5b37a	?xsputn@?$basic_streambuf@DU?$char_traits@D@std@@@std@@MEAA_JPEBD_J@Z
0x5b3c2	?xsgetn@?$basic_streambuf@DU?$char_traits@D@std@@@std@@MEAA_JPEAD_J@Z
0x5b40a	?uflow@?$basic_streambuf@DU?$char_traits@D@std@@@std@@MEAAHXZ
0x5b44a	?showmanyc@?$basic_streambuf@DU?$char_traits@D@std@@@std@@MEAA_JXZ
0x5b490	?_Unlock@?$basic_streambuf@DU?$char_traits@D@std@@@std@@UEAAXXZ
0x5b4d2	?_Lock@?$basic_streambuf@DU?$char_traits@D@std@@@std@@UEAAXXZ
0x5b512	?cerr@std@@3V?$basic_ostream@DU?$char_traits@D@std@@@1@A
0x5b54e	??0_Lockit@std@@QEAA@H@Z
0x5b56a	??1_Lockit@std@@QEAA@XZ
0x5b584	_Mbrtowc
0x5b590	??0_Locinfo@std@@QEAA@PEBD@Z
0x5b5b0	??1_Locinfo@std@@QEAA@XZ
0x5b5cc	?_Getfalse@_Locinfo@std@@QEBAPEBDXZ
0x5b5f2	?_Gettrue@_Locinfo@std@@QEBAPEBDXZ
0x5b618	?c_str@?$_Yarn@D@std@@QEBAPEBDXZ
0x5b63c	??0facet@locale@std@@IEAA@_K@Z
0x5b65e	??1facet@locale@std@@MEAA@XZ
0x5b67e	?_Init@locale@std@@CAPEAV_Locimp@12@_N@Z
0x5b6aa	?_Getgloballocale@locale@std@@CAPEAV_Locimp@12@XZ
0x5b6de	?_Incref@facet@locale@std@@UEAAXXZ
0x5b704	?_Decref@facet@locale@std@@UEAAPEAV_Facet_base@3@XZ
0x5b73a	?_Id_cnt@id@locale@std@@0HA
0x5b758	?id@?$numpunct@D@std@@2V0locale@2@A
0x5b77e	?id@?$numpunct@_W@std@@2V0locale@2@A
0x5b7a4	MSVCP140.dll
0x5b7b4	__std_terminate
0x5b7c6	__std_exception_copy
0x5b7de	__std_exception_destroy
0x5b7f8	_CxxThrowException
0x5b80e	__CxxFrameHandler4
0x5b824	memcmp
0x5b82e	memcpy
0x5b838	memmove
0x5b842	memset
0x5b84c	__C_specific_handler
0x5b864	__current_exception
0x5b87a	__current_exception_context
0x5b898	__std_type_info_destroy_list
0x5b8b6	VCRUNTIME140.dll
0x5b8c8	VCRUNTIME140_1.dll
0x5b8de	_invoke_watson
0x5b8f0	calloc
0x5b8fa	atof
0x5b902	modf
0x5b90a	ceilf
0x5b912	sqrt
0x5b91a	strlen
0x5b924	wcslen
0x5b92e	_errno
0x5b938	_dsign
0x5b942	free
0x5b94a	malloc
0x5b954	abort
0x5b95c	__acrt_iob_func
0x5b96e	fflush
0x5b978	_fileno
0x5b982	fputc
0x5b98a	fwrite
0x5b994	_lock_file
0x5b9a2	_unlock_file
0x5b9b2	__stdio_common_vfprintf
0x5b9cc	_get_osfhandle
0x5b9de	_isatty
0x5b9e8	localeconv
0x5b9f6	_dclass
0x5ba00	_fdclass
0x5ba0c	_ldclass
0x5ba18	___lc_codepage_func
0x5ba2e	_callnewh
0x5ba3a	_seh_filter_dll
0x5ba4c	_configure_narrow_argv
0x5ba66	_initialize_narrow_environment
0x5ba88	_initialize_onexit_table
0x5baa4	_register_onexit_function
0x5bac0	_execute_onexit_table
0x5bad8	_crt_atexit
0x5bae6	_crt_at_quick_exit
0x5bafc	_cexit
0x5bb06	_initterm
0x5bb12	_initterm_e
0x5bb20	terminate
0x5bb2a	api-ms-win-crt-runtime-l1-1-0.dll
0x5bb4c	api-ms-win-crt-heap-l1-1-0.dll
0x5bb6c	api-ms-win-crt-convert-l1-1-0.dll
0x5bb8e	api-ms-win-crt-math-l1-1-0.dll
0x5bbae	api-ms-win-crt-string-l1-1-0.dll
0x5bbd0	api-ms-win-crt-stdio-l1-1-0.dll
0x5bbf0	api-ms-win-crt-filesystem-l1-1-0.dll
0x5bc16	api-ms-win-crt-locale-l1-1-0.dll
0x5bc3a	LocalFree
0x5bc46	FormatMessageA
0x5bc58	GetLocaleInfoEx
0x5bc6a	SetCurrentDirectoryW
0x5bc82	GetCurrentDirectoryW
0x5bc9a	CreateDirectoryW
0x5bcae	CreateFileW
0x5bcbc	FindClose
0x5bcc8	FindFirstFileW
0x5bcda	FindFirstFileExW
0x5bcee	FindNextFileW
0x5bcfe	GetDiskFreeSpaceExW
0x5bd14	GetFileAttributesW
0x5bd2a	GetFileAttributesExW
0x5bd42	GetFileInformationByHandle
0x5bd60	GetFinalPathNameByHandleW
0x5bd7c	GetFullPathNameW
0x5bd90	SetFileAttributesW
0x5bda6	SetFileInformationByHandle
0x5bdc4	SetFileTime
0x5bdd2	GetTempPathW
0x5bde2	AreFileApisANSI
0x5bdf4	CloseHandle
0x5be02	GetLastError
0x5be12	DeviceIoControl
0x5be24	GetModuleHandleW
0x5be38	GetProcAddress
0x5be4a	CreateDirectoryExW
0x5be60	CopyFileW
0x5be6c	MoveFileExW
0x5be7a	CreateHardLinkW
0x5be8c	GetFileInformationByHandleEx
0x5beac	CreateSymbolicLinkW
0x5bec2	MultiByteToWideChar
0x5bed8	WideCharToMultiByte
0x5beee	ReleaseSRWLockExclusive
0x5bf08	AcquireSRWLockExclusive
0x5bf22	WakeAllConditionVariable
0x5bf3e	SleepConditionVariableSRW
0x5bf5a	RtlCaptureContext
0x5bf6e	RtlLookupFunctionEntry
0x5bf88	RtlVirtualUnwind
0x5bf9c	IsDebuggerPresent
0x5bfb0	UnhandledExceptionFilter
0x5bfcc	SetUnhandledExceptionFilter
0x5bfea	GetStartupInfoW
0x5bffc	IsProcessorFeaturePresent
0x5c018	GetCurrentProcess
0x5c02c	TerminateProcess
0x5c040	QueryPerformanceCounter
0x5c05a	GetCurrentProcessId
0x5c070	GetCurrentThreadId
0x5c086	GetSystemTimeAsFileTime
0x5c0a0	DisableThreadLibraryCalls
0x5c0bc	InitializeSListHead
0x5e470	02e77ac
0x5e550	.?AVexception@std@@
0x5e578	.?AVbad_array_new_length@std@@
0x5e5a8	.?AVbad_alloc@std@@
0x5e5d0	.?AVruntime_error@std@@
0x5e5f8	.?AVsystem_error@std@@
0x5e620	.?AV_System_error@std@@
0x5e650	.?AV?$basic_streambuf@DU?$char_traits@D@std@@@std@@
0x5e698	.?AVformat_error@v12@fmt@@
0x5e6c8	.?AVbad_cast@std@@
0x5e6f0	.?AV?$basic_stringbuf@DU?$char_traits@D@std@@V?$allocator@D@2@@std@@
0x5e750	.?AV?$basic_istringstream@DU?$char_traits@D@std@@V?$allocator@D@2@@std@@
0x5e7b0	.?AV?$basic_istream@DU?$char_traits@D@std@@@std@@
0x5e7f8	.?AV?$basic_ios@DU?$char_traits@D@std@@@std@@
0x5e838	.?AVios_base@std@@
0x5e860	.?AV?$_Iosb@H@std@@
0x5e890	.?AV?$basic_ostringstream@DU?$char_traits@D@std@@V?$allocator@D@2@@std@@
0x5e8f0	.?AV?$basic_ostream@DU?$char_traits@D@std@@@std@@
0x5e940	.?AV?$basic_stringstream@DU?$char_traits@D@std@@V?$allocator@D@2@@std@@
0x5e9a0	.?AV?$basic_iostream@DU?$char_traits@D@std@@@std@@
0x5e9e8	.?AVerror_category@std@@
0x5ea18	.?AV_Generic_error_category@std@@
0x5ea50	.?AV_System_error_category@std@@
0x5ea90	.?AV?$function_identity@P6A?AV?$basic_string@DU?$char_traits@D@std@@V?$allocator@D@2@@std@@XZ@df@@
0x5eb08	.?AVfunction_identity_base@DFHack@@
0x5eb40	.?AVtype_identity@DFHack@@
0x5eb70	.?AV?$function_identity@P6AXAEAVcolor_ostream@DFHack@@_N@Z@df@@
0x5ebc0	.?AV?$function_identity@P6A_NAEAVcolor_ostream@DFHack@@@Z@df@@
0x5ec10	.?AV?$function_identity@P6AXU?$Coord3d@F$0?HFDA@@DFHack@@@Z@df@@
0x5ec70	.?AV?$function_identity@P6AHAEAVcolor_ostream@DFHack@@@Z@df@@
0x5ecc0	.?AV?$function_identity@P6AXAEAVcolor_ostream@DFHack@@@Z@df@@
0x5ed10	.?AV?$function_identity@P6AX_N0@Z@df@@
0x5ed48	.?AV?$function_identity@P6AXXZ@df@@
0x5ed80	.?AV?$function_identity@P8?$Coord3d@F$0?HFDA@@DFHack@@EBA_NXZ@df@@
0x5ede0	.?AV?$function_identity@P8?$Coord3d@F$0?HFDA@@DFHack@@EAAXXZ@df@@
0x5ee38	.?AVfacet@locale@std@@
0x5ee60	.?AV_Facet_base@std@@
0x5ee88	.?AU_Crt_new_delete@std@@
0x5eeb8	.?AV?$numpunct@D@std@@
0x5eee0	.?AV?$numpunct@_W@std@@
0x5ef08	.?AV?$format_facet@Vlocale@std@@@v12@fmt@@
0x5ef48	.?AVtype_info@@
