plugin	binary	sha256	native_display_kind	display_imports	graphics_global_or_interpose_imports	render_interpose_rtti	exports_name:rva
3dveins	D:\program\steam\steamapps\common\DFHack\hack\plugins\3dveins.plug.dll	225da09e033ba6339f17ab49df59d4d7a770b29e7746fec7267d37cb2e0c2a14	no_native_display_import				plugin_abi_version:0x53834 | plugin_dev:0x53828 | plugin_git_description:0x53840 | plugin_globals:0x53008 | plugin_init:0x1cbf0 | plugin_name:0x53000 | plugin_self:0x53820 | plugin_shutdown:0x1cca0 | plugin_version:0x53838
add-spatter	D:\program\steam\steamapps\common\DFHack\hack\plugins\add-spatter.plug.dll	67ec8861ab49af886ddf51c2d75cc046a218a5c10a42b8d3af0196b1bbad235d	graphics_globals_or_interpose		?apply@VMethodInterposeLinkBase@DFHack@@QEAA_N_N@Z | ??1VMethodInterposeLinkBase@DFHack@@QEAA@XZ | ??0VMethodInterposeLinkBase@DFHack@@QEAA@PEBVvirtual_identity@1@HPEAX1HPEBD@Z		plugin_abi_version:0x3b500 | plugin_dev:0x3b3e8 | plugin_git_description:0x3b510 | plugin_globals:0x3b008 | plugin_init:0x98a0 | plugin_is_enabled:0x3b3e9 | plugin_load_world_data:0x98b0 | plugin_name:0x3b000 | plugin_onstatechange:0x99f0 | plugin_self:0x3b3e0 | plugin_shutdown:0x9ad0 | plugin_version:0x3b508
aquifer	D:\program\steam\steamapps\common\DFHack\hack\plugins\aquifer.plug.dll	e1c5ad066e4fc1d0697a47dd139fa23b1e302393ec461252973d0f761ef58b70	no_native_display_import				plugin_abi_version:0x41a48 | plugin_dev:0x41a08 | plugin_git_description:0x41a58 | plugin_globals:0x40008 | plugin_init:0x11f50 | plugin_lua_functions:0x40030 | plugin_name:0x40000 | plugin_self:0x41a00 | plugin_version:0x41a50
army-controller-sanity	D:\program\steam\steamapps\common\DFHack\hack\plugins\army-controller-sanity.plug.dll	09bb25959fd144db4062ac89b64f90b3ee1f2e333ff7616653643810aad94736	no_native_display_import				plugin_abi_version:0x37400 | plugin_dev:0x373f0 | plugin_enable:0x6710 | plugin_git_description:0x37410 | plugin_globals:0x37008 | plugin_init:0x6720 | plugin_is_enabled:0x373f1 | plugin_name:0x37000 | plugin_onupdate:0x6730 | plugin_self:0x373e8 | plugin_version:0x37408
autobutcher	D:\program\steam\steamapps\common\DFHack\hack\plugins\autobutcher.plug.dll	5a379ca8e788e3aacd31f0fcb1f559be2caa212e7a563faeb97912c36161d9d3	no_native_display_import				plugin_abi_version:0x561dc | plugin_dev:0x56178 | plugin_enable:0x1ca80 | plugin_git_description:0x561e8 | plugin_globals:0x55008 | plugin_init:0x1cd40 | plugin_is_enabled:0x56179 | plugin_load_site_data:0x1cdf0 | plugin_lua_commands:0x439f0 | plugin_lua_functions:0x55260 | plugin_name:0x55000 | plugin_onstatechange:0x1d170 | plugin_onupdate:0x1d210 | plugin_self:0x56170 | plugin_shutdown:0x1d240 | plugin_version:0x561e0
autochop	D:\program\steam\steamapps\common\DFHack\hack\plugins\autochop.plug.dll	e823b9dceb6d94546e5c1d89510e60e508c5a1f39a71ec81d917f7533a45ec1e	no_native_display_import				plugin_abi_version:0x51d94 | plugin_dev:0x51d68 | plugin_enable:0x19650 | plugin_git_description:0x51da0 | plugin_globals:0x51008 | plugin_init:0x19900 | plugin_is_enabled:0x51d69 | plugin_load_site_data:0x19a20 | plugin_lua_commands:0x408c0 | plugin_lua_functions:0x51050 | plugin_name:0x51000 | plugin_onstatechange:0x1a000 | plugin_onupdate:0x1a0a0 | plugin_self:0x51d60 | plugin_shutdown:0x1a110 | plugin_version:0x51d98
autoclothing	D:\program\steam\steamapps\common\DFHack\hack\plugins\autoclothing.plug.dll	62e081785d5142dff252d6eb1e34fb949e900e65dfdf5f07f929b4c28518b46d	no_native_display_import				plugin_abi_version:0x4c97c | plugin_dev:0x4c970 | plugin_enable:0x14650 | plugin_git_description:0x4c988 | plugin_globals:0x4c008 | plugin_init:0x14910 | plugin_is_enabled:0x4c971 | plugin_load_site_data:0x149c0 | plugin_lua_commands:0x3b858 | plugin_lua_functions:0x4c048 | plugin_name:0x4c000 | plugin_onstatechange:0x15000 | plugin_onupdate:0x15080 | plugin_save_site_data:0x150b0 | plugin_self:0x4c968 | plugin_shutdown:0x15610 | plugin_version:0x4c980
autodump	D:\program\steam\steamapps\common\DFHack\hack\plugins\autodump.plug.dll	2884b3c2ca8f8182e53df53d7ebf1c9fd2e1a1dc5c704a1a261fc9ad763390cc	no_native_display_import				plugin_abi_version:0x38400 | plugin_dev:0x383e8 | plugin_git_description:0x38410 | plugin_globals:0x38008 | plugin_init:0x6e40 | plugin_name:0x38000 | plugin_self:0x383e0 | plugin_shutdown:0x6fc0 | plugin_version:0x38408
autofarm	D:\program\steam\steamapps\common\DFHack\hack\plugins\autofarm.plug.dll	21737bfe409a7b31ee1469fa65cce9349ca7687aa3242e9c754f2bcad82be393	no_native_display_import				plugin_abi_version:0x463f0 | plugin_dev:0x463e8 | plugin_enable:0x12a50 | plugin_git_description:0x46400 | plugin_globals:0x46008 | plugin_init:0x12af0 | plugin_is_enabled:0x463e9 | plugin_load_site_data:0x12bf0 | plugin_name:0x46000 | plugin_onstatechange:0x12c20 | plugin_onupdate:0x12c40 | plugin_self:0x463e0 | plugin_shutdown:0x12c80 | plugin_version:0x463f8
autolabor	D:\program\steam\steamapps\common\DFHack\hack\plugins\autolabor.plug.dll	8b6e97995b5f4a7eacea3e8b38861d2337455c8fd21393713ba64c872be478ae	no_native_display_import				plugin_abi_version:0xc3c7c | plugin_dev:0xc3c78 | plugin_enable:0x7180 | plugin_git_description:0xc3c88 | plugin_globals:0xc3008 | plugin_init:0x7240 | plugin_is_enabled:0xc3c79 | plugin_load_site_data:0x7350 | plugin_lua_commands:0xa4a80 | plugin_lua_functions:0xc3060 | plugin_name:0xc3000 | plugin_onstatechange:0x73b0 | plugin_onupdate:0x73f0 | plugin_self:0xc3c70 | plugin_shutdown:0x7420 | plugin_version:0xc3c80
autonestbox	D:\program\steam\steamapps\common\DFHack\hack\plugins\autonestbox.plug.dll	017b24a7da846b896d9029c72d779c7626a07bd1e8039a8108b0fb907599f414	no_native_display_import				plugin_abi_version:0x40ca8 | plugin_dev:0x40c68 | plugin_enable:0xb1c0 | plugin_git_description:0x40cc0 | plugin_globals:0x40008 | plugin_init:0xb450 | plugin_is_enabled:0x40c69 | plugin_load_site_data:0xb500 | plugin_name:0x40000 | plugin_onstatechange:0xb7b0 | plugin_onupdate:0xb920 | plugin_self:0x40c60 | plugin_version:0x40cb0
autoslab	D:\program\steam\steamapps\common\DFHack\hack\plugins\autoslab.plug.dll	d2a7674076268128951440ee781a46d9eb62a299b15bf2feb656c32db9495850	no_native_display_import				plugin_abi_version:0x373ec | plugin_dev:0x373e8 | plugin_enable:0x6450 | plugin_git_description:0x37400 | plugin_globals:0x37008 | plugin_init:0x67c0 | plugin_is_enabled:0x373e9 | plugin_load_site_data:0x6840 | plugin_name:0x37000 | plugin_onstatechange:0x6b60 | plugin_onupdate:0x6c00 | plugin_self:0x373e0 | plugin_shutdown:0x6c40 | plugin_version:0x373f8
blueprint	D:\program\steam\steamapps\common\DFHack\hack\plugins\blueprint.plug.dll	30751b7c369740b9a841b474f763c13fcc68459098e3852b548fb36356a8d335	no_native_display_import				plugin_abi_version:0x90968 | plugin_dev:0x90908 | plugin_git_description:0x90980 | plugin_globals:0x8e008 | plugin_init:0x2fdf0 | plugin_lua_commands:0x74ba0 | plugin_name:0x8e000 | plugin_self:0x90900 | plugin_shutdown:0x2fea0 | plugin_version:0x90970
buildingplan	D:\program\steam\steamapps\common\DFHack\hack\plugins\buildingplan.plug.dll	4f27868da595cdaf679b9d4054238c63279e5e7c4c675f0d2c00e5c9fb5c34c1	no_native_display_import				plugin_abi_version:0x97394 | plugin_dev:0x97378 | plugin_enable:0x3f840 | plugin_git_description:0x973b0 | plugin_globals:0x95008 | plugin_init:0x3f9b0 | plugin_is_enabled:0x97379 | plugin_load_site_data:0x3fad0 | plugin_load_world_data:0x404f0 | plugin_lua_commands:0x79b00 | plugin_lua_functions:0x95070 | plugin_name:0x95000 | plugin_onupdate:0x40640 | plugin_self:0x97370 | plugin_shutdown:0x406b0 | plugin_version:0x973a8
burrow	D:\program\steam\steamapps\common\DFHack\hack\plugins\burrow.plug.dll	5b75d12e35057e0c2c5d79f449a0a646d908aaa7db3005aefc4f505dcd964ae2	no_native_display_import				plugin_abi_version:0x45f0c | plugin_dev:0x45ec8 | plugin_enable:0xf220 | plugin_git_description:0x45f20 | plugin_globals:0x45008 | plugin_init:0xf680 | plugin_is_enabled:0x45ec9 | plugin_lua_commands:0x358d0 | plugin_name:0x45000 | plugin_onstatechange:0xf7a0 | plugin_self:0x45ec0 | plugin_shutdown:0xf7c0 | plugin_version:0x45f18
changeitem	D:\program\steam\steamapps\common\DFHack\hack\plugins\changeitem.plug.dll	5ec6df1ac0db31719dbfba5c1492851df59c80d7f9cbc0b9cce51a93d284a5ba	no_native_display_import				plugin_abi_version:0x39688 | plugin_dev:0x39680 | plugin_git_description:0x39698 | plugin_globals:0x39008 | plugin_init:0x6f60 | plugin_name:0x39000 | plugin_self:0x39678 | plugin_shutdown:0x7010 | plugin_version:0x39690
changelayer	D:\program\steam\steamapps\common\DFHack\hack\plugins\changelayer.plug.dll	5f7a59e2495b2f45019322d40f0368fc834098208a2aaf19a0f4068f447f63bf	no_native_display_import				plugin_abi_version:0x363fc | plugin_dev:0x363f0 | plugin_git_description:0x36408 | plugin_globals:0x36008 | plugin_init:0x59b0 | plugin_name:0x36000 | plugin_self:0x363e8 | plugin_shutdown:0x5a60 | plugin_version:0x36400
changevein	D:\program\steam\steamapps\common\DFHack\hack\plugins\changevein.plug.dll	d64f9a4408667b4979ccb0d7fd9c4ac3851f2a3d48e771b105d90bc10b5b947e	no_native_display_import				plugin_abi_version:0x343f4 | plugin_dev:0x343f0 | plugin_git_description:0x34408 | plugin_globals:0x34008 | plugin_init:0x4400 | plugin_name:0x34000 | plugin_self:0x343e8 | plugin_shutdown:0x44b0 | plugin_version:0x343f8
cleanconst	D:\program\steam\steamapps\common\DFHack\hack\plugins\cleanconst.plug.dll	2e9dde567c56cf261c1c1c013a3d075423fc6cc33a4adbb98c16c11674caf0b4	no_native_display_import				plugin_abi_version:0x343ec | plugin_dev:0x343e8 | plugin_git_description:0x343f8 | plugin_globals:0x34008 | plugin_init:0x9580 | plugin_name:0x34000 | plugin_self:0x343e0 | plugin_shutdown:0x9630 | plugin_version:0x343f0
cleaners	D:\program\steam\steamapps\common\DFHack\hack\plugins\cleaners.plug.dll	62f76a7fb274aa633f811d180aec31943e92ed01f3421719086015b4da15e244	no_native_display_import				plugin_abi_version:0x373f0 | plugin_dev:0x373e8 | plugin_git_description:0x37400 | plugin_globals:0x37008 | plugin_init:0x5c00 | plugin_name:0x37000 | plugin_self:0x373e0 | plugin_shutdown:0x5d20 | plugin_version:0x373f8
cleanowned	D:\program\steam\steamapps\common\DFHack\hack\plugins\cleanowned.plug.dll	f56ded5eb91f2a68c3d455ebdcad63bd71945c94e766c31e4f35f064b7890fb5	no_native_display_import				plugin_abi_version:0x363f4 | plugin_dev:0x363f0 | plugin_git_description:0x36400 | plugin_globals:0x36008 | plugin_init:0x4bc0 | plugin_name:0x36000 | plugin_self:0x363e8 | plugin_shutdown:0x4c70 | plugin_version:0x363f8
createitem	D:\program\steam\steamapps\common\DFHack\hack\plugins\createitem.plug.dll	0f0d7140a345af28238f37068bc91d5ccd09503f04dbbd13c1443a5fe3c18ca6	no_native_display_import				plugin_abi_version:0x3a684 | plugin_dev:0x3a678 | plugin_git_description:0x3a698 | plugin_globals:0x3a008 | plugin_init:0x85f0 | plugin_name:0x3a000 | plugin_self:0x3a670 | plugin_shutdown:0x86a0 | plugin_version:0x3a688
cursecheck	D:\program\steam\steamapps\common\DFHack\hack\plugins\cursecheck.plug.dll	0290dcf03f84ab4f1046723ff97a9c12031e63c57abb32dbadda5080dedb63db	no_native_display_import				plugin_abi_version:0x3a680 | plugin_dev:0x3a678 | plugin_git_description:0x3a690 | plugin_globals:0x3a008 | plugin_init:0x77e0 | plugin_name:0x3a000 | plugin_self:0x3a670 | plugin_shutdown:0x7890 | plugin_version:0x3a688
cxxrandom	D:\program\steam\steamapps\common\DFHack\hack\plugins\cxxrandom.plug.dll	f079d4baaebbfa09ff551bf19bfec6964412154cf4a24ff13ec2e1c5d8ed1d1c	no_native_display_import				plugin_abi_version:0x42778 | plugin_dev:0x42768 | plugin_git_description:0x42788 | plugin_globals:0x42008 | plugin_init:0xeaf0 | plugin_lua_functions:0x42010 | plugin_name:0x42000 | plugin_onstatechange:0xeb00 | plugin_self:0x42760 | plugin_shutdown:0xeb10 | plugin_version:0x42780
debug	D:\program\steam\steamapps\common\DFHack\hack\plugins\debug.plug.dll	93276cef3531bd2cc66fcb412f7e21e6b6aae98b0c2bd4bf91abb245a9224b1b	no_native_display_import				plugin_abi_version:0xc01e0 | plugin_dev:0xc01d8 | plugin_git_description:0xc01f0 | plugin_globals:0xbf008 | plugin_init:0x2b120 | plugin_name:0xbf000 | plugin_self:0xc01d0 | plugin_shutdown:0x2b590 | plugin_version:0xc01e8
deramp	D:\program\steam\steamapps\common\DFHack\hack\plugins\deramp.plug.dll	51e435e2e201754a828048c401a9c7f655f5f29aa9873d2f1538fc48c8038874	no_native_display_import				plugin_abi_version:0x343ec | plugin_dev:0x343e8 | plugin_git_description:0x343f8 | plugin_globals:0x34008 | plugin_init:0x4260 | plugin_name:0x34000 | plugin_self:0x343e0 | plugin_shutdown:0x4310 | plugin_version:0x343f0
design	D:\program\steam\steamapps\common\DFHack\hack\plugins\design.plug.dll	dec09c0576d3857af768ded9e0244c98dc54a8e7df2d424434d78d842d16dcbf	native_screen_tiles	?inGraphicsMode@Screen@DFHack@@YA_NXZ | ?paintTile@Screen@DFHack@@YA_NAEBUPen@12@HH_NPEQgraphic_viewportst@df@@PEAH@Z | ?findGraphicsTile@Screen@DFHack@@YA_NAEBV?$basic_string@DU?$char_traits@D@std@@V?$allocator@D@2@@std@@HHPEAH1@Z			plugin_abi_version:0x3b408 | plugin_dev:0x3b3e8 | plugin_git_description:0x3b420 | plugin_globals:0x3b008 | plugin_init:0x98d0 | plugin_load_world_data:0x98e0 | plugin_lua_commands:0x2f500 | plugin_name:0x3b000 | plugin_onstatechange:0x9a70 | plugin_self:0x3b3e0 | plugin_version:0x3b410
dig-now	D:\program\steam\steamapps\common\DFHack\hack\plugins\dig-now.plug.dll	5a9bba8a8a00dabbacf59c5033a130560d9d9d952dab41dba7bcc8d62070dc3f	no_native_display_import				plugin_abi_version:0x4fef0 | plugin_dev:0x4fe78 | plugin_git_description:0x4ff00 | plugin_globals:0x4f008 | plugin_init:0x1d2e0 | plugin_lua_commands:0x3e8d0 | plugin_name:0x4f000 | plugin_self:0x4fe70 | plugin_shutdown:0x1d390 | plugin_version:0x4fef8
dig	D:\program\steam\steamapps\common\DFHack\hack\plugins\dig.plug.dll	11a6314d2d533f8807aabc37d34f95e3c4b3870d41a8dcdab703e674b54fd0ae	native_screen_tiles	?inGraphicsMode@Screen@DFHack@@YA_NXZ | ?paintTile@Screen@DFHack@@YA_NAEBUPen@12@HH_NPEQgraphic_viewportst@df@@PEAH@Z | ?readTile@Screen@DFHack@@YA?AUPen@12@HH_NPEQgraphic_viewportst@df@@PEAH@Z | ?findGraphicsTile@Screen@DFHack@@YA_NAEBV?$basic_string@DU?$char_traits@D@std@@V?$allocator@D@2@@std@@HHPEAH1@Z			plugin_abi_version:0x5efcc | plugin_dev:0x5ef70 | plugin_git_description:0x5efe0 | plugin_globals:0x5d008 | plugin_init:0x25090 | plugin_is_enabled:0x5ef71 | plugin_load_site_data:0x255a0 | plugin_lua_commands:0x48b48 | plugin_lua_functions:0x5e230 | plugin_name:0x5d000 | plugin_onstatechange:0x257f0 | plugin_onupdate:0x25820 | plugin_self:0x5ef68 | plugin_version:0x5efd0
dwarfvet	D:\program\steam\steamapps\common\DFHack\hack\plugins\dwarfvet.plug.dll	059d6f3b9c052f76bee9a55b7fbf6eff3730497b8371400b728fdca3bd4c6680	no_native_display_import				plugin_abi_version:0x38da4 | plugin_dev:0x38da0 | plugin_enable:0x6240 | plugin_git_description:0x38db8 | plugin_globals:0x38008 | plugin_init:0x64d0 | plugin_is_enabled:0x38da1 | plugin_load_site_data:0x6580 | plugin_lua_functions:0x38048 | plugin_name:0x38000 | plugin_onstatechange:0x68a0 | plugin_onupdate:0x6940 | plugin_self:0x38d98 | plugin_version:0x38da8
edgescroll	D:\program\steam\steamapps\common\DFHack\hack\plugins\edgescroll.plug.dll	5585dd6f8c96871b62c13646542ef82c69d0cc1e79a87c47464ec712f9316533	graphics_globals_or_interpose		?gps@global@df@@3PEAUgraphic@2@EA		plugin_abi_version:0xa258 | plugin_dev:0xa248 | plugin_enable:0x4520 | plugin_git_description:0xa268 | plugin_globals:0xa008 | plugin_init:0x4530 | plugin_is_enabled:0xa249 | plugin_name:0xa000 | plugin_onupdate:0x4540 | plugin_self:0xa240 | plugin_shutdown:0x4830 | plugin_version:0xa260
eventful	D:\program\steam\steamapps\common\DFHack\hack\plugins\eventful.plug.dll	5e4ae1ce514044164258123f70bc84c70556de5bcbdaafb7d80ea5118b94ada4	graphics_globals_or_interpose		?apply@VMethodInterposeLinkBase@DFHack@@QEAA_N_N@Z | ??1VMethodInterposeLinkBase@DFHack@@QEAA@XZ | ??0VMethodInterposeLinkBase@DFHack@@QEAA@PEBVvirtual_identity@1@HPEAX1HPEBD@Z		plugin_abi_version:0x134e8 | plugin_dev:0x132b8 | plugin_git_description:0x137d8 | plugin_globals:0x13008 | plugin_init:0xb040 | plugin_lua_events:0xe5c0 | plugin_lua_functions:0x13010 | plugin_name:0x13000 | plugin_onstatechange:0xb0e0 | plugin_self:0x132b0 | plugin_shutdown:0xb110 | plugin_version:0x13780
export-world-map	D:\program\steam\steamapps\common\DFHack\hack\plugins\export-world-map.plug.dll	588e70cd4222a263583deabfd7c53183778444cef05edce9da654fb37d2d7b4f	no_native_display_import				plugin_abi_version:0x9bbdc | plugin_dev:0x9bbd8 | plugin_git_description:0x9bbe8 | plugin_globals:0x9b008 | plugin_init:0x36a40 | plugin_lua_functions:0x9b040 | plugin_name:0x9b000 | plugin_self:0x9bbd0 | plugin_version:0x9bbe0
fastdwarf	D:\program\steam\steamapps\common\DFHack\hack\plugins\fastdwarf.plug.dll	23eb0a225d8c3f4f823ecf1894122c9d5b563afe9dcf060c810281445a947fe7	no_native_display_import				plugin_abi_version:0x37540 | plugin_dev:0x37538 | plugin_enable:0x5c60 | plugin_git_description:0x37550 | plugin_globals:0x37008 | plugin_init:0x5e60 | plugin_is_enabled:0x37539 | plugin_load_site_data:0x5f80 | plugin_name:0x37000 | plugin_onstatechange:0x62e0 | plugin_onupdate:0x6380 | plugin_self:0x37530 | plugin_shutdown:0x64c0 | plugin_version:0x37548
filltraffic	D:\program\steam\steamapps\common\DFHack\hack\plugins\filltraffic.plug.dll	42faf1209b891f9e47c1cc487624fc8a35509e9ecf4ecf7ec69cbf59caab46fd	no_native_display_import				plugin_abi_version:0x363f4 | plugin_dev:0x363f0 | plugin_git_description:0x36400 | plugin_globals:0x36008 | plugin_init:0x5530 | plugin_name:0x36000 | plugin_self:0x363e8 | plugin_shutdown:0x5710 | plugin_version:0x363f8
fix-occupancy	D:\program\steam\steamapps\common\DFHack\hack\plugins\fix-occupancy.plug.dll	53c799fc32f3ff0b9f6c5b51ce7cdcd8aa7ff2774d023008db0be83808c0d72d	no_native_display_import				plugin_abi_version:0x3e820 | plugin_dev:0x3e7e0 | plugin_git_description:0x3e830 | plugin_globals:0x3e020 | plugin_init:0xc130 | plugin_lua_functions:0x3e028 | plugin_name:0x3e018 | plugin_self:0x3e7d8 | plugin_version:0x3e828
flows	D:\program\steam\steamapps\common\DFHack\hack\plugins\flows.plug.dll	9ecb0f401703135d73eeef24fae1285c78be4051d99a9175bda73af4e9d78ade	no_native_display_import				plugin_abi_version:0x343f8 | plugin_dev:0x343f0 | plugin_git_description:0x34408 | plugin_globals:0x34008 | plugin_init:0x3cd0 | plugin_name:0x34000 | plugin_self:0x343e8 | plugin_shutdown:0x3d80 | plugin_version:0x34400
forceequip	D:\program\steam\steamapps\common\DFHack\hack\plugins\forceequip.plug.dll	ec4ae5addcb55cde6c849b823667bbf5f70b1aed5244fdc5d27e59b1c65d8329	no_native_display_import				plugin_abi_version:0x373f8 | plugin_dev:0x373f0 | plugin_git_description:0x37408 | plugin_globals:0x37008 | plugin_init:0x6400 | plugin_name:0x37000 | plugin_self:0x373e8 | plugin_shutdown:0x64b0 | plugin_version:0x37400
getplants	D:\program\steam\steamapps\common\DFHack\hack\plugins\getplants.plug.dll	5abd62ca02aeea9b93d106c2af396ec909001aabfeaba7ee35d79b79ddd51e49	no_native_display_import				plugin_abi_version:0x4167c | plugin_dev:0x41678 | plugin_git_description:0x41690 | plugin_globals:0x41020 | plugin_init:0xe2e0 | plugin_name:0x41018 | plugin_self:0x41670 | plugin_shutdown:0xe390 | plugin_version:0x41688
hotkeys	D:\program\steam\steamapps\common\DFHack\hack\plugins\hotkeys.plug.dll	2f30dd5c550a208004f35123fb2afdc1a01914c57d27226667b26cde8e932ffb	no_native_display_import	??1Hide@Screen@DFHack@@QEAA@XZ | ??0Hide@Screen@DFHack@@QEAA@PEAUviewscreen@df@@H@Z | ?dismiss@Screen@DFHack@@YAXPEAUviewscreen@df@@_N@Z			plugin_abi_version:0x3ea40 | plugin_dev:0x3ea08 | plugin_git_description:0x3ea70 | plugin_globals:0x3e008 | plugin_init:0xa890 | plugin_lua_commands:0x306d0 | plugin_name:0x3e000 | plugin_self:0x3ea00 | plugin_version:0x3ea48
infinite-sky	D:\program\steam\steamapps\common\DFHack\hack\plugins\infinite-sky.plug.dll	cca87cbd689c467a671e5bff8262b0a4c6ae94fb7d4d217fcf77fffa7c4abe52	no_native_display_import				plugin_abi_version:0x379f0 | plugin_dev:0x379e8 | plugin_enable:0x5fc0 | plugin_git_description:0x37a00 | plugin_globals:0x37008 | plugin_init:0x6280 | plugin_is_enabled:0x379e9 | plugin_load_site_data:0x6330 | plugin_name:0x37000 | plugin_onstatechange:0x6650 | plugin_self:0x379e0 | plugin_version:0x379f8
lair	D:\program\steam\steamapps\common\DFHack\hack\plugins\lair.plug.dll	94238ab6815c0b6b3a95b44be374198ccfa0c4b0e65d529b248e0e8da53dfe49	no_native_display_import				plugin_abi_version:0x343f8 | plugin_dev:0x343f0 | plugin_git_description:0x34408 | plugin_globals:0x34008 | plugin_init:0x3e20 | plugin_name:0x34000 | plugin_self:0x343e8 | plugin_version:0x34400
liquids	D:\program\steam\steamapps\common\DFHack\hack\plugins\liquids.plug.dll	6bb5152f40910f503100e442c33d27e46cc08d4b45ff413f73c85c47cf4b2a2b	no_native_display_import				plugin_abi_version:0x4ec68 | plugin_dev:0x4ec28 | plugin_git_description:0x4ec78 | plugin_globals:0x4e008 | plugin_init:0x15a40 | plugin_lua_commands:0x3caa8 | plugin_name:0x4e000 | plugin_self:0x4ec20 | plugin_shutdown:0x15be0 | plugin_version:0x4ec70
logistics	D:\program\steam\steamapps\common\DFHack\hack\plugins\logistics.plug.dll	ff2a51312aa469d88580c6187222f15dfa2a7d49dca4b721e8301e7add0028bc	no_native_display_import				plugin_abi_version:0x660e0 | plugin_dev:0x660b8 | plugin_enable:0x29640 | plugin_git_description:0x660f0 | plugin_globals:0x65008 | plugin_init:0x297b0 | plugin_is_enabled:0x660b9 | plugin_load_site_data:0x298d0 | plugin_lua_commands:0x508c0 | plugin_lua_functions:0x65050 | plugin_name:0x65000 | plugin_onupdate:0x29e00 | plugin_self:0x660b0 | plugin_version:0x660e8
luasocket	D:\program\steam\steamapps\common\DFHack\hack\plugins\luasocket.plug.dll	8feb093aac0c5a5ac41998ad29235c400f4add804af46ff337b46084eae97b7b	no_native_display_import				??0CActiveSocket@@QEAA@AEAV0@@Z:0x5970 | ??0CPassiveSocket@@QEAA@AEAV0@@Z:0x59b0 | ??0CStatTimer@@QEAA@XZ:0x59f0 | ??1CActiveSocket@@UEAA@XZ:0x61d0 | ??1CPassiveSocket@@UEAA@XZ:0x6210 | ??1CSimpleSocket@@UEAA@XZ:0x6250 | ??1CStatTimer@@QEAA@XZ:0x6280 | ??4CStatTimer@@QEAAAEAV0@AEBV0@@Z:0x6390 | ??_7CActiveSocket@@6B@:0xf668 | ??_7CPassiveSocket@@6B@:0xf6d0 | ??_7CSimpleSocket@@6B@:0xf608 | ??_FCActiveSocket@@QEAAXXZ:0x6ad0 | ??_FCPassiveSocket@@QEAAXXZ:0x6ae0 | ??_FCSimpleSocket@@QEAAXXZ:0x6af0 | ?CalcTotalUSec@CStatTimer@@AEAAIXZ:0x7140 | ?DescribeError@CSimpleSocket@@QEAAPEBDXZ:0x7160 | ?GetBytesReceived@CSimpleSocket@@QEAAHXZ:0x7170 | ?GetBytesSent@CSimpleSocket@@QEAAHXZ:0x7180 | ?GetClientAddr@CSimpleSocket@@QEAAPEBDXZ:0x7190 | ?GetClientPort@CSimpleSocket@@QEAAGXZ:0x71a0 | ?GetConnectTimeoutSec@CSimpleSocket@@QEAAHXZ:0x71b0 | ?GetConnectTimeoutUSec@CSimpleSocket@@QEAAHXZ:0x71c0 | ?GetData@CSimpleSocket@@QEAAPEAEXZ:0x71d0 | ?GetEndTime@CStatTimer@@QEAA?AUtimeval@@XZ:0x71e0 | ?GetMicroSeconds@CStatTimer@@QEAAIXZ:0x71f0 | ?GetMilliSeconds@CStatTimer@@QEAAIXZ:0x7210 | ?GetMulticast@CSimpleSocket@@QEAA_NXZ:0x7230 | ?GetReceiveTimeoutSec@CSimpleSocket@@QEAAHXZ:0x7240 | ?GetReceiveTimeoutUSec@CSimpleSocket@@QEAAHXZ:0x7250 | ?GetReceiveWindowSize@CSimpleSocket@@QEAAIXZ:0x7260 | ?GetSeconds@CStatTimer@@QEAAIXZ:0x7270 | ?GetSendTimeoutSec@CSimpleSocket@@QEAAHXZ:0x7290 | ?GetSendTimeoutUSec@CSimpleSocket@@QEAAHXZ:0x72a0 | ?GetSendWindowSize@CSimpleSocket@@QEAAIXZ:0x72b0 | ?GetServerAddr@CSimpleSocket@@QEAAPEBDXZ:0x72c0 | ?GetServerPort@CSimpleSocket@@QEAAGXZ:0x72d0 | ?GetSocketDescriptor@CSimpleSocket@@QEAA_KXZ:0x72e0 | ?GetSocketError@CSimpleSocket@@QEAA?AW4CSocketError@1@XZ:0x72f0 | ?GetSocketType@CSimpleSocket@@QEAA?AW4CSocketType@1@XZ:0x7300 | ?GetStartTime@CStatTimer@@QEAA?AUtimeval@@XZ:0x7310 | ?GetTickCount@CStatTimer@@QEAAIXZ:0x7320 | ?GetTotalTimeMs@CSimpleSocket@@QEAAIXZ:0x7340 | ?GetTotalTimeUsec@CSimpleSocket@@QEAAIXZ:0x7370 | ?Initialize@CStatTimer@@QEAAXXZ:0x7390 | ?IsNonblocking@CSimpleSocket@@QEAA_NXZ:0x73a0 | ?IsSocketValid@CSimpleSocket@@UEAA_NXZ:0x73b0 | ?Select@CSimpleSocket@@UEAA_NXZ:0x73c0 | ?SetConnectTimeout@CSimpleSocket@@QEAAXHH@Z:0x73d0 | ?SetEndTime@CStatTimer@@QEAAXXZ:0x73e0 | ?SetReceiveWindowSize@CSimpleSocket@@QEAAII@Z:0x73f0 | ?SetSendWindowSize@CSimpleSocket@@QEAAII@Z:0x7400 | ?SetSocketError@CSimpleSocket@@IEAAXW4CSocketError@1@@Z:0x7410 | ?SetSocketHandle@CSimpleSocket@@IEAAX_K@Z:0x7420 | ?SetStartTime@CStatTimer@@QEAAXXZ:0x7430 | plugin_abi_version:0x1563c | plugin_dev:0x15638 | plugin_git_description:0x15648 | plugin_globals:0x15008 | plugin_init:0xbb70 | plugin_lua_functions:0x15010 | plugin_name:0x15000 | plugin_self:0x15630 | plugin_shutdown:0xbb80 | plugin_version:0x15640
misery	D:\program\steam\steamapps\common\DFHack\hack\plugins\misery.plug.dll	5be51574eb7a95183ea8e2fd9345825db99a1e72867af4f5ed9872988bb14636	no_native_display_import				plugin_abi_version:0x3bdf4 | plugin_dev:0x3bde8 | plugin_enable:0x7ca0 | plugin_git_description:0x3be00 | plugin_globals:0x3b008 | plugin_init:0x7f40 | plugin_is_enabled:0x3bde9 | plugin_load_site_data:0x8060 | plugin_lua_functions:0x3b050 | plugin_name:0x3b000 | plugin_onstatechange:0x8340 | plugin_onupdate:0x83e0 | plugin_self:0x3bde0 | plugin_shutdown:0x8410 | plugin_version:0x3bdf8
nestboxes	D:\program\steam\steamapps\common\DFHack\hack\plugins\nestboxes.plug.dll	e5cc53b4d7f3e57e3aaddf07eb273dab6fe4bb05aef7cee16246c44508ef1966	no_native_display_import				plugin_abi_version:0x363ec | plugin_dev:0x363e8 | plugin_enable:0x5500 | plugin_git_description:0x363f8 | plugin_globals:0x36008 | plugin_init:0x57a0 | plugin_is_enabled:0x363e9 | plugin_load_site_data:0x58c0 | plugin_name:0x36000 | plugin_onstatechange:0x5b70 | plugin_onupdate:0x5c10 | plugin_self:0x363e0 | plugin_shutdown:0x5c40 | plugin_version:0x363f0
orders	D:\program\steam\steamapps\common\DFHack\hack\plugins\orders.plug.dll	f85a4932a50b4a0f2a9163432f1b780156712ecc705bc2ea8c16dbe1db838d9b	no_native_display_import				plugin_abi_version:0xadb40 | plugin_dev:0xadb38 | plugin_git_description:0xadb50 | plugin_globals:0xad008 | plugin_init:0x1c180 | plugin_name:0xad000 | plugin_self:0xadb30 | plugin_shutdown:0x1c230 | plugin_version:0xadb48
overlay	D:\program\steam\steamapps\common\DFHack\hack\plugins\overlay.plug.dll	db0a9e5ed6fa42f324a781c08896b2633ef9ce6c4f2d91c8c816200526ad0dbf	overlay_lua_framework	?getWindowSize@Screen@DFHack@@YA?AU?$Coord2d@F$0?HFDA@@2@XZ | ?normalize_text_keys@Screen@DFHack@@YA?AV?$set@W4interface_key@1enums@df@@U?$less@W4interface_key@1enums@df@@@std@@V?$allocator@W4interface_key@1enums@df@@@5@@std@@AEBV34@@Z	??0VMethodInterposeLinkBase@DFHack@@QEAA@PEBVvirtual_identity@1@HPEAX1HPEBD@Z | ??1VMethodInterposeLinkBase@DFHack@@QEAA@XZ | ?apply@VMethodInterposeLinkBase@DFHack@@QEAA_N_N@Z	.?AV<lambda_1>@?1??interpose_fn_logic@?$viewscreen_overlay@Uviewscreen_adopt_regionst@df@@@@QEAAXXZ@ | .?AV<lambda_2>@?4??interpose_fn_feed@?$viewscreen_overlay@Uviewscreen_adopt_regionst@df@@@@QEAAXPEAV?$set@W4interface_key@1enums@df@@U?$less@W4interface_key@1enums@df@@@std@@V?$allocator@W4interface_key@1enums@df@@@5@@std@@@Z@ | .?AV<lambda_1>@?4??interpose_fn_feed@?$viewscreen_overlay@Uviewscreen_adopt_regionst@df@@@@QEAAXPEAV?$set@W4interface_key@1enums@df@@U?$less@W4interface_key@1enums@df@@@std@@V?$allocator@W4interface_key@1enums@df@@@5@@std@@@Z@ | .?AV<lambda_1>@?1??interpose_fn_render@?$viewscreen_overlay@Uviewscreen_adopt_regionst@df@@@@QEAAXI@Z@ | .?AV<lambda_1>@?1??interpose_fn_logic@?$viewscreen_overlay@Uviewscreen_choose_game_typest@df@@@@QEAAXXZ@ | .?AV<lambda_2>@?4??interpose_fn_feed@?$viewscreen_overlay@Uviewscreen_choose_game_typest@df@@@@QEAAXPEAV?$set@W4interface_key@1enums@df@@U?$less@W4interface_key@1enums@df@@@std@@V?$allocator@W4interface_key@1enums@df@@@5@@std@@@Z@ | .?AV<lambda_1>@?4??interpose_fn_feed@?$viewscreen_overlay@Uviewscreen_choose_game_typest@df@@@@QEAAXPEAV?$set@W4interface_key@1enums@df@@U?$less@W4interface_key@1enums@df@@@std@@V?$allocator@W4interface_key@1enums@df@@@5@@std@@@Z@ | .?AV<lambda_1>@?1??interpose_fn_render@?$viewscreen_overlay@Uviewscreen_choose_game_typest@df@@@@QEAAXI@Z@ | .?AV<lambda_1>@?1??interpose_fn_logic@?$viewscreen_overlay@Uviewscreen_choose_start_sitest@df@@@@QEAAXXZ@ | .?AV<lambda_2>@?4??interpose_fn_feed@?$viewscreen_overlay@Uviewscreen_choose_start_sitest@df@@@@QEAAXPEAV?$set@W4interface_key@1enums@df@@U?$less@W4interface_key@1enums@df@@@std@@V?$allocator@W4interface_key@1enums@df@@@5@@std@@@Z@ | .?AV<lambda_1>@?4??interpose_fn_feed@?$viewscreen_overlay@Uviewscreen_choose_start_sitest@df@@@@QEAAXPEAV?$set@W4interface_key@1enums@df@@U?$less@W4interface_key@1enums@df@@@std@@V?$allocator@W4interface_key@1enums@df@@@5@@std@@@Z@ | .?AV<lambda_1>@?1??interpose_fn_render@?$viewscreen_overlay@Uviewscreen_choose_start_sitest@df@@@@QEAAXI@Z@ | .?AV<lambda_1>@?1??interpose_fn_logic@?$viewscreen_overlay@Uviewscreen_dungeonmodest@df@@@@QEAAXXZ@ | .?AV<lambda_2>@?4??interpose_fn_feed@?$viewscreen_overlay@Uviewscreen_dungeonmodest@df@@@@QEAAXPEAV?$set@W4interface_key@1enums@df@@U?$less@W4interface_key@1enums@df@@@std@@V?$allocator@W4interface_key@1enums@df@@@5@@std@@@Z@ | .?AV<lambda_1>@?4??interpose_fn_feed@?$viewscreen_overlay@Uviewscreen_dungeonmodest@df@@@@QEAAXPEAV?$set@W4interface_key@1enums@df@@U?$less@W4interface_key@1enums@df@@@std@@V?$allocator@W4interface_key@1enums@df@@@5@@std@@@Z@ | .?AV<lambda_1>@?1??interpose_fn_render@?$viewscreen_overlay@Uviewscreen_dungeonmodest@df@@@@QEAAXI@Z@ | .?AV<lambda_1>@?1??interpose_fn_logic@?$viewscreen_overlay@Uviewscreen_dwarfmodest@df@@@@QEAAXXZ@ | .?AV<lambda_2>@?4??interpose_fn_feed@?$viewscreen_overlay@Uviewscreen_dwarfmodest@df@@@@QEAAXPEAV?$set@W4interface_key@1enums@df@@U?$less@W4interface_key@1enums@df@@@std@@V?$allocator@W4interface_key@1enums@df@@@5@@std@@@Z@ | .?AV<lambda_1>@?4??interpose_fn_feed@?$viewscreen_overlay@Uviewscreen_dwarfmodest@df@@@@QEAAXPEAV?$set@W4interface_key@1enums@df@@U?$less@W4interface_key@1enums@df@@@std@@V?$allocator@W4interface_key@1enums@df@@@5@@std@@@Z@ | .?AV<lambda_1>@?1??interpose_fn_render@?$viewscreen_overlay@Uviewscreen_dwarfmodest@df@@@@QEAAXI@Z@ | .?AV<lambda_1>@?1??interpose_fn_logic@?$viewscreen_overlay@Uviewscreen_export_regionst@df@@@@QEAAXXZ@ | .?AV<lambda_2>@?4??interpose_fn_feed@?$viewscreen_overlay@Uviewscreen_export_regionst@df@@@@QEAAXPEAV?$set@W4interface_key@1enums@df@@U?$less@W4interface_key@1enums@df@@@std@@V?$allocator@W4interface_key@1enums@df@@@5@@std@@@Z@ | .?AV<lambda_1>@?4??interpose_fn_feed@?$viewscreen_overlay@Uviewscreen_export_regionst@df@@@@QEAAXPEAV?$set@W4interface_key@1enums@df@@U?$less@W4interface_key@1enums@df@@@std@@V?$allocator@W4interface_key@1enums@df@@@5@@std@@@Z@ | .?AV<lambda_1>@?1??interpose_fn_render@?$viewscreen_overlay@Uviewscreen_export_regionst@df@@@@QEAAXI@Z@ | .?AV<lambda_1>@?1??interpose_fn_logic@?$viewscreen_overlay@Uviewscreen_game_cleanerst@df@@@@QEAAXXZ@ | .?AV<lambda_2>@?4??interpose_fn_feed@?$viewscreen_overlay@Uviewscreen_game_cleanerst@df@@@@QEAAXPEAV?$set@W4interface_key@1enums@df@@U?$less@W4interface_key@1enums@df@@@std@@V?$allocator@W4interface_key@1enums@df@@@5@@std@@@Z@ | .?AV<lambda_1>@?4??interpose_fn_feed@?$viewscreen_overlay@Uviewscreen_game_cleanerst@df@@@@QEAAXPEAV?$set@W4interface_key@1enums@df@@U?$less@W4interface_key@1enums@df@@@std@@V?$allocator@W4interface_key@1enums@df@@@5@@std@@@Z@ | .?AV<lambda_1>@?1??interpose_fn_render@?$viewscreen_overlay@Uviewscreen_game_cleanerst@df@@@@QEAAXI@Z@ | .?AV<lambda_1>@?1??interpose_fn_logic@?$viewscreen_overlay@Uviewscreen_initial_prepst@df@@@@QEAAXXZ@ | .?AV<lambda_2>@?4??interpose_fn_feed@?$viewscreen_overlay@Uviewscreen_initial_prepst@df@@@@QEAAXPEAV?$set@W4interface_key@1enums@df@@U?$less@W4interface_key@1enums@df@@@std@@V?$allocator@W4interface_key@1enums@df@@@5@@std@@@Z@ | .?AV<lambda_1>@?4??interpose_fn_feed@?$viewscreen_overlay@Uviewscreen_initial_prepst@df@@@@QEAAXPEAV?$set@W4interface_key@1enums@df@@U?$less@W4interface_key@1enums@df@@@std@@V?$allocator@W4interface_key@1enums@df@@@5@@std@@@Z@ | .?AV<lambda_1>@?1??interpose_fn_render@?$viewscreen_overlay@Uviewscreen_initial_prepst@df@@@@QEAAXI@Z@ | .?AV<lambda_1>@?1??interpose_fn_logic@?$viewscreen_overlay@Uviewscreen_legendsst@df@@@@QEAAXXZ@ | .?AV<lambda_2>@?4??interpose_fn_feed@?$viewscreen_overlay@Uviewscreen_legendsst@df@@@@QEAAXPEAV?$set@W4interface_key@1enums@df@@U?$less@W4interface_key@1enums@df@@@std@@V?$allocator@W4interface_key@1enums@df@@@5@@std@@@Z@ | .?AV<lambda_1>@?4??interpose_fn_feed@?$viewscreen_overlay@Uviewscreen_legendsst@df@@@@QEAAXPEAV?$set@W4interface_key@1enums@df@@U?$less@W4interface_key@1enums@df@@@std@@V?$allocator@W4interface_key@1enums@df@@@5@@std@@@Z@ | .?AV<lambda_1>@?1??interpose_fn_render@?$viewscreen_overlay@Uviewscreen_legendsst@df@@@@QEAAXI@Z@ | .?AV<lambda_1>@?1??interpose_fn_logic@?$viewscreen_overlay@Uviewscreen_loadgamest@df@@@@QEAAXXZ@ | .?AV<lambda_2>@?4??interpose_fn_feed@?$viewscreen_overlay@Uviewscreen_loadgamest@df@@@@QEAAXPEAV?$set@W4interface_key@1enums@df@@U?$less@W4interface_key@1enums@df@@@std@@V?$allocator@W4interface_key@1enums@df@@@5@@std@@@Z@ | .?AV<lambda_1>@?4??interpose_fn_feed@?$viewscreen_overlay@Uviewscreen_loadgamest@df@@@@QEAAXPEAV?$set@W4interface_key@1enums@df@@U?$less@W4interface_key@1enums@df@@@std@@V?$allocator@W4interface_key@1enums@df@@@5@@std@@@Z@ | .?AV<lambda_1>@?1??interpose_fn_render@?$viewscreen_overlay@Uviewscreen_loadgamest@df@@@@QEAAXI@Z@ | .?AV<lambda_1>@?1??interpose_fn_logic@?$viewscreen_overlay@Uviewscreen_new_arenast@df@@@@QEAAXXZ@ | .?AV<lambda_2>@?4??interpose_fn_feed@?$viewscreen_overlay@Uviewscreen_new_arenast@df@@@@QEAAXPEAV?$set@W4interface_key@1enums@df@@U?$less@W4interface_key@1enums@df@@@std@@V?$allocator@W4interface_key@1enums@df@@@5@@std@@@Z@ | .?AV<lambda_1>@?4??interpose_fn_feed@?$viewscreen_overlay@Uviewscreen_new_arenast@df@@@@QEAAXPEAV?$set@W4interface_key@1enums@df@@U?$less@W4interface_key@1enums@df@@@std@@V?$allocator@W4interface_key@1enums@df@@@5@@std@@@Z@ | .?AV<lambda_1>@?1??interpose_fn_render@?$viewscreen_overlay@Uviewscreen_new_arenast@df@@@@QEAAXI@Z@ | .?AV<lambda_1>@?1??interpose_fn_logic@?$viewscreen_overlay@Uviewscreen_new_regionst@df@@@@QEAAXXZ@ | .?AV<lambda_2>@?4??interpose_fn_feed@?$viewscreen_overlay@Uviewscreen_new_regionst@df@@@@QEAAXPEAV?$set@W4interface_key@1enums@df@@U?$less@W4interface_key@1enums@df@@@std@@V?$allocator@W4interface_key@1enums@df@@@5@@std@@@Z@ | .?AV<lambda_1>@?4??interpose_fn_feed@?$viewscreen_overlay@Uviewscreen_new_regionst@df@@@@QEAAXPEAV?$set@W4interface_key@1enums@df@@U?$less@W4interface_key@1enums@df@@@std@@V?$allocator@W4interface_key@1enums@df@@@5@@std@@@Z@ | .?AV<lambda_1>@?1??interpose_fn_render@?$viewscreen_overlay@Uviewscreen_new_regionst@df@@@@QEAAXI@Z@ | .?AV<lambda_1>@?1??interpose_fn_logic@?$viewscreen_overlay@Uviewscreen_savegamest@df@@@@QEAAXXZ@ | .?AV<lambda_2>@?4??interpose_fn_feed@?$viewscreen_overlay@Uviewscreen_savegamest@df@@@@QEAAXPEAV?$set@W4interface_key@1enums@df@@U?$less@W4interface_key@1enums@df@@@std@@V?$allocator@W4interface_key@1enums@df@@@5@@std@@@Z@ | .?AV<lambda_1>@?4??interpose_fn_feed@?$viewscreen_overlay@Uviewscreen_savegamest@df@@@@QEAAXPEAV?$set@W4interface_key@1enums@df@@U?$less@W4interface_key@1enums@df@@@std@@V?$allocator@W4interface_key@1enums@df@@@5@@std@@@Z@ | .?AV<lambda_1>@?1??interpose_fn_render@?$viewscreen_overlay@Uviewscreen_savegamest@df@@@@QEAAXI@Z@ | .?AV<lambda_1>@?1??interpose_fn_logic@?$viewscreen_overlay@Uviewscreen_setupadventurest@df@@@@QEAAXXZ@ | .?AV<lambda_2>@?4??interpose_fn_feed@?$viewscreen_overlay@Uviewscreen_setupadventurest@df@@@@QEAAXPEAV?$set@W4interface_key@1enums@df@@U?$less@W4interface_key@1enums@df@@@std@@V?$allocator@W4interface_key@1enums@df@@@5@@std@@@Z@ | .?AV<lambda_1>@?4??interpose_fn_feed@?$viewscreen_overlay@Uviewscreen_setupadventurest@df@@@@QEAAXPEAV?$set@W4interface_key@1enums@df@@U?$less@W4interface_key@1enums@df@@@std@@V?$allocator@W4interface_key@1enums@df@@@5@@std@@@Z@ | .?AV<lambda_1>@?1??interpose_fn_render@?$viewscreen_overlay@Uviewscreen_setupadventurest@df@@@@QEAAXI@Z@ | .?AV<lambda_1>@?1??interpose_fn_logic@?$viewscreen_overlay@Uviewscreen_setupdwarfgamest@df@@@@QEAAXXZ@ | .?AV<lambda_2>@?4??interpose_fn_feed@?$viewscreen_overlay@Uviewscreen_setupdwarfgamest@df@@@@QEAAXPEAV?$set@W4interface_key@1enums@df@@U?$less@W4interface_key@1enums@df@@@std@@V?$allocator@W4interface_key@1enums@df@@@5@@std@@@Z@ | .?AV<lambda_1>@?4??interpose_fn_feed@?$viewscreen_overlay@Uviewscreen_setupdwarfgamest@df@@@@QEAAXPEAV?$set@W4interface_key@1enums@df@@U?$less@W4interface_key@1enums@df@@@std@@V?$allocator@W4interface_key@1enums@df@@@5@@std@@@Z@ | .?AV<lambda_1>@?1??interpose_fn_render@?$viewscreen_overlay@Uviewscreen_setupdwarfgamest@df@@@@QEAAXI@Z@ | .?AV<lambda_1>@?1??interpose_fn_logic@?$viewscreen_overlay@Uviewscreen_titlest@df@@@@QEAAXXZ@ | .?AV<lambda_2>@?4??interpose_fn_feed@?$viewscreen_overlay@Uviewscreen_titlest@df@@@@QEAAXPEAV?$set@W4interface_key@1enums@df@@U?$less@W4interface_key@1enums@df@@@std@@V?$allocator@W4interface_key@1enums@df@@@5@@std@@@Z@ | .?AV<lambda_1>@?4??interpose_fn_feed@?$viewscreen_overlay@Uviewscreen_titlest@df@@@@QEAAXPEAV?$set@W4interface_key@1enums@df@@U?$less@W4interface_key@1enums@df@@@std@@V?$allocator@W4interface_key@1enums@df@@@5@@std@@@Z@ | .?AV<lambda_1>@?1??interpose_fn_render@?$viewscreen_overlay@Uviewscreen_titlest@df@@@@QEAAXI@Z@ | .?AV<lambda_1>@?1??interpose_fn_logic@?$viewscreen_overlay@Uviewscreen_update_regionst@df@@@@QEAAXXZ@ | .?AV<lambda_2>@?4??interpose_fn_feed@?$viewscreen_overlay@Uviewscreen_update_regionst@df@@@@QEAAXPEAV?$set@W4interface_key@1enums@df@@U?$less@W4interface_key@1enums@df@@@std@@V?$allocator@W4interface_key@1enums@df@@@5@@std@@@Z@ | .?AV<lambda_1>@?4??interpose_fn_feed@?$viewscreen_overlay@Uviewscreen_update_regionst@df@@@@QEAAXPEAV?$set@W4interface_key@1enums@df@@U?$less@W4interface_key@1enums@df@@@std@@V?$allocator@W4interface_key@1enums@df@@@5@@std@@@Z@ | .?AV<lambda_1>@?1??interpose_fn_render@?$viewscreen_overlay@Uviewscreen_update_regionst@df@@@@QEAAXI@Z@ | .?AV<lambda_1>@?1??interpose_fn_logic@?$viewscreen_overlay@Uviewscreen_worldst@df@@@@QEAAXXZ@ | .?AV<lambda_2>@?4??interpose_fn_feed@?$viewscreen_overlay@Uviewscreen_worldst@df@@@@QEAAXPEAV?$set@W4interface_key@1enums@df@@U?$less@W4interface_key@1enums@df@@@std@@V?$allocator@W4interface_key@1enums@df@@@5@@std@@@Z@ | .?AV<lambda_1>@?4??interpose_fn_feed@?$viewscreen_overlay@Uviewscreen_worldst@df@@@@QEAAXPEAV?$set@W4interface_key@1enums@df@@U?$less@W4interface_key@1enums@df@@@std@@V?$allocator@W4interface_key@1enums@df@@@5@@std@@@Z@ | .?AV<lambda_1>@?1??interpose_fn_render@?$viewscreen_overlay@Uviewscreen_worldst@df@@@@QEAAXI@Z@ | .?AV?$_Func_impl_no_alloc@V<lambda_1>@?1??interpose_fn_render@?$viewscreen_overlay@Uviewscreen_worldst@df@@@@QEAAXI@Z@XPEAUlua_State@@@std@@ | .?AV?$_Func_impl_no_alloc@V<lambda_1>@?4??interpose_fn_feed@?$viewscreen_overlay@Uviewscreen_worldst@df@@@@QEAAXPEAV?$set@W4interface_key@1enums@df@@U?$less@W4interface_key@1enums@df@@@std@@V?$allocator@W4interface_key@1enums@df@@@5@@std@@@Z@XPEAUlua_State@@@std@@ | .?AV?$_Func_impl_no_alloc@V<lambda_2>@?4??interpose_fn_feed@?$viewscreen_overlay@Uviewscreen_worldst@df@@@@QEAAXPEAV?$set@W4interface_key@1enums@df@@U?$less@W4interface_key@1enums@df@@@std@@V?$allocator@W4interface_key@1enums@df@@@5@@std@@@Z@XPEAUlua_State@@@std@@ | .?AV?$_Func_impl_no_alloc@V<lambda_1>@?1??interpose_fn_logic@?$viewscreen_overlay@Uviewscreen_worldst@df@@@@QEAAXXZ@XPEAUlua_State@@@std@@ | .?AV?$_Func_impl_no_alloc@V<lambda_1>@?1??interpose_fn_render@?$viewscreen_overlay@Uviewscreen_update_regionst@df@@@@QEAAXI@Z@XPEAUlua_State@@@std@@ | .?AV?$_Func_impl_no_alloc@V<lambda_1>@?4??interpose_fn_feed@?$viewscreen_overlay@Uviewscreen_update_regionst@df@@@@QEAAXPEAV?$set@W4interface_key@1enums@df@@U?$less@W4interface_key@1enums@df@@@std@@V?$allocator@W4interface_key@1enums@df@@@5@@std@@@Z@XPEAUlua_State@@@std@@ | .?AV?$_Func_impl_no_alloc@V<lambda_2>@?4??interpose_fn_feed@?$viewscreen_overlay@Uviewscreen_update_regionst@df@@@@QEAAXPEAV?$set@W4interface_key@1enums@df@@U?$less@W4interface_key@1enums@df@@@std@@V?$allocator@W4interface_key@1enums@df@@@5@@std@@@Z@XPEAUlua_State@@@std@@ | .?AV?$_Func_impl_no_alloc@V<lambda_1>@?1??interpose_fn_logic@?$viewscreen_overlay@Uviewscreen_update_regionst@df@@@@QEAAXXZ@XPEAUlua_State@@@std@@ | .?AV?$_Func_impl_no_alloc@V<lambda_1>@?1??interpose_fn_render@?$viewscreen_overlay@Uviewscreen_titlest@df@@@@QEAAXI@Z@XPEAUlua_State@@@std@@ | .?AV?$_Func_impl_no_alloc@V<lambda_1>@?4??interpose_fn_feed@?$viewscreen_overlay@Uviewscreen_titlest@df@@@@QEAAXPEAV?$set@W4interface_key@1enums@df@@U?$less@W4interface_key@1enums@df@@@std@@V?$allocator@W4interface_key@1enums@df@@@5@@std@@@Z@XPEAUlua_State@@@std@@ | .?AV?$_Func_impl_no_alloc@V<lambda_2>@?4??interpose_fn_feed@?$viewscreen_overlay@Uviewscreen_titlest@df@@@@QEAAXPEAV?$set@W4interface_key@1enums@df@@U?$less@W4interface_key@1enums@df@@@std@@V?$allocator@W4interface_key@1enums@df@@@5@@std@@@Z@XPEAUlua_State@@@std@@ | .?AV?$_Func_impl_no_alloc@V<lambda_1>@?1??interpose_fn_logic@?$viewscreen_overlay@Uviewscreen_titlest@df@@@@QEAAXXZ@XPEAUlua_State@@@std@@ | .?AV?$_Func_impl_no_alloc@V<lambda_1>@?1??interpose_fn_render@?$viewscreen_overlay@Uviewscreen_setupdwarfgamest@df@@@@QEAAXI@Z@XPEAUlua_State@@@std@@ | .?AV?$_Func_impl_no_alloc@V<lambda_1>@?4??interpose_fn_feed@?$viewscreen_overlay@Uviewscreen_setupdwarfgamest@df@@@@QEAAXPEAV?$set@W4interface_key@1enums@df@@U?$less@W4interface_key@1enums@df@@@std@@V?$allocator@W4interface_key@1enums@df@@@5@@std@@@Z@XPEAUlua_State@@@std@@ | .?AV?$_Func_impl_no_alloc@V<lambda_2>@?4??interpose_fn_feed@?$viewscreen_overlay@Uviewscreen_setupdwarfgamest@df@@@@QEAAXPEAV?$set@W4interface_key@1enums@df@@U?$less@W4interface_key@1enums@df@@@std@@V?$allocator@W4interface_key@1enums@df@@@5@@std@@@Z@XPEAUlua_State@@@std@@ | .?AV?$_Func_impl_no_alloc@V<lambda_1>@?1??interpose_fn_logic@?$viewscreen_overlay@Uviewscreen_setupdwarfgamest@df@@@@QEAAXXZ@XPEAUlua_State@@@std@@ | .?AV?$_Func_impl_no_alloc@V<lambda_1>@?1??interpose_fn_render@?$viewscreen_overlay@Uviewscreen_setupadventurest@df@@@@QEAAXI@Z@XPEAUlua_State@@@std@@ | .?AV?$_Func_impl_no_alloc@V<lambda_1>@?4??interpose_fn_feed@?$viewscreen_overlay@Uviewscreen_setupadventurest@df@@@@QEAAXPEAV?$set@W4interface_key@1enums@df@@U?$less@W4interface_key@1enums@df@@@std@@V?$allocator@W4interface_key@1enums@df@@@5@@std@@@Z@XPEAUlua_State@@@std@@ | .?AV?$_Func_impl_no_alloc@V<lambda_2>@?4??interpose_fn_feed@?$viewscreen_overlay@Uviewscreen_setupadventurest@df@@@@QEAAXPEAV?$set@W4interface_key@1enums@df@@U?$less@W4interface_key@1enums@df@@@std@@V?$allocator@W4interface_key@1enums@df@@@5@@std@@@Z@XPEAUlua_State@@@std@@ | .?AV?$_Func_impl_no_alloc@V<lambda_1>@?1??interpose_fn_logic@?$viewscreen_overlay@Uviewscreen_setupadventurest@df@@@@QEAAXXZ@XPEAUlua_State@@@std@@ | .?AV?$_Func_impl_no_alloc@V<lambda_1>@?1??interpose_fn_render@?$viewscreen_overlay@Uviewscreen_savegamest@df@@@@QEAAXI@Z@XPEAUlua_State@@@std@@ | .?AV?$_Func_impl_no_alloc@V<lambda_1>@?4??interpose_fn_feed@?$viewscreen_overlay@Uviewscreen_savegamest@df@@@@QEAAXPEAV?$set@W4interface_key@1enums@df@@U?$less@W4interface_key@1enums@df@@@std@@V?$allocator@W4interface_key@1enums@df@@@5@@std@@@Z@XPEAUlua_State@@@std@@ | .?AV?$_Func_impl_no_alloc@V<lambda_2>@?4??interpose_fn_feed@?$viewscreen_overlay@Uviewscreen_savegamest@df@@@@QEAAXPEAV?$set@W4interface_key@1enums@df@@U?$less@W4interface_key@1enums@df@@@std@@V?$allocator@W4interface_key@1enums@df@@@5@@std@@@Z@XPEAUlua_State@@@std@@ | .?AV?$_Func_impl_no_alloc@V<lambda_1>@?1??interpose_fn_logic@?$viewscreen_overlay@Uviewscreen_savegamest@df@@@@QEAAXXZ@XPEAUlua_State@@@std@@ | .?AV?$_Func_impl_no_alloc@V<lambda_1>@?1??interpose_fn_render@?$viewscreen_overlay@Uviewscreen_new_regionst@df@@@@QEAAXI@Z@XPEAUlua_State@@@std@@ | .?AV?$_Func_impl_no_alloc@V<lambda_1>@?4??interpose_fn_feed@?$viewscreen_overlay@Uviewscreen_new_regionst@df@@@@QEAAXPEAV?$set@W4interface_key@1enums@df@@U?$less@W4interface_key@1enums@df@@@std@@V?$allocator@W4interface_key@1enums@df@@@5@@std@@@Z@XPEAUlua_State@@@std@@ | .?AV?$_Func_impl_no_alloc@V<lambda_2>@?4??interpose_fn_feed@?$viewscreen_overlay@Uviewscreen_new_regionst@df@@@@QEAAXPEAV?$set@W4interface_key@1enums@df@@U?$less@W4interface_key@1enums@df@@@std@@V?$allocator@W4interface_key@1enums@df@@@5@@std@@@Z@XPEAUlua_State@@@std@@ | .?AV?$_Func_impl_no_alloc@V<lambda_1>@?1??interpose_fn_logic@?$viewscreen_overlay@Uviewscreen_new_regionst@df@@@@QEAAXXZ@XPEAUlua_State@@@std@@ | .?AV?$_Func_impl_no_alloc@V<lambda_1>@?1??interpose_fn_render@?$viewscreen_overlay@Uviewscreen_new_arenast@df@@@@QEAAXI@Z@XPEAUlua_State@@@std@@ | .?AV?$_Func_impl_no_alloc@V<lambda_1>@?4??interpose_fn_feed@?$viewscreen_overlay@Uviewscreen_new_arenast@df@@@@QEAAXPEAV?$set@W4interface_key@1enums@df@@U?$less@W4interface_key@1enums@df@@@std@@V?$allocator@W4interface_key@1enums@df@@@5@@std@@@Z@XPEAUlua_State@@@std@@ | .?AV?$_Func_impl_no_alloc@V<lambda_2>@?4??interpose_fn_feed@?$viewscreen_overlay@Uviewscreen_new_arenast@df@@@@QEAAXPEAV?$set@W4interface_key@1enums@df@@U?$less@W4interface_key@1enums@df@@@std@@V?$allocator@W4interface_key@1enums@df@@@5@@std@@@Z@XPEAUlua_State@@@std@@ | .?AV?$_Func_impl_no_alloc@V<lambda_1>@?1??interpose_fn_logic@?$viewscreen_overlay@Uviewscreen_new_arenast@df@@@@QEAAXXZ@XPEAUlua_State@@@std@@ | .?AV?$_Func_impl_no_alloc@V<lambda_1>@?1??interpose_fn_render@?$viewscreen_overlay@Uviewscreen_loadgamest@df@@@@QEAAXI@Z@XPEAUlua_State@@@std@@ | .?AV?$_Func_impl_no_alloc@V<lambda_1>@?4??interpose_fn_feed@?$viewscreen_overlay@Uviewscreen_loadgamest@df@@@@QEAAXPEAV?$set@W4interface_key@1enums@df@@U?$less@W4interface_key@1enums@df@@@std@@V?$allocator@W4interface_key@1enums@df@@@5@@std@@@Z@XPEAUlua_State@@@std@@ | .?AV?$_Func_impl_no_alloc@V<lambda_2>@?4??interpose_fn_feed@?$viewscreen_overlay@Uviewscreen_loadgamest@df@@@@QEAAXPEAV?$set@W4interface_key@1enums@df@@U?$less@W4interface_key@1enums@df@@@std@@V?$allocator@W4interface_key@1enums@df@@@5@@std@@@Z@XPEAUlua_State@@@std@@ | .?AV?$_Func_impl_no_alloc@V<lambda_1>@?1??interpose_fn_logic@?$viewscreen_overlay@Uviewscreen_loadgamest@df@@@@QEAAXXZ@XPEAUlua_State@@@std@@ | .?AV?$_Func_impl_no_alloc@V<lambda_1>@?1??interpose_fn_render@?$viewscreen_overlay@Uviewscreen_legendsst@df@@@@QEAAXI@Z@XPEAUlua_State@@@std@@ | .?AV?$_Func_impl_no_alloc@V<lambda_1>@?4??interpose_fn_feed@?$viewscreen_overlay@Uviewscreen_legendsst@df@@@@QEAAXPEAV?$set@W4interface_key@1enums@df@@U?$less@W4interface_key@1enums@df@@@std@@V?$allocator@W4interface_key@1enums@df@@@5@@std@@@Z@XPEAUlua_State@@@std@@ | .?AV?$_Func_impl_no_alloc@V<lambda_2>@?4??interpose_fn_feed@?$viewscreen_overlay@Uviewscreen_legendsst@df@@@@QEAAXPEAV?$set@W4interface_key@1enums@df@@U?$less@W4interface_key@1enums@df@@@std@@V?$allocator@W4interface_key@1enums@df@@@5@@std@@@Z@XPEAUlua_State@@@std@@ | .?AV?$_Func_impl_no_alloc@V<lambda_1>@?1??interpose_fn_logic@?$viewscreen_overlay@Uviewscreen_legendsst@df@@@@QEAAXXZ@XPEAUlua_State@@@std@@ | .?AV?$_Func_impl_no_alloc@V<lambda_1>@?1??interpose_fn_render@?$viewscreen_overlay@Uviewscreen_initial_prepst@df@@@@QEAAXI@Z@XPEAUlua_State@@@std@@ | .?AV?$_Func_impl_no_alloc@V<lambda_1>@?4??interpose_fn_feed@?$viewscreen_overlay@Uviewscreen_initial_prepst@df@@@@QEAAXPEAV?$set@W4interface_key@1enums@df@@U?$less@W4interface_key@1enums@df@@@std@@V?$allocator@W4interface_key@1enums@df@@@5@@std@@@Z@XPEAUlua_State@@@std@@ | .?AV?$_Func_impl_no_alloc@V<lambda_2>@?4??interpose_fn_feed@?$viewscreen_overlay@Uviewscreen_initial_prepst@df@@@@QEAAXPEAV?$set@W4interface_key@1enums@df@@U?$less@W4interface_key@1enums@df@@@std@@V?$allocator@W4interface_key@1enums@df@@@5@@std@@@Z@XPEAUlua_State@@@std@@ | .?AV?$_Func_impl_no_alloc@V<lambda_1>@?1??interpose_fn_logic@?$viewscreen_overlay@Uviewscreen_initial_prepst@df@@@@QEAAXXZ@XPEAUlua_State@@@std@@ | .?AV?$_Func_impl_no_alloc@V<lambda_1>@?1??interpose_fn_render@?$viewscreen_overlay@Uviewscreen_game_cleanerst@df@@@@QEAAXI@Z@XPEAUlua_State@@@std@@ | .?AV?$_Func_impl_no_alloc@V<lambda_1>@?4??interpose_fn_feed@?$viewscreen_overlay@Uviewscreen_game_cleanerst@df@@@@QEAAXPEAV?$set@W4interface_key@1enums@df@@U?$less@W4interface_key@1enums@df@@@std@@V?$allocator@W4interface_key@1enums@df@@@5@@std@@@Z@XPEAUlua_State@@@std@@ | .?AV?$_Func_impl_no_alloc@V<lambda_2>@?4??interpose_fn_feed@?$viewscreen_overlay@Uviewscreen_game_cleanerst@df@@@@QEAAXPEAV?$set@W4interface_key@1enums@df@@U?$less@W4interface_key@1enums@df@@@std@@V?$allocator@W4interface_key@1enums@df@@@5@@std@@@Z@XPEAUlua_State@@@std@@ | .?AV?$_Func_impl_no_alloc@V<lambda_1>@?1??interpose_fn_logic@?$viewscreen_overlay@Uviewscreen_game_cleanerst@df@@@@QEAAXXZ@XPEAUlua_State@@@std@@ | .?AV?$_Func_impl_no_alloc@V<lambda_1>@?1??interpose_fn_render@?$viewscreen_overlay@Uviewscreen_export_regionst@df@@@@QEAAXI@Z@XPEAUlua_State@@@std@@ | .?AV?$_Func_impl_no_alloc@V<lambda_1>@?4??interpose_fn_feed@?$viewscreen_overlay@Uviewscreen_export_regionst@df@@@@QEAAXPEAV?$set@W4interface_key@1enums@df@@U?$less@W4interface_key@1enums@df@@@std@@V?$allocator@W4interface_key@1enums@df@@@5@@std@@@Z@XPEAUlua_State@@@std@@ | .?AV?$_Func_impl_no_alloc@V<lambda_2>@?4??interpose_fn_feed@?$viewscreen_overlay@Uviewscreen_export_regionst@df@@@@QEAAXPEAV?$set@W4interface_key@1enums@df@@U?$less@W4interface_key@1enums@df@@@std@@V?$allocator@W4interface_key@1enums@df@@@5@@std@@@Z@XPEAUlua_State@@@std@@ | .?AV?$_Func_impl_no_alloc@V<lambda_1>@?1??interpose_fn_logic@?$viewscreen_overlay@Uviewscreen_export_regionst@df@@@@QEAAXXZ@XPEAUlua_State@@@std@@ | .?AV?$_Func_impl_no_alloc@V<lambda_1>@?1??interpose_fn_render@?$viewscreen_overlay@Uviewscreen_dwarfmodest@df@@@@QEAAXI@Z@XPEAUlua_State@@@std@@ | .?AV?$_Func_impl_no_alloc@V<lambda_1>@?4??interpose_fn_feed@?$viewscreen_overlay@Uviewscreen_dwarfmodest@df@@@@QEAAXPEAV?$set@W4interface_key@1enums@df@@U?$less@W4interface_key@1enums@df@@@std@@V?$allocator@W4interface_key@1enums@df@@@5@@std@@@Z@XPEAUlua_State@@@std@@ | .?AV?$_Func_impl_no_alloc@V<lambda_2>@?4??interpose_fn_feed@?$viewscreen_overlay@Uviewscreen_dwarfmodest@df@@@@QEAAXPEAV?$set@W4interface_key@1enums@df@@U?$less@W4interface_key@1enums@df@@@std@@V?$allocator@W4interface_key@1enums@df@@@5@@std@@@Z@XPEAUlua_State@@@std@@ | .?AV?$_Func_impl_no_alloc@V<lambda_1>@?1??interpose_fn_logic@?$viewscreen_overlay@Uviewscreen_dwarfmodest@df@@@@QEAAXXZ@XPEAUlua_State@@@std@@ | .?AV?$_Func_impl_no_alloc@V<lambda_1>@?1??interpose_fn_render@?$viewscreen_overlay@Uviewscreen_dungeonmodest@df@@@@QEAAXI@Z@XPEAUlua_State@@@std@@ | .?AV?$_Func_impl_no_alloc@V<lambda_1>@?4??interpose_fn_feed@?$viewscreen_overlay@Uviewscreen_dungeonmodest@df@@@@QEAAXPEAV?$set@W4interface_key@1enums@df@@U?$less@W4interface_key@1enums@df@@@std@@V?$allocator@W4interface_key@1enums@df@@@5@@std@@@Z@XPEAUlua_State@@@std@@ | .?AV?$_Func_impl_no_alloc@V<lambda_2>@?4??interpose_fn_feed@?$viewscreen_overlay@Uviewscreen_dungeonmodest@df@@@@QEAAXPEAV?$set@W4interface_key@1enums@df@@U?$less@W4interface_key@1enums@df@@@std@@V?$allocator@W4interface_key@1enums@df@@@5@@std@@@Z@XPEAUlua_State@@@std@@ | .?AV?$_Func_impl_no_alloc@V<lambda_1>@?1??interpose_fn_logic@?$viewscreen_overlay@Uviewscreen_dungeonmodest@df@@@@QEAAXXZ@XPEAUlua_State@@@std@@ | .?AV?$_Func_impl_no_alloc@V<lambda_1>@?1??interpose_fn_render@?$viewscreen_overlay@Uviewscreen_choose_start_sitest@df@@@@QEAAXI@Z@XPEAUlua_State@@@std@@ | .?AV?$_Func_impl_no_alloc@V<lambda_1>@?4??interpose_fn_feed@?$viewscreen_overlay@Uviewscreen_choose_start_sitest@df@@@@QEAAXPEAV?$set@W4interface_key@1enums@df@@U?$less@W4interface_key@1enums@df@@@std@@V?$allocator@W4interface_key@1enums@df@@@5@@std@@@Z@XPEAUlua_State@@@std@@ | .?AV?$_Func_impl_no_alloc@V<lambda_2>@?4??interpose_fn_feed@?$viewscreen_overlay@Uviewscreen_choose_start_sitest@df@@@@QEAAXPEAV?$set@W4interface_key@1enums@df@@U?$less@W4interface_key@1enums@df@@@std@@V?$allocator@W4interface_key@1enums@df@@@5@@std@@@Z@XPEAUlua_State@@@std@@ | .?AV?$_Func_impl_no_alloc@V<lambda_1>@?1??interpose_fn_logic@?$viewscreen_overlay@Uviewscreen_choose_start_sitest@df@@@@QEAAXXZ@XPEAUlua_State@@@std@@ | .?AV?$_Func_impl_no_alloc@V<lambda_1>@?1??interpose_fn_render@?$viewscreen_overlay@Uviewscreen_choose_game_typest@df@@@@QEAAXI@Z@XPEAUlua_State@@@std@@ | .?AV?$_Func_impl_no_alloc@V<lambda_1>@?4??interpose_fn_feed@?$viewscreen_overlay@Uviewscreen_choose_game_typest@df@@@@QEAAXPEAV?$set@W4interface_key@1enums@df@@U?$less@W4interface_key@1enums@df@@@std@@V?$allocator@W4interface_key@1enums@df@@@5@@std@@@Z@XPEAUlua_State@@@std@@ | .?AV?$_Func_impl_no_alloc@V<lambda_2>@?4??interpose_fn_feed@?$viewscreen_overlay@Uviewscreen_choose_game_typest@df@@@@QEAAXPEAV?$set@W4interface_key@1enums@df@@U?$less@W4interface_key@1enums@df@@@std@@V?$allocator@W4interface_key@1enums@df@@@5@@std@@@Z@XPEAUlua_State@@@std@@ | .?AV?$_Func_impl_no_alloc@V<lambda_1>@?1??interpose_fn_logic@?$viewscreen_overlay@Uviewscreen_choose_game_typest@df@@@@QEAAXXZ@XPEAUlua_State@@@std@@ | .?AV?$_Func_impl_no_alloc@V<lambda_1>@?1??interpose_fn_render@?$viewscreen_overlay@Uviewscreen_adopt_regionst@df@@@@QEAAXI@Z@XPEAUlua_State@@@std@@ | .?AV?$_Func_impl_no_alloc@V<lambda_1>@?4??interpose_fn_feed@?$viewscreen_overlay@Uviewscreen_adopt_regionst@df@@@@QEAAXPEAV?$set@W4interface_key@1enums@df@@U?$less@W4interface_key@1enums@df@@@std@@V?$allocator@W4interface_key@1enums@df@@@5@@std@@@Z@XPEAUlua_State@@@std@@ | .?AV?$_Func_impl_no_alloc@V<lambda_2>@?4??interpose_fn_feed@?$viewscreen_overlay@Uviewscreen_adopt_regionst@df@@@@QEAAXPEAV?$set@W4interface_key@1enums@df@@U?$less@W4interface_key@1enums@df@@@std@@V?$allocator@W4interface_key@1enums@df@@@5@@std@@@Z@XPEAUlua_State@@@std@@ | .?AV?$_Func_impl_no_alloc@V<lambda_1>@?1??interpose_fn_logic@?$viewscreen_overlay@Uviewscreen_adopt_regionst@df@@@@QEAAXXZ@XPEAUlua_State@@@std@@	plugin_abi_version:0x5f3d0 | plugin_dev:0x5f3c0 | plugin_enable:0x1d5d0 | plugin_git_description:0x5f3e0 | plugin_globals:0x57008 | plugin_init:0x1dd60 | plugin_is_enabled:0x5f3c1 | plugin_lua_functions:0x57050 | plugin_name:0x57000 | plugin_onupdate:0x1de10 | plugin_self:0x5f3b8 | plugin_shutdown:0x1e000 | plugin_version:0x5f3d8
pathable	D:\program\steam\steamapps\common\DFHack\hack\plugins\pathable.plug.dll	2054694dada1f8d8ed996aa6861c21b4662029cc37068bd8259c74ebf27e6944	native_screen_tiles	?findGraphicsTile@Screen@DFHack@@YA_NAEBV?$basic_string@DU?$char_traits@D@std@@V?$allocator@D@2@@std@@HHPEAH1@Z | ?readTile@Screen@DFHack@@YA?AUPen@12@HH_NPEQgraphic_viewportst@df@@PEAH@Z | ?paintTile@Screen@DFHack@@YA_NAEBUPen@12@HH_NPEQgraphic_viewportst@df@@PEAH@Z | ?inGraphicsMode@Screen@DFHack@@YA_NXZ			plugin_abi_version:0x46ad4 | plugin_dev:0x46a88 | plugin_git_description:0x46ae8 | plugin_globals:0x46008 | plugin_init:0x107e0 | plugin_lua_functions:0x46030 | plugin_name:0x46000 | plugin_self:0x46a80 | plugin_shutdown:0x10a30 | plugin_version:0x46ae0
pet-uncapper	D:\program\steam\steamapps\common\DFHack\hack\plugins\pet-uncapper.plug.dll	14dfa2b08427f5e448a2e3953425b2d32f7eb0623908dcbde0737322c80f0f50	no_native_display_import				plugin_abi_version:0x3b3f8 | plugin_dev:0x3b3f0 | plugin_enable:0x8fe0 | plugin_git_description:0x3b408 | plugin_globals:0x3b008 | plugin_init:0x9290 | plugin_is_enabled:0x3b3f1 | plugin_load_site_data:0x9340 | plugin_name:0x3b000 | plugin_onstatechange:0x96e0 | plugin_onupdate:0x9850 | plugin_self:0x3b3e8 | plugin_version:0x3b400
plant	D:\program\steam\steamapps\common\DFHack\hack\plugins\plant.plug.dll	070fa1dec419f64021e50493a2e14f30887d869201aeb4279b4100347fe07cd2	no_native_display_import				plugin_abi_version:0x4321c | plugin_dev:0x431d8 | plugin_git_description:0x43228 | plugin_globals:0x42008 | plugin_init:0xdb40 | plugin_name:0x42000 | plugin_self:0x431d0 | plugin_shutdown:0xdbf0 | plugin_version:0x43220
preserve-rooms	D:\program\steam\steamapps\common\DFHack\hack\plugins\preserve-rooms.plug.dll	ce92ff7e593d41abb0e1497d52bb152a9493795b8c470a39eafe436da68cba82	no_native_display_import				plugin_abi_version:0x63224 | plugin_dev:0x631d8 | plugin_enable:0x26ca0 | plugin_git_description:0x63278 | plugin_globals:0x62008 | plugin_init:0x26ec0 | plugin_is_enabled:0x631d9 | plugin_load_site_data:0x26fe0 | plugin_lua_commands:0x4e9c0 | plugin_lua_functions:0x62060 | plugin_name:0x62000 | plugin_onupdate:0x271c0 | plugin_save_site_data:0x27220 | plugin_self:0x631d0 | plugin_shutdown:0x27370 | plugin_version:0x63270
preserve-tombs	D:\program\steam\steamapps\common\DFHack\hack\plugins\preserve-tombs.plug.dll	04e9f7d58b86276b7624237fdc20d3919157b6ab756ec3f9dc85d91d653ec498	no_native_display_import				plugin_abi_version:0x3b444 | plugin_dev:0x3b438 | plugin_enable:0x8d20 | plugin_git_description:0x3b450 | plugin_globals:0x3b050 | plugin_init:0x8fe0 | plugin_is_enabled:0x3b439 | plugin_load_site_data:0x9090 | plugin_name:0x3b048 | plugin_onstatechange:0x9370 | plugin_onupdate:0x9430 | plugin_self:0x3b430 | plugin_shutdown:0x9460 | plugin_version:0x3b448
probe	D:\program\steam\steamapps\common\DFHack\hack\plugins\probe.plug.dll	2de2c3033c91874d8ff06b9f0b6713f303c0eb2aff25cb0b72bbf0dae910cf46	no_native_display_import				plugin_abi_version:0x47e6c | plugin_dev:0x47e28 | plugin_git_description:0x47e78 | plugin_globals:0x47008 | plugin_init:0x10900 | plugin_name:0x47000 | plugin_self:0x47e20 | plugin_version:0x47e70
prospector	D:\program\steam\steamapps\common\DFHack\hack\plugins\prospector.plug.dll	947a44f6257d9100cc77c816cef7fba9eca904d76f8b2c9b984e876e2028403a	no_native_display_import				plugin_abi_version:0x46e98 | plugin_dev:0x46e58 | plugin_git_description:0x46ea8 | plugin_globals:0x46008 | plugin_init:0x11980 | plugin_name:0x46000 | plugin_self:0x46e50 | plugin_shutdown:0x11a30 | plugin_version:0x46ea0
regrass	D:\program\steam\steamapps\common\DFHack\hack\plugins\regrass.plug.dll	1f66ba0532bbbdfe87a998b17bb4ca3be788f22a01710ec5bdc9ed12ec64f7a2	no_native_display_import				plugin_abi_version:0x4642c | plugin_dev:0x463e8 | plugin_git_description:0x46438 | plugin_globals:0x45008 | plugin_init:0xf420 | plugin_name:0x45000 | plugin_self:0x463e0 | plugin_version:0x46430
RemoteFortressReader	D:\program\steam\steamapps\common\DFHack\hack\plugins\RemoteFortressReader.plug.dll	731a22660db0b07c88ee71ff0b4bcf919471e018af85b22077d5a3a2d04442ae	graphics_globals_or_interpose		?gps@global@df@@3PEAUgraphic@2@EA		plugin_abi_version:0xfa924 | plugin_dev:0xfa8f1 | plugin_git_description:0xfa940 | plugin_globals:0xf8018 | plugin_init:0x26940 | plugin_is_enabled:0xfa8f0 | plugin_name:0xf8010 | plugin_onupdate:0x26a60 | plugin_rpcconnect:0x26a70 | plugin_self:0xfa8f8 | plugin_shutdown:0x27e00 | plugin_version:0xfa928
reveal	D:\program\steam\steamapps\common\DFHack\hack\plugins\reveal.plug.dll	5836f3142fea7cb57db000cc3569acb273589c7742de51fe84e7549b5b0a90f9	no_native_display_import	?inGraphicsMode@Screen@DFHack@@YA_NXZ			plugin_abi_version:0x3f6fc | plugin_dev:0x3f6b8 | plugin_git_description:0x3f708 | plugin_globals:0x3f008 | plugin_init:0xb5b0 | plugin_is_enabled:0x3f6b9 | plugin_lua_functions:0x3f018 | plugin_name:0x3f000 | plugin_onstatechange:0xb7f0 | plugin_onupdate:0xb840 | plugin_self:0x3f6b0 | plugin_shutdown:0xb8b0 | plugin_version:0x3f700
seedwatch	D:\program\steam\steamapps\common\DFHack\hack\plugins\seedwatch.plug.dll	2e2c33ff06cfe1a32cd07554ab9dd345f3f59c29ffbe80119b209717e3b81d73	no_native_display_import				plugin_abi_version:0x49cc0 | plugin_dev:0x49cb8 | plugin_enable:0x122a0 | plugin_git_description:0x49cf0 | plugin_globals:0x49008 | plugin_init:0x12550 | plugin_is_enabled:0x49cb9 | plugin_load_site_data:0x130a0 | plugin_load_world_data:0x136f0 | plugin_lua_commands:0x39800 | plugin_lua_functions:0x49048 | plugin_name:0x49000 | plugin_onstatechange:0x13930 | plugin_onupdate:0x139d0 | plugin_self:0x49cb0 | plugin_shutdown:0x13bc0 | plugin_version:0x49cc8
showmood	D:\program\steam\steamapps\common\DFHack\hack\plugins\showmood.plug.dll	2dd65739df3ec64c2a3d195d35730ce0d75ae6cbc3d4ae184642f365b1f7e90e	no_native_display_import				plugin_abi_version:0x3a67c | plugin_dev:0x3a678 | plugin_git_description:0x3a688 | plugin_globals:0x3a008 | plugin_init:0x8150 | plugin_name:0x3a000 | plugin_self:0x3a670 | plugin_shutdown:0x8200 | plugin_version:0x3a680
smooth-movement	D:\program\steam\steamapps\common\DFHack\hack\plugins\smooth-movement.plug.dll	b7af4fe89b928da527842658660ee1e629574297c32aacae0c2d5a0268c6be86	graphics_globals_or_interpose		?gps@global@df@@3PEAUgraphic@2@EA | ?remove@VMethodInterposeLinkBase@DFHack@@QEAAXXZ | ?apply@VMethodInterposeLinkBase@DFHack@@QEAA_N_N@Z | ??1VMethodInterposeLinkBase@DFHack@@QEAA@XZ | ??0VMethodInterposeLinkBase@DFHack@@QEAA@PEBVvirtual_identity@1@HPEAX1HPEBD@Z		plugin_abi_version:0x57498 | plugin_dev:0x57478 | plugin_enable:0x20190 | plugin_git_description:0x574a8 | plugin_globals:0x57008 | plugin_init:0x20410 | plugin_is_enabled:0x57479 | plugin_name:0x57000 | plugin_self:0x57470 | plugin_shutdown:0x204a0 | plugin_version:0x574a0
sort	D:\program\steam\steamapps\common\DFHack\hack\plugins\sort.plug.dll	cc940a9783a8274986741cb44095aa93544b2ac42a08b0f793a04b829567969f	no_native_display_import				plugin_abi_version:0x3ff60 | plugin_dev:0x3ff58 | plugin_git_description:0x3ff70 | plugin_globals:0x3f008 | plugin_init:0xb700 | plugin_lua_functions:0x3f0b0 | plugin_name:0x3f000 | plugin_self:0x3ff50 | plugin_shutdown:0xb710 | plugin_version:0x3ff68
spectate	D:\program\steam\steamapps\common\DFHack\hack\plugins\spectate.plug.dll	ccc4b66aa05afb64346bc2d8ca357a0812f93ffeaa1cc21776b825c86e173043	no_native_display_import				plugin_abi_version:0x4e288 | plugin_dev:0x4e278 | plugin_enable:0x15df0 | plugin_git_description:0x4e298 | plugin_globals:0x4c008 | plugin_init:0x16480 | plugin_is_enabled:0x4e279 | plugin_lua_functions:0x4d420 | plugin_name:0x4c000 | plugin_onstatechange:0x165a0 | plugin_onupdate:0x166c0 | plugin_self:0x4e270 | plugin_shutdown:0x16a60 | plugin_version:0x4e290
stockflow	D:\program\steam\steamapps\common\DFHack\hack\plugins\stockflow.plug.dll	9ee0d5f068970e0578a163a351868bca49c76306c0196a659c0a9ea8224f022b	no_native_display_import				plugin_abi_version:0x35664 | plugin_dev:0x35660 | plugin_enable:0x47e0 | plugin_git_description:0x35670 | plugin_globals:0x35008 | plugin_init:0x4820 | plugin_is_enabled:0x35661 | plugin_name:0x35000 | plugin_onstatechange:0x48d0 | plugin_onupdate:0x49b0 | plugin_self:0x35658 | plugin_shutdown:0x4a30 | plugin_version:0x35668
stockpiles	D:\program\steam\steamapps\common\DFHack\hack\plugins\stockpiles.plug.dll	491cde63bf56bef22253a1873077940448de29ac5674bb22299ff293996e1359	no_native_display_import				plugin_abi_version:0x128ec8 | plugin_dev:0x128ec0 | plugin_git_description:0x128ed8 | plugin_globals:0x106008 | plugin_init:0x6cd80 | plugin_lua_functions:0x106030 | plugin_name:0x106000 | plugin_self:0x128eb8 | plugin_version:0x128ed0
stocks	D:\program\steam\steamapps\common\DFHack\hack\plugins\stocks.plug.dll	b3c9625a1f70302be53838d20c5885feed70e091105414f25b2fb3cf4c69f387	no_native_display_import				plugin_abi_version:0x60cc | plugin_dev:0x60c8 | plugin_git_description:0x60d8 | plugin_globals:0x6008 | plugin_init:0x1880 | plugin_name:0x6000 | plugin_self:0x60c0 | plugin_version:0x60d0
stonesense	D:\program\steam\steamapps\common\DFHack\hack\plugins\stonesense.plug.dll	90bdcca05fd5ec9e8e3a7464d61cfc0ab1b5cb71b8863fd902e8d54283ac2068	allegro_renderer	?inGraphicsMode@Screen@DFHack@@YA_NXZ | al_hold_bitmap_drawing | al_draw_tinted_scaled_bitmap | al_draw_bitmap | al_draw_bitmap_region | al_draw_filled_rectangle | al_draw_rectangle | al_draw_line | al_draw_text | al_draw_textf | al_draw_ustr	?gps@global@df@@3PEAUgraphic@2@EA		plugin_abi_version:0x1060a8 | plugin_dev:0x101c28 | plugin_git_description:0x1060b8 | plugin_globals:0x1006f8 | plugin_init:0x80a80 | plugin_is_enabled:0x101c29 | plugin_name:0x1006f0 | plugin_onupdate:0x80ba0 | plugin_self:0x101c20 | plugin_shutdown:0x80bb0 | plugin_version:0x1060b0 | stonesense_command:0x80be0
strangemood	D:\program\steam\steamapps\common\DFHack\hack\plugins\strangemood.plug.dll	1fabea22f556ba5855f9db7f48a56d32092b845044369fec2dfa94e82221ae07	no_native_display_import				plugin_abi_version:0x3fddc | plugin_dev:0x3f3f8 | plugin_git_description:0x3fde8 | plugin_globals:0x3f008 | plugin_init:0xc7a0 | plugin_name:0x3f000 | plugin_self:0x3f3f0 | plugin_shutdown:0xc850 | plugin_version:0x3fde0
suspendmanager	D:\program\steam\steamapps\common\DFHack\hack\plugins\suspendmanager.plug.dll	277acdf5f5e97e40619d2610d8ce10403414e6d0bc87d4054640884b211bca25	no_native_display_import				plugin_abi_version:0x50114 | plugin_dev:0x500a8 | plugin_enable:0x17850 | plugin_git_description:0x50120 | plugin_globals:0x4f008 | plugin_init:0x17b60 | plugin_is_enabled:0x500a9 | plugin_load_site_data:0x17d90 | plugin_lua_functions:0x4f080 | plugin_name:0x4f000 | plugin_onstatechange:0x18170 | plugin_onupdate:0x18210 | plugin_self:0x500a0 | plugin_shutdown:0x18250 | plugin_version:0x50118
tailor	D:\program\steam\steamapps\common\DFHack\hack\plugins\tailor.plug.dll	de95a081d4802f25b5d6586c997879d718732c97fce1aff803dad6972df7ce2d	no_native_display_import				plugin_abi_version:0x7df8c | plugin_dev:0x7df60 | plugin_enable:0x1f3d0 | plugin_git_description:0x7df98 | plugin_globals:0x7d008 | plugin_init:0x1f670 | plugin_is_enabled:0x7df61 | plugin_load_site_data:0x1f7d0 | plugin_lua_commands:0x67920 | plugin_lua_functions:0x7d120 | plugin_name:0x7d000 | plugin_onstatechange:0x1ff60 | plugin_onupdate:0x20000 | plugin_self:0x7df58 | plugin_shutdown:0x20070 | plugin_version:0x7df90
tiletypes	D:\program\steam\steamapps\common\DFHack\hack\plugins\tiletypes.plug.dll	fc501daccf4fcef58236b8a393d749bc5162f2421850d8c7dede87ba156d89c4	no_native_display_import				plugin_abi_version:0x83750 | plugin_dev:0x836e0 | plugin_git_description:0x83760 | plugin_globals:0x82008 | plugin_init:0x20b40 | plugin_lua_commands:0x69bd0 | plugin_name:0x82000 | plugin_self:0x836d8 | plugin_shutdown:0x20d30 | plugin_version:0x83758
timestream	D:\program\steam\steamapps\common\DFHack\hack\plugins\timestream.plug.dll	ec9e9887f77c78dd84bb12b03651d607b1464521a4f6a0ce7baa26569e8271d0	no_native_display_import				plugin_abi_version:0x41eac | plugin_dev:0x41e80 | plugin_enable:0xc780 | plugin_git_description:0x41ec0 | plugin_globals:0x41008 | plugin_init:0xcb00 | plugin_is_enabled:0x41e81 | plugin_load_site_data:0xcc20 | plugin_lua_functions:0x41060 | plugin_name:0x41000 | plugin_onstatechange:0xcfc0 | plugin_onupdate:0xd070 | plugin_self:0x41e78 | plugin_shutdown:0xd0a0 | plugin_version:0x41eb0
tubefill	D:\program\steam\steamapps\common\DFHack\hack\plugins\tubefill.plug.dll	bdf2fd6b1882bb7ca4f4f70d338a5af9cd9c50596807fa975bdca565ee972eb5	no_native_display_import				plugin_abi_version:0x343ec | plugin_dev:0x343e8 | plugin_git_description:0x34400 | plugin_globals:0x34008 | plugin_init:0x43a0 | plugin_name:0x34000 | plugin_self:0x343e0 | plugin_shutdown:0x4450 | plugin_version:0x343f0
tweak	D:\program\steam\steamapps\common\DFHack\hack\plugins\tweak.plug.dll	cbad028be2c0fa3b4e29a73ba72c6b63d428547ed8030f95364dc5b2e694fc4c	graphics_globals_or_interpose		??0VMethodInterposeLinkBase@DFHack@@QEAA@AEBV01@@Z | ?remove@VMethodInterposeLinkBase@DFHack@@QEAAXXZ | ?apply@VMethodInterposeLinkBase@DFHack@@QEAA_N_N@Z | ??1VMethodInterposeLinkBase@DFHack@@QEAA@XZ | ??0VMethodInterposeLinkBase@DFHack@@QEAA@PEBVvirtual_identity@1@HPEAX1HPEBD@Z		plugin_abi_version:0x44990 | plugin_dev:0x443e8 | plugin_git_description:0x44bb0 | plugin_globals:0x44008 | plugin_init:0xfc30 | plugin_is_enabled:0x443e9 | plugin_lua_commands:0x36850 | plugin_name:0x44000 | plugin_onupdate:0x10a30 | plugin_self:0x443e0 | plugin_version:0x44a20
work-now	D:\program\steam\steamapps\common\DFHack\hack\plugins\work-now.plug.dll	7928a139b64ceacd817976f45af26a2dfc858d29effcd639202c4b9cdb0fd95a	no_native_display_import				plugin_abi_version:0x353f4 | plugin_dev:0x353f0 | plugin_enable:0x3e80 | plugin_git_description:0x35400 | plugin_globals:0x35008 | plugin_init:0x4140 | plugin_is_enabled:0x353f1 | plugin_load_site_data:0x41f0 | plugin_name:0x35000 | plugin_onstatechange:0x4490 | plugin_self:0x353e8 | plugin_shutdown:0x4670 | plugin_version:0x353f8
xlsxreader	D:\program\steam\steamapps\common\DFHack\hack\plugins\xlsxreader.plug.dll	50d1a7cbf681dd5a50a1cc9bbaf99f42522912d4a48a21a84429d8b89e5788c6	no_native_display_import				plugin_abi_version:0x57774 | plugin_dev:0x57770 | plugin_git_description:0x57780 | plugin_globals:0x57008 | plugin_init:0xd620 | plugin_lua_commands:0x45650 | plugin_lua_functions:0x57010 | plugin_name:0x57000 | plugin_self:0x57768 | plugin_shutdown:0xd630 | plugin_version:0x57778
zone	D:\program\steam\steamapps\common\DFHack\hack\plugins\zone.plug.dll	69403c436b975053824484a55ab5ae0d2b73ec6654cfa74c30f704b5d9f6f1ec	no_native_display_import				plugin_abi_version:0x60cc | plugin_dev:0x60c8 | plugin_git_description:0x60d8 | plugin_globals:0x6008 | plugin_init:0x1880 | plugin_name:0x6000 | plugin_self:0x60c0 | plugin_version:0x60d0
