# Complete noble production/export/price mandates, expiration and demand announcements.
# Native source extraction: data/extracted/fortress-announcement-mandates.
# scope<TAB>source<TAB>target<TAB>semantic fields<TAB>source provenance
fortress-announcement	{s} has mandated the construction of certain goods.	{s1}下令制作某些物品。	$unit	reference 0x14134e739 -> unit formatter 0x141330c30; 0x14134e742..0x14134e770 mode=1 / classic 0x1413496a9 -> 0x14132bba0; 0x1413496b2..0x1413496e0
fortress-announcement	{s} has imposed a ban on certain exports.	{s1}禁止出口某些物品。	$unit	reference 0x14134e739 -> 0x141330c30; 0x14134e742..0x14134e770 mode=0 / classic 0x1413496a9 -> 0x14132bba0; 0x1413496b2..0x1413496e0
fortress-announcement	{s} has altered the prices of goods.	{s1}调整了物品价格。	$unit	reference 0x14134e98b..0x14134e9ab / classic 0x1413498fb..0x14134991b
fortress-announcement	{s}'s mandate has ended.	{s1}的一项法令已结束。	$unit	reference 0x1413b2ac2..0x1413b2b34 matching mandate count=1; unit 0x141330c30 / classic 0x1413ada32..0x1413adaa4; unit 0x14132bba0
fortress-announcement	{s}'s mandates have ended.	{s1}的多项法令已结束。	$unit	reference 0x1413b2ac2..0x1413b2b34 matching mandate count>1; unit 0x141330c30 / classic 0x1413ada32..0x1413adaa4; unit 0x14132bba0
fortress-announcement	{s} has ended a mandate.	{s1}结束了一项法令。	$unit	reference 0x140e3c5aa..0x140e3c5db unit owner still exists / classic 0x140e3751a..0x140e3754b
fortress-announcement	A mandate has ended.	一项法令已结束。		reference 0x140e3c7a6..0x140e3c811 absent mandate unit / classic 0x140e37716..0x140e37781
fortress-announcement	{s} has forgotten a demand.	{s1}忘记了一项要求。	$unit	reference 0x14134ac10..0x14134bb1c literal 0x14134ad01 / classic 0x141345b80..0x141346a8c literal 0x141345c71
fortress-announcement	{s} has a new demand.	{s1}提出了一项新要求。	$unit	reference 0x14134ac10..0x14134bb1c literal 0x14134b8c6 / classic 0x141345b80..0x141346a8c literal 0x141346836
# The automatic queue announcement is external Lua, not a native mandate completion.
# Installed native/DFHack source contains no such string. Exact full sentence is
# attested by the user screenshot; public author documentation identifies the
# candidate Sizzlin's Mandate Fulfill producer but its Lua payload is unavailable.
fortress-announcement	Mandate Fulfilled: Automatically queued {s} x{s} for noble {s}	法令已安排：已为贵族{s3}自动加入工单：{s1} × {s2}。	$job,$digits,$unit	user screenshot codex-clipboard-8a42857b-104a-4f4d-ad82-4f18c2fb0b10.png; candidate external producer https://steamcommunity.com/sharedfiles/filedetails/?id=3735970744; exact Lua implementation unavailable
# Preserve the full type of the noble in sibling announcements from the same
# native mandate cancellation owner; these are complete authored records.
fortress-announcement	The {s} has been missing for a week.	{s1}已经失踪一周。	$unit	reference 0x140e3a003..0x140e3a03b / classic 0x140e34f73..0x140e34fab
fortress-announcement	Congratulations! This fortress is now a Mountainhome, proof that any suggestion of hubris was childish nonsense.	祝贺你！这座要塞如今已成为山国都城，证明那些狂妄自大的指责不过是幼稚的胡言乱语。		reference 0x140e3b691..0x140e3b753 / classic 0x140e36601..0x140e366c3; same owner as mandate cancellation
fortress-announcement	Congratulations! This fortress is now a Mountainhome, proof that any suggestion of hubris was childish nonsense. What are a few pesky demons after all?	祝贺你！这座要塞如今已成为山国都城，证明那些狂妄自大的指责不过是幼稚的胡言乱语。区区几个恼人的恶魔又算得了什么？		reference 0x140e3b691..0x140e3b753 / classic 0x140e36601..0x140e366c3; demon branch
fortress-announcement	Congratulations! This fortress is now a Mountainhome, proof that any suggestion of hubris was childish nonsense. The gods surely want you to dig deeper still!	祝贺你！这座要塞如今已成为山国都城，证明那些狂妄自大的指责不过是幼稚的胡言乱语。诸神一定希望你继续向更深处挖掘！		reference 0x140e3b691..0x140e3b753 / classic 0x140e36601..0x140e366c3; deeper branch
fortress-announcement	Congratulations! This fortress is now a Mountainhome, proof that any suggestion of hubris was childish nonsense. And why shouldn't you dig deeper still?!	祝贺你！这座要塞如今已成为山国都城，证明那些狂妄自大的指责不过是幼稚的胡言乱语。又有什么理由不继续向更深处挖掘呢？！		reference 0x140e3b691..0x140e3b753 / classic 0x140e36601..0x140e366c3; deeper alternative
fortress-announcement	{s} is satisfied with their position here. Everything is properly royal, properly furnished. And yet? A true Mountainhome must have a true throne! And a true ruler requires seven symbols, symbols not of this world. Mere steel will not suffice. This legend does not end until we've chipped out the last treasures of the underworld!	{s1}对自己在这里的地位感到满意。一切都尽显皇家气派，陈设齐备。但这就够了吗？真正的山国都城必须有一座真正的王座！真正的统治者还需要七件象征，来自尘世之外的象征。寻常钢铁远远不够。直到挖出冥界最后的宝藏，这段传奇才会结束！	$unit	reference 0x140e3b82b..0x140e3b933 / classic 0x140e3679b..0x140e368a3; native royalty and underworld branch
fortress-announcement	{s} is satisfied with their position here. Everything is properly royal, properly furnished. And yet? A true Mountainhome must have a true throne! And a true ruler requires seven symbols, symbols not of this world. Mere steel will not suffice. Deeper. We must dig deeper.	{s1}对自己在这里的地位感到满意。一切都尽显皇家气派，陈设齐备。但这就够了吗？真正的山国都城必须有一座真正的王座！真正的统治者还需要七件象征，来自尘世之外的象征。寻常钢铁远远不够。更深。我们必须挖得更深。	$unit	reference 0x140e3b82b..0x140e3b933 / classic 0x140e3679b..0x140e368a3; native royalty and deeper branch
fortress-announcement	{s} is satisfied with their position here. Congratulations! (You should be proud of your accomplishment. Embark in a world with the deepest cavern layers for further challenges.)	{s1}对自己在这里的地位感到满意。祝贺你！（你应当为自己的成就感到自豪。若想迎接进一步的挑战，请在拥有最深洞穴层的世界中启程。）	$unit	reference 0x140e3b82b..0x140e3b933 / classic 0x140e3679b..0x140e368a3; no deepest caverns branch
fortress-announcement	Your fortress is out of food! Consider placing a farmplot on some underground soil and planting seeds. Try building a butcher's shop and slaughtering some livestock. Perhaps you can gather plants, fruit, or go fishing.	你的要塞没有食物了！考虑在地下土壤上建造农田并播种。试着建造屠宰坊，宰杀一些牲畜。也许可以采集植物、水果，或者去捕鱼。		reference 0x140e3ba6c..0x140e3bad6 / classic 0x140e369dc..0x140e36a46; independent farm and butcher branches
fortress-announcement	Your fortress is out of food! Consider placing a farmplot on some underground soil and planting seeds. Do you have any livestock to slaughter? Perhaps you can gather plants, fruit, or go fishing.	你的要塞没有食物了！考虑在地下土壤上建造农田并播种。还有可供宰杀的牲畜吗？也许可以采集植物、水果，或者去捕鱼。		reference 0x140e3ba6c..0x140e3bad6 / classic 0x140e369dc..0x140e36a46; independent farm and butcher branches
fortress-announcement	Your fortress is out of food! Are your farmplots working? Make sure you are planting edible plants. Try building a butcher's shop and slaughtering some livestock. Perhaps you can gather plants, fruit, or go fishing.	你的要塞没有食物了！农田是否正常运作？务必种植可食用的植物。试着建造屠宰坊，宰杀一些牲畜。也许可以采集植物、水果，或者去捕鱼。		reference 0x140e3ba6c..0x140e3bad6 / classic 0x140e369dc..0x140e36a46; independent farm and butcher branches
fortress-announcement	Your fortress is out of food! Are your farmplots working? Make sure you are planting edible plants. Do you have any livestock to slaughter? Perhaps you can gather plants, fruit, or go fishing.	你的要塞没有食物了！农田是否正常运作？务必种植可食用的植物。还有可供宰杀的牲畜吗？也许可以采集植物、水果，或者去捕鱼。		reference 0x140e3ba6c..0x140e3bad6 / classic 0x140e369dc..0x140e36a46; independent farm and butcher branches
