# Scoped procedural creature descriptors; never global UI substring replacements.
# scope<TAB>English form<TAB>简体中文; edit this file, not src/creature_vocabulary.inc.
# Existing terms: data/runtime/translations.tsv / data/runtime/local-overrides.tsv, plus the former overview-joke creature grammar.
# Grammar sources: data/init/globals.lua, vanilla_procedural generators/creatures.lua,
# creatures/shared_info.lua, interactions/{mythical,secret,disturbance}.lua.
# Ordinary species/materials are resolved from data/runtime/translations.tsv before composing a description.

# kind
kind	angel	天使
kind	angels	天使
kind	assistant	助手
kind	assistants	助手
kind	attendant	侍从
kind	attendants	侍从
kind	bane	灾星
kind	banes	灾星
kind	banshee	报丧女妖
kind	banshees	报丧女妖
kind	beast	野兽
kind	beasts	野兽
kind	behemoth	巨兽
kind	behemoths	巨兽
kind	being	生灵
kind	beings	生灵
kind	bogeyman	夜魔
kind	bogeymen	夜魔
kind	brute	蛮怪
kind	brutes	蛮怪
kind	butcher	屠夫
kind	butchers	屠夫
kind	catastrophe	灾变
kind	catastrophes	灾变
kind	champion	冠军
kind	champions	冠军
kind	corpse	尸体
kind	corpses	尸体
kind	creature	生物
kind	creatures	生物
kind	crone	老妖婆
kind	crones	老妖婆
kind	deities	神祇
kind	deity	神祇
kind	demon	恶魔
kind	demons	恶魔
kind	destroyer	毁灭者
kind	destroyers	毁灭者
kind	devil	魔鬼
kind	devils	魔鬼
kind	disaster	灾难
kind	disasters	灾难
kind	dog	狗
kind	dogs	狗
kind	doom	厄运
kind	dooms	厄运
kind	enforcer	执行者
kind	enforcers	执行者
kind	experiment	实验体
kind	experiments	实验体
kind	eye	眼
kind	eyes	眼
kind	fiend	邪魔
kind	fiends	邪魔
kind	fighter	战士
kind	fighters	战士
kind	fist	拳
kind	fists	拳
kind	follies	荒唐造物
kind	folly	荒唐造物
kind	force	自然之灵
kind	forces	自然之灵
kind	forgotten beast	遗忘猛兽
kind	forgotten beasts	遗忘猛兽
kind	freak	怪胎
kind	freaks	怪胎
kind	ghost	幽灵
kind	ghosts	幽灵
kind	ghoul	食尸鬼
kind	ghouls	食尸鬼
kind	giant	巨人
kind	giants	巨人
kind	god	神祇
kind	goddess	女神
kind	goddesses	女神
kind	gods	神祇
kind	guardian	守护者
kind	guardians	守护者
kind	hag	妖婆
kind	hags	妖婆
kind	hand	手
kind	hands	手
kind	harbinger	先驱
kind	harbingers	先驱
kind	haunt	鬼怪
kind	haunts	鬼怪
kind	helper	帮手
kind	helpers	帮手
kind	horror	恐怖怪物
kind	horrors	恐怖怪物
kind	hound	猎犬
kind	hounds	猎犬
kind	hulk	巨怪
kind	hulks	巨怪
kind	husk	躯壳
kind	husks	躯壳
kind	hunter	猎人
kind	hunters	猎人
kind	judgment	审判
kind	judgments	审判
kind	man	男子
kind	men	男子
kind	messenger	信使
kind	messengers	信使
kind	minion	爪牙
kind	minions	爪牙
kind	mistake	错误
kind	mistakes	错误
kind	monster	怪物
kind	monsters	怪物
kind	mountain	山峰
kind	mountains	山峰
kind	mummies	木乃伊
kind	mummy	木乃伊
kind	necromancer	死灵法师
kind	necromancers	死灵法师
kind	nightmare	梦魇
kind	nightmares	梦魇
kind	ogre	食人魔
kind	ogres	食人魔
kind	ogress	食人魔
kind	ogresses	食人魔
kind	one	者
kind	ones	者
kind	pawn	卒子
kind	pawns	卒子
kind	phantom	幻灵
kind	phantoms	幻灵
kind	puppet	傀儡
kind	puppets	傀儡
kind	retainer	随从
kind	retainers	随从
kind	ruination	毁灭
kind	ruinations	毁灭
kind	servant	仆从
kind	servants	仆从
kind	shade	幽影
kind	shades	幽影
kind	slayer	杀手
kind	slayers	杀手
kind	soldier	士兵
kind	soldiers	士兵
kind	specter	幽魂
kind	specters	幽魂
kind	spirit	精怪
kind	spirits	精怪
kind	stalker	潜行者
kind	stalkers	潜行者
kind	thrall	奴仆
kind	thralls	奴仆
kind	titan	泰坦
kind	titans	泰坦
kind	tower	高塔
kind	towers	高塔
kind	troll	巨魔
kind	trolls	巨魔
kind	vampire	吸血鬼
kind	vampires	吸血鬼
kind	warrior	战士
kind	warriors	战士
kind	werebeast	狂化生物
kind	werebeasts	狂化生物
kind	wolf	狼
kind	wolves	狼
kind	woman	女子
kind	women	女子
kind	worker	工人
kind	workers	工人
kind	wraith	怨灵
kind	wraiths	怨灵
kind	zombie	僵尸
kind	zombies	僵尸

# spouse
spouse	bride	新娘
spouse	bridegroom	新郎
spouse	bridegrooms	新郎
spouse	brides	新娘
spouse	consort	配偶
spouse	consorts	配偶
spouse	groom	新郎
spouse	grooms	新郎
spouse	husband	丈夫
spouse	husbands	丈夫
spouse	mate	伴侣
spouse	mates	伴侣
spouse	spouse	配偶
spouse	spouses	配偶
spouse	wife	妻子
spouse	wives	妻子

# modifier
modifier	amber	琥珀
modifier	ash	灰烬
modifier	backward	关节反向的
modifier	bark	树皮
modifier	baying	狂吠的
modifier	bellowing	咆哮的
modifier	below	地底
modifier	bitter	苦痛
modifier	black	黑色
modifier	bleak	阴冷
modifier	blighted	枯萎
modifier	blind	无眼的
modifier	blizzard	暴风雪
modifier	bloated	肿胀的
modifier	blue	蓝色
modifier	boiling	沸腾
modifier	bone	骨骸
modifier	bones	骨骸
modifier	branch	枝条
modifier	branches	枝条
modifier	bright	明亮
modifier	brine	盐水
modifier	bronze	青铜
modifier	brooding	阴郁的
modifier	brown	棕色
modifier	brush	灌木丛
modifier	buggy	异常
modifier	buried	埋葬
modifier	burning	燃烧
modifier	cave	洞穴
modifier	cavern	洞穴
modifier	caverns	洞穴
modifier	change	变革
modifier	chaos	混沌
modifier	cinder	炉渣
modifier	cinders	炉渣
modifier	cloud	云
modifier	clouds	云
modifier	coal	煤
modifier	coffin	棺中
modifier	cold	寒冷
modifier	coral	珊瑚
modifier	corrupted	腐化
modifier	crescent	新月
modifier	crooked	歪斜的
modifier	crypt	地穴
modifier	crystal	水晶
modifier	crystals	水晶
modifier	cursed	被诅咒的
modifier	damned	被诅咒的
modifier	dark	黑暗
modifier	darkness	黑暗
modifier	dawn	黎明
modifier	day	白昼
modifier	death	死亡
modifier	deep	深层
modifier	desert	沙漠
modifier	diseased	患病
modifier	dismal	阴惨
modifier	doomed	遭劫
modifier	dread	恐惧
modifier	dream	梦境
modifier	dreams	梦境
modifier	dusk	黄昏
modifier	earth	大地
modifier	eclipse	月蚀
modifier	emaciated	瘦骨嶙峋的
modifier	ember	余烬
modifier	embers	余烬
modifier	empty	空虚
modifier	entombed	葬入墓穴的
modifier	eruption	喷发
modifier	eruptions	喷发
modifier	evil	邪恶
modifier	eyeless	无眼的
modifier	faded	消逝
modifier	faint	黯淡
modifier	fallen	堕落
modifier	fear	恐惧
modifier	fell	凶恶
modifier	fetid	腐臭
modifier	filth	污物
modifier	fire	火焰
modifier	flame	烈焰
modifier	flames	烈焰
modifier	flaming	燃烧
modifier	flare	耀斑
modifier	flash	闪光
modifier	flood	洪水
modifier	flowing	流动
modifier	foam	泡沫
modifier	fog	浓雾
modifier	forest	森林
modifier	forests	森林
modifier	forlorn	凄凉
modifier	frozen	冰冻
modifier	gale	狂风
modifier	gales	狂风
modifier	gaunt	干瘦
modifier	gem	宝石
modifier	gems	宝石
modifier	glacier	冰川
modifier	glass	玻璃
modifier	glitch	异常
modifier	gloom	幽暗
modifier	gold	黄金
modifier	golden	黄金
modifier	grass	草
modifier	grasses	草
modifier	grave	墓穴
modifier	gray	灰色
modifier	green	绿色
modifier	grim	阴森
modifier	grime	污垢
modifier	groaning	呻吟的
modifier	grumbling	低声嘟哝的
modifier	heights	高地
modifier	hidden	隐秘
modifier	hill	丘陵
modifier	hollow	空洞
modifier	horror	恐怖
modifier	howling	嚎叫的
modifier	hulking	魁梧的
modifier	hurricane	飓风
modifier	ice	冰
modifier	infected	感染
modifier	inferno	炼狱
modifier	interred	埋葬
modifier	iron	铁
modifier	jewel	珠宝
modifier	jewels	珠宝
modifier	jungle	丛林
modifier	lake	湖泊
modifier	lava	熔岩
modifier	leaf	树叶
modifier	leaves	树叶
modifier	light	光明
modifier	lightning	闪电
modifier	lost	迷失
modifier	lumbering	步履笨重的
modifier	lunar	月亮
modifier	maelstrom	漩涡
modifier	magma	岩浆
modifier	marsh	湿地
modifier	mausoleum	陵墓
modifier	metal	金属
modifier	midnight	午夜
modifier	misfortune	厄运
modifier	mist	迷雾
modifier	moaning	哀吟的
modifier	moon	月夜
modifier	morning	清晨
modifier	mountain	山峰
modifier	mountains	山峰
modifier	muck	污泥
modifier	mud	淤泥
modifier	muttering	喃喃自语的
modifier	narrow	瘦长的
modifier	night	夜行
modifier	nightmare	梦魇
modifier	nightmares	梦魇
modifier	noon	正午
modifier	ocean	海洋
modifier	oceans	海洋
modifier	once-resting	曾安息的
modifier	one-eyed	独眼
modifier	pale	苍白
modifier	peak	峰顶
modifier	peaks	峰顶
modifier	plague	瘟疫
modifier	plains	平原
modifier	poisoned	中毒
modifier	profane	亵渎
modifier	putrid	腐败
modifier	quagmire	泥潭
modifier	rain	雨
modifier	rains	雨
modifier	raised	复生
modifier	red	红色
modifier	returned	复生
modifier	ridge	山脊
modifier	risen	复生
modifier	root	根
modifier	roots	根
modifier	rotten	腐烂
modifier	ruined	毁灭
modifier	sacred	神圣
modifier	sallow	蜡黄
modifier	salt	盐
modifier	sanctified	神圣
modifier	sand	沙地
modifier	savanna	稀树草原
modifier	scorching	灼热
modifier	screaming	尖叫的
modifier	sea	海
modifier	seas	海
modifier	sepulcher	墓穴
modifier	shade	幽影
modifier	shadow	暗影
modifier	shining	闪耀
modifier	shrieking	尖啸的
modifier	shrouded	隐蔽
modifier	silver	白银
modifier	skinless	无皮的
modifier	sky	天空
modifier	sleep	睡眠
modifier	sleeping	沉眠
modifier	sleet	雨夹雪
modifier	slick	湿滑
modifier	sludge	烂泥
modifier	slush	雪泥
modifier	snow	雪
modifier	soot	煤烟
modifier	star	星辰
modifier	stars	星辰
modifier	starved	饥饿的
modifier	steam	蒸汽
modifier	steel	钢铁
modifier	stone	石质
modifier	storm	风暴
modifier	storms	风暴
modifier	summit	山巅
modifier	sun	太阳
modifier	sunless	无日
modifier	swamp	沼泽
modifier	taiga	针叶林
modifier	tainted	污染
modifier	tear	泪水
modifier	tears	泪水
modifier	terror	恐怖
modifier	three-eyed	三眼
modifier	tidal	潮汐
modifier	tide	潮汐
modifier	tides	潮汐
modifier	tomb	墓穴
modifier	tornado	龙卷风
modifier	tree	树木
modifier	trees	树木
modifier	tundra	苔原
modifier	tunnel	隧道
modifier	tunnels	隧道
modifier	twilight	暮光
modifier	twisted	扭曲的
modifier	under	地底
modifier	verdant	苍翠
modifier	vile	邪恶
modifier	void	虚空
modifier	volcano	火山
modifier	volcanoes	火山
modifier	vomit	呕吐物
modifier	wailing	哀嚎的
modifier	waste	污秽
modifier	wasting	衰败
modifier	water	水
modifier	waters	水
modifier	whispering	低语的
modifier	white	白色
modifier	wicked	邪恶
modifier	wind	风
modifier	winged	有翼的

# Sphere adjectives absent from the existing ADJ word senses / literal tables,
# plus context-specific senses that differ from UI or generated surname usage.
# All installed forms are gathered from globals.lua by the shared generator;
# nouns reuse the existing deity-sphere entries in data/runtime/translations.tsv (flag r).
sphere_adjective	agricultural	农业
sphere_adjective	artistic	艺术
sphere_adjective	baked	烘焙
sphere_adjective	balanced	平衡
sphere_adjective	birthing	诞生
sphere_adjective	chaotic	混沌
sphere_adjective	charitable	慈善
sphere_adjective	child-like	孩童般的
sphere_adjective	colorful	多彩
sphere_adjective	crafted	工艺
sphere_adjective	created	创造
sphere_adjective	dawning	黎明
sphere_adjective	dead	死亡
sphere_adjective	deceitful	欺诈
sphere_adjective	deformed	畸形
sphere_adjective	delineated	划界
sphere_adjective	depraved	堕落
sphere_adjective	disciplined	自律
sphere_adjective	dreaming	梦境
sphere_adjective	dusklight	暮光
sphere_adjective	electrical	电流
sphere_adjective	enslaved	被奴役的
sphere_adjective	enterprising	进取
sphere_adjective	fertile	丰饶
sphere_adjective	forgiving	宽恕
sphere_adjective	gambling	赌博
sphere_adjective	generous	慷慨
sphere_adjective	hospitable	热情好客
sphere_adjective	inspired	灵感
sphere_adjective	jealous	嫉妒
sphere_adjective	jeweled	珠宝
sphere_adjective	laboring	劳动
sphere_adjective	lettered	博学
sphere_adjective	long-lived	长寿
sphere_adjective	lordly	领主般的
sphere_adjective	loving	慈爱
sphere_adjective	married	已婚
sphere_adjective	miserable	苦难
sphere_adjective	moonlit	月光
sphere_adjective	murderous	凶残
sphere_adjective	nightmarish	梦魇
sphere_adjective	noon-time	正午
sphere_adjective	painted	彩绘
sphere_adjective	protected	受庇护的
sphere_adjective	reborn	重生
sphere_adjective	rigid	严苛
sphere_adjective	seasonal	四季
sphere_adjective	starry	繁星
sphere_adjective	sworn	立誓
sphere_adjective	thieving	盗窃
sphere_adjective	thunderous	雷鸣
sphere_adjective	traveling	旅行
sphere_adjective	treacherous	背叛
sphere_adjective	tricky	诡计
sphere_adjective	valorous	英勇
sphere_adjective	victorious	胜利
sphere_adjective	volcanic	火山
sphere_adjective	warring	战争
sphere_adjective	watery	水

# role
role	adept	行家
role	ancient	古老者
role	cleric	祭司
role	cultist	教徒
role	elder	长老
role	follower	追随者
role	lord	领主
role	master	大师
role	priest	祭司
role	servant	仆从
role	shaman	萨满
role	worshipper	信徒

# Missing generic body profiles from creatures/rcp.lua. Existing full species names
# come from data/runtime/translations.tsv; generic mammal terms follow the existing were-species lexicon.
profile	ankylosaurid	甲龙
profile	anteater	食蚁兽
profile	antelope	羚羊
profile	armless biped	无臂双足生物
profile	antlion larva	蚁蛉幼虫
profile	ape	猿
profile	aphid	蚜虫
profile	assassin bug	猎蝽
profile	bear	熊
profile	bee	蜜蜂
profile	bison	野牛
profile	blob	滴团
profile	bristleworm	多毛虫
profile	buffalo	水牛
profile	bunting	鹀
profile	butterfly	蝴蝶
profile	caddisfly	石蛾
profile	camel	骆驼
profile	caterpillar	毛虫
profile	ceratopsid	角龙
profile	chickadee	黑顶山雀
profile	cicada	蝉
profile	civet	灵猫
profile	click beetle	叩甲
profile	cobra	眼镜蛇
profile	cockatoo	凤头鹦鹉
profile	cockroach	蟑螂
profile	condor	兀鹫
profile	crane	鹤
profile	cricket	蟋蟀
profile	crocodile	鳄鱼
profile	cuckoo	杜鹃
profile	decapod	十足生物
profile	darkling beetle	拟步甲
profile	dove	鸽
profile	dung beetle	蜣螂
profile	earthworm	蚯蚓
profile	earwig	蠼螋
profile	falcon	隼
profile	fantail	扇尾鹟
profile	finch	雀
profile	flamingo	火烈鸟
profile	flat worm	扁形虫
profile	flea	跳蚤
profile	flycatcher	鹟
profile	frog	青蛙
profile	fruit bat	果蝠
profile	gecko	壁虎
profile	gopher	囊地鼠
profile	grebe	鸊鷉
profile	grouse	松鸡
profile	gull	海鸥
profile	hadrosaurid	鸭嘴龙
profile	harrier	鹞
profile	hawk	鹰
profile	hexapod	六足生物
profile	hippopotamus	河马
profile	honeyeater	吸蜜鸟
profile	hornet	胡蜂
profile	humanoid	人形生物
profile	hummingbird	蜂鸟
profile	iguanodont	禽龙
profile	jay	松鸦
profile	kingfisher	翠鸟
profile	kinglet	戴菊
profile	kite	鸢
profile	lacewing	草蛉
profile	ladybug	瓢虫
profile	lark	云雀
profile	lemur	狐猴
profile	lobster	龙虾
profile	loris	懒猴
profile	lyrebird	琴鸟
profile	maggot	蛆
profile	mammoth	猛犸象
profile	marmot	旱獭
profile	martin	毛脚燕
profile	mayfly	蜉蝣
profile	mite	螨虫
profile	mockingbird	嘲鸫
profile	mole	鼹鼠
profile	monitor	巨蜥
profile	monkey	猴
profile	mouse	鼠
profile	nematode	线虫
profile	newt	水螈
profile	nightjar	夜鹰
profile	nuthatch	鳾
profile	octopod	八足生物
profile	otter	水獭
profile	owl	猫头鹰
profile	oxpecker	牛椋鸟
profile	panther	黑豹
profile	parrot	鹦鹉
profile	pelican	鹈鹕
profile	petrel	海燕
profile	pheasant	雉鸡
profile	pigeon	鸽子
profile	primate	灵长类生物
profile	pterosaur	翼龙
profile	quadruped	四足兽
profile	quail	鹌鹑
profile	quetzal	凤尾绿咬鹃
profile	rhinoceros beetle	独角仙
profile	ribbon worm	纽形虫
profile	rove beetle	隐翅虫
profile	salamander	蝾螈
profile	sauropod	蜥脚龙
profile	scarab beetle	金龟子
profile	scorpion	蝎子
profile	scorpionfly	蝎蛉
profile	serpent	蛇
profile	shrew	鼩鼱
profile	shrike	伯劳
profile	shrimp	虾
profile	silverfish	衣鱼
profile	snake	蛇
profile	snakefly	蛇蛉
profile	spider	蜘蛛
profile	squirrel	松鼠
profile	stag beetle	锹甲
profile	starling	椋鸟
profile	stegosaurid	剑龙
profile	stick insect	竹节虫
profile	stonefly	石蝇
profile	stork	鹳
profile	swallow	燕子
profile	swift	雨燕
profile	tanager	唐纳雀
profile	tarantula	捕鸟蛛
profile	theropod	兽脚龙
profile	thornbill	刺嘴莺
profile	thrush	鸫
profile	tiger beetle	虎甲
profile	titmouse	山雀
profile	tortoise	陆龟
profile	toucan	巨嘴鸟
profile	turtle	龟
profile	viper	蝰蛇
profile	warbler	莺
profile	wasp	黄蜂
profile	waxwing	太平鸟
profile	weevil	象甲
profile	woodpecker	啄木鸟
profile	worm	蠕虫
profile	wyrm	蠕龙
profile	zebra	斑马

# Existing full form used alongside the generator's shortened monitor profile.
were_alias	monitor lizard	巨蜥

# Shared identity prefixes retain the established creature/material wording.
size_prefix	giant	巨型
size_prefix	gigantic	巨型
form_prefix	were	狂化
