# Brewing Plus 0.99 local authored display translations; no source RAW or Lua changes.
A small flying insect that lives in large colonies.  It has a powerful stinger on its tail.  Its hives are prized for their honey.	一种群居的小型飞虫，尾部有强力的螫针。它们的蜂巢因出产蜂蜜而备受珍视。	l
A small woolly insect that lives in hive colonies.  It has an annoying sting which it rarely uses.	一种在蜂巢中群居的多毛小昆虫。它的螫针会让人疼痛，但很少使用。	l
apple	苹果	l
apple bark dye	苹果树皮染料	l
apple brandy	苹果白兰地	l
apple cider	苹果酒	l
apple flower	苹果花	l
apple leaf	苹果叶	l
apple leaf dye	苹果叶染料	l
apple leaves	苹果叶	l
apple mash	苹果酿醪	l
apple seed	苹果种子	l
apple seeds	苹果种子	l
apple tree	苹果树	l
apple wood	苹果木材	l
apricot	杏	l
apricot bark dye	杏树皮染料	l
apricot brandy	杏白兰地	l
apricot flower	杏花	l
apricot leaf	杏叶	l
apricot leaves	杏叶	l
apricot mash	杏酿醪	l
apricot pit	杏果核	l
apricot pits	杏果核	l
apricot tree	杏树	l
apricot wine	杏果酒	l
apricot wood	杏木材	l
artichoke	洋蓟	l
artichoke brandy	洋蓟白兰地	l
artichoke flower	洋蓟花	l
artichoke heart	洋蓟菜心	l
artichoke leaf	洋蓟叶	l
artichoke leaves	洋蓟叶	l
artichoke mash	洋蓟酿醪	l
artichoke seed	洋蓟种子	l
artichoke seeds	洋蓟种子	l
artichoke wine	洋蓟果酒	l
banana	香蕉	l
banana brandy	香蕉白兰地	l
banana flower	香蕉花	l
banana leaf	香蕉叶	l
banana leaf dye	香蕉叶染料	l
banana leaves	香蕉叶	l
banana mash	香蕉酿醪	l
banana peel dye	香蕉果皮染料	l
banana seed	香蕉种子	l
banana seeds	香蕉种子	l
banana tree	香蕉树	l
banana wine	香蕉果酒	l
barley	大麦	l
barley flour	大麦粉	l
barley leaf	大麦叶	l
barley leaves	大麦叶	l
barley mash	大麦酿醪	l
barley seed	大麦种子	l
barley seeds	大麦种子	l
barley whiskey	大麦威士忌	l
Barrel Rack	酒桶架	l
bayberries	杨梅	l
bayberry	杨梅	l
bayberry brandy	杨梅白兰地	l
bayberry dye	杨梅染料	l
bayberry leaf	杨梅叶	l
bayberry leaf dye	杨梅叶染料	l
bayberry leaves	杨梅叶	l
bayberry mash	杨梅酿醪	l
bayberry pollen catkin	杨梅雄柔荑花序	l
bayberry seed	杨梅种子	l
bayberry seed catkin	杨梅雌柔荑花序	l
bayberry seeds	杨梅种子	l
bayberry tree	杨梅树	l
bayberry wine	杨梅果酒	l
bayberry wood	杨梅木材	l
beer	啤酒	l
beet flower spike	甜菜花穗	l
beet leaf	甜菜叶	l
beet leaves	甜菜叶	l
beet mash	甜菜酿醪	l
beet plant	甜菜植株	l
beet seed	甜菜种子	l
beet seeds	甜菜种子	l
beetroot brandy	甜菜根白兰地	l
beetroot wine	甜菜根果酒	l
bilberries	越橘	l
bilberry	越橘	l
bilberry brandy	越橘白兰地	l
bilberry bush	越橘灌木	l
bilberry dye	越橘染料	l
bilberry flower	越橘花	l
bilberry leaf	越橘叶	l
bilberry leaves	越橘叶	l
bilberry mash	越橘酿醪	l
bilberry seed	越橘种子	l
bilberry seeds	越橘种子	l
bilberry wine	越橘果酒	l
blackberries	黑莓	l
blackberry	黑莓	l
blackberry brandy	黑莓白兰地	l
blackberry bush	黑莓灌木	l
blackberry dye	黑莓染料	l
blackberry flower	黑莓花	l
blackberry leaf	黑莓叶	l
blackberry leaves	黑莓叶	l
blackberry mash	黑莓酿醪	l
blackberry seed	黑莓种子	l
blackberry seeds	黑莓种子	l
blackberry wine	黑莓果酒	l
bloated tuber	膨地根	l
bloated tuber mash	膨地根酿醪	l
bloated tuber seed	膨地根种子	l
bloated tuber seeds	膨地根种子	l
blood amaranth	血苋	l
blood amaranth beer	血苋啤酒	l
blood amaranth flour	血苋粉	l
blood amaranth inflorescence	血苋花序	l
blood amaranth leaf	血苋叶	l
blood amaranth leaves	血苋叶	l
blood amaranth mash	血苋酿醪	l
blood amaranth seed	血苋种子	l
blood amaranth seeds	血苋种子	l
blood amaranth whiskey	血苋威士忌	l
blueberries	蓝莓	l
blueberry	蓝莓	l
blueberry brandy	蓝莓白兰地	l
blueberry bush	蓝莓灌木	l
blueberry dye	蓝莓染料	l
blueberry flower	蓝莓花	l
blueberry leaf	蓝莓叶	l
blueberry leaves	蓝莓叶	l
blueberry mash	蓝莓酿醪	l
blueberry seed	蓝莓种子	l
blueberry seeds	蓝莓种子	l
blueberry wine	蓝莓果酒	l
boiling apple brandy	沸腾的苹果白兰地	l
boiling apple cider	沸腾的苹果酒	l
boiling apple mash	沸腾的苹果酿醪	l
boiling apricot brandy	沸腾的杏白兰地	l
boiling apricot mash	沸腾的杏酿醪	l
boiling apricot wine	沸腾的杏果酒	l
boiling artichoke brandy	沸腾的洋蓟白兰地	l
boiling artichoke mash	沸腾的洋蓟酿醪	l
boiling artichoke wine	沸腾的洋蓟果酒	l
boiling banana brandy	沸腾的香蕉白兰地	l
boiling banana mash	沸腾的香蕉酿醪	l
boiling banana wine	沸腾的香蕉果酒	l
boiling barley mash	沸腾的大麦酿醪	l
boiling barley whiskey	沸腾的大麦威士忌	l
boiling bayberry brandy	沸腾的杨梅白兰地	l
boiling bayberry mash	沸腾的杨梅酿醪	l
boiling bayberry wine	沸腾的杨梅果酒	l
boiling beer	沸腾的啤酒	l
boiling beet mash	沸腾的甜菜酿醪	l
boiling beetroot brandy	沸腾的甜菜根白兰地	l
boiling beetroot wine	沸腾的甜菜根果酒	l
boiling bilberry brandy	沸腾的越橘白兰地	l
boiling bilberry mash	沸腾的越橘酿醪	l
boiling bilberry wine	沸腾的越橘果酒	l
boiling blackberry brandy	沸腾的黑莓白兰地	l
boiling blackberry mash	沸腾的黑莓酿醪	l
boiling blackberry wine	沸腾的黑莓果酒	l
boiling bloated tuber mash	沸腾的膨地根酿醪	l
boiling blood amaranth beer	沸腾的血苋啤酒	l
boiling blood amaranth mash	沸腾的血苋酿醪	l
boiling blood amaranth whiskey	沸腾的血苋威士忌	l
boiling blueberry brandy	沸腾的蓝莓白兰地	l
boiling blueberry mash	沸腾的蓝莓酿醪	l
boiling blueberry wine	沸腾的蓝莓果酒	l
boiling brandy	沸腾的白兰地	l
boiling buckwheat beer	沸腾的荞麦啤酒	l
boiling buckwheat mash	沸腾的荞麦酿醪	l
boiling buckwheat whiskey	沸腾的荞麦威士忌	l
boiling bumblebee honey	沸腾的熊蜂蜜	l
boiling bumblebee mead	沸腾的熊蜂蜜酒	l
boiling bumblebee royal jelly	沸腾的熊蜂蜂王浆	l
boiling bumblebee venom	沸腾的熊蜂毒液	l
boiling bumblebee wax	沸腾的熊蜂蜡	l
boiling carambola brandy	沸腾的杨桃白兰地	l
boiling carambola mash	沸腾的杨桃酿醪	l
boiling carambola wine	沸腾的杨桃果酒	l
boiling carrot brandy	沸腾的胡萝卜白兰地	l
boiling carrot mash	沸腾的胡萝卜酿醪	l
boiling carrot wine	沸腾的胡萝卜果酒	l
boiling cassava beer	沸腾的木薯啤酒	l
boiling cassava mash	沸腾的木薯酿醪	l
boiling cassava whiskey	沸腾的木薯威士忌	l
boiling cave wheat mash	沸腾的洞穴小麦酿醪	l
boiling cherry brandy	沸腾的樱桃白兰地	l
boiling cherry mash	沸腾的樱桃酿醪	l
boiling cherry wine	沸腾的樱桃果酒	l
boiling cranberry brandy	沸腾的蔓越莓白兰地	l
boiling cranberry mash	沸腾的蔓越莓酿醪	l
boiling cranberry wine	沸腾的蔓越莓果酒	l
boiling custard-apple brandy	沸腾的番荔枝白兰地	l
boiling custard-apple cider	沸腾的番荔枝西打酒	l
boiling custard-apple mash	沸腾的番荔枝酿醪	l
boiling date brandy	沸腾的枣白兰地	l
boiling date mash	沸腾的枣酿醪	l
boiling date wine	沸腾的枣果酒	l
boiling durian brandy	沸腾的榴莲白兰地	l
boiling durian mash	沸腾的榴莲酿醪	l
boiling durian wine	沸腾的榴莲果酒	l
boiling dwarven absinthe	沸腾的矮人苦艾酒	l
boiling dwarven ale	沸腾的矮人麦酒	l
boiling dwarven beer	沸腾的矮人啤酒	l
boiling dwarven brandy	沸腾的矮人白兰地	l
boiling dwarven cachaca	沸腾的矮人卡莎萨酒	l
boiling dwarven cognac	沸腾的矮人干邑	l
boiling dwarven deep brew	沸腾的矮人深酿酒	l
boiling dwarven rum	沸腾的矮人朗姆酒	l
boiling dwarven sweet beer	沸腾的矮人甜啤酒	l
boiling dwarven syrup	沸腾的矮人糖浆	l
boiling dwarven whiskey	沸腾的矮人威士忌	l
boiling dwarven wine	沸腾的矮人果酒	l
boiling finger millet beer	沸腾的龙爪稷啤酒	l
boiling finger millet mash	沸腾的龙爪稷酿醪	l
boiling finger millet whiskey	沸腾的龙爪稷威士忌	l
boiling fisher berry brandy	沸腾的渔浆果白兰地	l
boiling fisher berry mash	沸腾的渔浆果酿醪	l
boiling fisher berry wine	沸腾的渔浆果果酒	l
boiling fonio beer	沸腾的福尼奥米啤酒	l
boiling fonio mash	沸腾的福尼奥米酿醪	l
boiling fonio whiskey	沸腾的福尼奥米威士忌	l
boiling foxtail millet beer	沸腾的粟啤酒	l
boiling foxtail millet mash	沸腾的粟酿醪	l
boiling foxtail millet whiskey	沸腾的粟威士忌	l
boiling golden salve	沸腾的金色药膏	l
boiling grape mash	沸腾的葡萄酿醪	l
boiling guava brandy	沸腾的番石榴白兰地	l
boiling guava mash	沸腾的番石榴酿醪	l
boiling guava wine	沸腾的番石榴果酒	l
boiling gutter beer	沸腾的阴沟啤酒	l
boiling gutter cruor	沸腾的阴沟凝血酒	l
boiling hard wheat beer	沸腾的硬粒小麦啤酒	l
boiling hard wheat mash	沸腾的硬粒小麦酿醪	l
boiling hard wheat whiskey	沸腾的硬粒小麦威士忌	l
boiling honey bee honey	沸腾的蜜蜂蜜	l
boiling honey bee royal jelly	沸腾的蜜蜂蜂王浆	l
boiling honey bee venom	沸腾的蜜蜂毒液	l
boiling honey bee wax	沸腾的蜜蜂蜡	l
boiling kaniwa beer	沸腾的卡尼瓦藜啤酒	l
boiling kaniwa mash	沸腾的卡尼瓦藜酿醪	l
boiling kaniwa whiskey	沸腾的卡尼瓦藜威士忌	l
boiling Longland beer	沸腾的长地啤酒	l
boiling Longland mash	沸腾的长地酿醪	l
boiling Longland whiskey	沸腾的长地威士忌	l
boiling lychee brandy	沸腾的荔枝白兰地	l
boiling lychee mash	沸腾的荔枝酿醪	l
boiling lychee wine	沸腾的荔枝果酒	l
boiling maize beer	沸腾的玉米啤酒	l
boiling maize mash	沸腾的玉米酿醪	l
boiling maize whiskey	沸腾的玉米威士忌	l
boiling mango brandy	沸腾的芒果白兰地	l
boiling mango mash	沸腾的芒果酿醪	l
boiling mango wine	沸腾的芒果果酒	l
boiling mead	沸腾的蜜酒	l
boiling muck root mash	沸腾的淤泥根酿醪	l
boiling papaya brandy	沸腾的番木瓜白兰地	l
boiling papaya mash	沸腾的番木瓜酿醪	l
boiling papaya wine	沸腾的番木瓜果酒	l
boiling parsnip brandy	沸腾的欧洲防风白兰地	l
boiling parsnip mash	沸腾的欧洲防风酿醪	l
boiling parsnip wine	沸腾的欧洲防风果酒	l
boiling passion fruit brandy	沸腾的百香果白兰地	l
boiling passion fruit mash	沸腾的百香果酿醪	l
boiling passion fruit wine	沸腾的百香果果酒	l
boiling peach brandy	沸腾的桃白兰地	l
boiling peach cider	沸腾的桃西打酒	l
boiling peach mash	沸腾的桃酿醪	l
boiling pear brandy	沸腾的梨白兰地	l
boiling pear mash	沸腾的梨酿醪	l
boiling pearl millet beer	沸腾的珍珠粟啤酒	l
boiling pearl millet mash	沸腾的珍珠粟酿醪	l
boiling pearl millet whiskey	沸腾的珍珠粟威士忌	l
boiling pendant amaranth beer	沸腾的垂穗苋啤酒	l
boiling pendant amaranth mash	沸腾的垂穗苋酿醪	l
boiling pendant amaranth whiskey	沸腾的垂穗苋威士忌	l
boiling perry	沸腾的梨酒	l
boiling persimmon brandy	沸腾的柿白兰地	l
boiling persimmon mash	沸腾的柿酿醪	l
boiling persimmon wine	沸腾的柿果酒	l
boiling pig tail mash	沸腾的猪尾草酿醪	l
boiling pig tail whiskey	沸腾的猪尾草威士忌	l
boiling pineapple brandy	沸腾的菠萝白兰地	l
boiling pineapple mash	沸腾的菠萝酿醪	l
boiling pineapple wine	沸腾的菠萝果酒	l
boiling plant mash	沸腾的植物酿醪	l
boiling plum brandy	沸腾的李白兰地	l
boiling plum mash	沸腾的李酿醪	l
boiling plum wine	沸腾的李果酒	l
boiling plump helment mash	沸腾的肉盔菇酿醪	l
boiling pomegranate brandy	沸腾的石榴白兰地	l
boiling pomegranate mash	沸腾的石榴酿醪	l
boiling pomegranate wine	沸腾的石榴果酒	l
boiling potato mash	沸腾的马铃薯酿醪	l
boiling potato wine	沸腾的马铃薯果酒	l
boiling prickle berry mash	沸腾的刺浆果酿醪	l
boiling prickle berry wine	沸腾的刺浆果果酒	l
boiling purple amaranth beer	沸腾的紫苋啤酒	l
boiling purple amaranth mash	沸腾的紫苋酿醪	l
boiling purple amaranth whiskey	沸腾的紫苋威士忌	l
boiling quinoa beer	沸腾的藜麦啤酒	l
boiling quinoa mash	沸腾的藜麦酿醪	l
boiling quinoa whiskey	沸腾的藜麦威士忌	l
boiling radish brandy	沸腾的萝卜白兰地	l
boiling radish mash	沸腾的萝卜酿醪	l
boiling radish wine	沸腾的萝卜果酒	l
boiling rambutan brandy	沸腾的红毛丹白兰地	l
boiling rambutan mash	沸腾的红毛丹酿醪	l
boiling rambutan wine	沸腾的红毛丹果酒	l
boiling raspberry brandy	沸腾的树莓白兰地	l
boiling raspberry mash	沸腾的树莓酿醪	l
boiling raspberry wine	沸腾的树莓果酒	l
boiling rat weed mash	沸腾的鼠草酿醪	l
boiling rice beer	沸腾的稻米啤酒	l
boiling rice mash	沸腾的稻米酿醪	l
boiling river beer	沸腾的河流啤酒	l
boiling river spirits	沸腾的河流烈酒	l
boiling rope reed mash	沸腾的绳芦苇酿醪	l
boiling rye beer	沸腾的黑麦啤酒	l
boiling rye mash	沸腾的黑麦酿醪	l
boiling sake	沸腾的清酒	l
boiling sand pear brandy	沸腾的砂梨白兰地	l
boiling sand pear cider	沸腾的砂梨西打酒	l
boiling sand pear mash	沸腾的砂梨酿醪	l
boiling sewer brew	沸腾的下水道酿酒	l
boiling sewer gin	沸腾的下水道金酒	l
boiling single-grain wheat beer	沸腾的单粒小麦啤酒	l
boiling single-grain wheat mash	沸腾的单粒小麦酿醪	l
boiling single-grain wheat whiskey	沸腾的单粒小麦威士忌	l
boiling sliver barb mash	沸腾的银刺草酿醪	l
boiling soft wheat beer	沸腾的软粒小麦啤酒	l
boiling soft wheat mash	沸腾的软粒小麦酿醪	l
boiling soft wheat whiskey	沸腾的软粒小麦威士忌	l
boiling sorghum beer	沸腾的高粱啤酒	l
boiling sorghum mash	沸腾的高粱酿醪	l
boiling sorghum whiskey	沸腾的高粱威士忌	l
boiling spelt beer	沸腾的斯佩尔特小麦啤酒	l
boiling spelt mash	沸腾的斯佩尔特小麦酿醪	l
boiling spelt whiskey	沸腾的斯佩尔特小麦威士忌	l
boiling strawberry brandy	沸腾的草莓白兰地	l
boiling strawberry mash	沸腾的草莓酿醪	l
boiling strawberry wine	沸腾的草莓果酒	l
boiling sun berry mash	沸腾的太阳浆果酿醪	l
boiling sunny wine	沸腾的太阳果酒	l
boiling sunshine	沸腾的阳光酒	l
boiling swamp beer	沸腾的沼泽啤酒	l
boiling swamp whiskey	沸腾的沼泽威士忌	l
boiling sweet pod mash	沸腾的甜荚酿醪	l
boiling sweet potato mash	沸腾的甘薯酿醪	l
boiling sweet potato vodka	沸腾的甘薯伏特加	l
boiling sweet potato wine	沸腾的甘薯果酒	l
boiling teff beer	沸腾的苔麸啤酒	l
boiling teff mash	沸腾的苔麸酿醪	l
boiling teff whiskey	沸腾的苔麸威士忌	l
boiling tomatillo brandy	沸腾的酸浆白兰地	l
boiling tomatillo mash	沸腾的酸浆酿醪	l
boiling tomatillo wine	沸腾的酸浆果酒	l
boiling tomato brandy	沸腾的番茄白兰地	l
boiling tomato mash	沸腾的番茄酿醪	l
boiling tomato wine	沸腾的番茄果酒	l
boiling tuber beer	沸腾的块茎啤酒	l
boiling tuber vodka	沸腾的块茎伏特加	l
boiling turnip brandy	沸腾的芜菁白兰地	l
boiling turnip mash	沸腾的芜菁酿醪	l
boiling turnip wine	沸腾的芜菁果酒	l
boiling two-grain wheat beer	沸腾的二粒小麦啤酒	l
boiling two-grain wheat mash	沸腾的二粒小麦酿醪	l
boiling two-grain wheat whiskey	沸腾的二粒小麦威士忌	l
boiling unfermented dwarven syrup	沸腾的未发酵的矮人糖浆	l
boiling unfermented mead	沸腾的未发酵的蜜酒	l
boiling valley herb mash	沸腾的谷地草酿醪	l
boiling valley herb wine	沸腾的谷地草果酒	l
boiling vodka	沸腾的伏特加	l
boiling whip brandy	沸腾的鞭藤白兰地	l
boiling whip vine mash	沸腾的鞭藤酿醪	l
boiling whip wine	沸腾的鞭藤果酒	l
boiling whiskey	沸腾的威士忌	l
boiling white millet beer	沸腾的白黍啤酒	l
boiling white millet mash	沸腾的白黍酿醪	l
boiling white millet whiskey	沸腾的白黍威士忌	l
boiling wine	沸腾的果酒	l
bottled dwarven brandy	瓶装矮人白兰地	l
bottled dwarven wine	瓶装矮人果酒	l
brandy	白兰地	l
Brewing Plus	酿酒增强	l
brewmaster	酿酒总管	l
brewmasters	酿酒总管	l
buckwheat	荞麦	l
buckwheat beer	荞麦啤酒	l
buckwheat flour	荞麦粉	l
buckwheat flower	荞麦花	l
buckwheat leaf	荞麦叶	l
buckwheat leaves	荞麦叶	l
buckwheat mash	荞麦酿醪	l
buckwheat seed	荞麦种子	l
buckwheat seeds	荞麦种子	l
buckwheat whiskey	荞麦威士忌	l
bumblebee	熊蜂	l
bumblebee drone	熊蜂雄蜂	l
bumblebee drones	熊蜂雄蜂	l
bumblebee honey	熊蜂蜜	l
bumblebee mead	熊蜂蜜酒	l
bumblebee queen	熊蜂蜂后	l
bumblebee queens	熊蜂蜂后	l
bumblebee royal jelly	熊蜂蜂王浆	l
bumblebee sting	熊蜂螫针	l
bumblebee venom	熊蜂毒液	l
bumblebee wax	熊蜂蜡	l
bumblebee wax cake	熊蜂蜡块	l
bumblebee worker	熊蜂工蜂	l
bumblebee workers	熊蜂工蜂	l
bumblebees	熊蜂	l
carambola	杨桃	l
carambola brandy	杨桃白兰地	l
carambola flower	杨桃花	l
carambola leaf	杨桃叶	l
carambola leaves	杨桃叶	l
carambola mash	杨桃酿醪	l
carambola seed	杨桃种子	l
carambola seeds	杨桃种子	l
carambola tree	杨桃树	l
carambola wine	杨桃果酒	l
carambola wood	杨桃木材	l
carrot brandy	胡萝卜白兰地	l
carrot dye	胡萝卜染料	l
carrot leaf	胡萝卜叶	l
carrot leaves	胡萝卜叶	l
carrot mash	胡萝卜酿醪	l
carrot seed	胡萝卜种子	l
carrot seeds	胡萝卜种子	l
carrot umbel	胡萝卜伞形花序	l
carrot wine	胡萝卜果酒	l
cassava	木薯	l
cassava beer	木薯啤酒	l
cassava flower	木薯花	l
cassava leaf	木薯叶	l
cassava leaves	木薯叶	l
cassava mash	木薯酿醪	l
cassava seed	木薯种子	l
cassava seeds	木薯种子	l
cassava whiskey	木薯威士忌	l
cave wheat	洞穴小麦	l
cave wheat mash	洞穴小麦酿醪	l
cave wheat seed	洞穴小麦种子	l
cave wheat seeds	洞穴小麦种子	l
cherries	樱桃	l
cherry	樱桃	l
cherry bark dye	樱桃树皮染料	l
cherry brandy	樱桃白兰地	l
cherry flower	樱桃花	l
cherry leaf	樱桃叶	l
cherry leaf dye	樱桃叶染料	l
cherry leaves	樱桃叶	l
cherry mash	樱桃酿醪	l
cherry pit	樱桃果核	l
cherry pits	樱桃果核	l
cherry tree	樱桃树	l
cherry wine	樱桃果酒	l
cherry wood	樱桃木材	l
cranberries	蔓越莓	l
cranberry	蔓越莓	l
cranberry brandy	蔓越莓白兰地	l
cranberry dye	蔓越莓染料	l
cranberry flower	蔓越莓花	l
cranberry leaf	蔓越莓叶	l
cranberry leaves	蔓越莓叶	l
cranberry mash	蔓越莓酿醪	l
cranberry seed	蔓越莓种子	l
cranberry seeds	蔓越莓种子	l
cranberry vine	蔓越莓藤	l
cranberry wine	蔓越莓果酒	l
custard-apple	番荔枝	l
custard-apple brandy	番荔枝白兰地	l
custard-apple cider	番荔枝西打酒	l
custard-apple flower	番荔枝花	l
custard-apple leaf	番荔枝叶	l
custard-apple leaves	番荔枝叶	l
custard-apple mash	番荔枝酿醪	l
custard-apple seed	番荔枝种子	l
custard-apple seeds	番荔枝种子	l
custard-apple tree	番荔枝树	l
custard-apple wood	番荔枝木材	l
date	枣	l
date brandy	枣白兰地	l
date mash	枣酿醪	l
date palm	枣椰	l
date palm flower stalk	枣椰花茎	l
date palm frond blade	枣椰羽叶叶片	l
date palm frond blades	枣椰羽叶叶片	l
date palm seed	枣椰种子	l
date palm seeds	枣椰种子	l
date palm wood	枣椰木材	l
date wine	枣果酒	l
Distill apple cider into brandy	将苹果酒蒸馏为白兰地	l
Distill apricot wine into brandy	将杏果酒蒸馏为白兰地	l
Distill artichoke wine into brandy	将洋蓟果酒蒸馏为白兰地	l
Distill banana wine into brandy	将香蕉果酒蒸馏为白兰地	l
Distill bayberry wine into brandy	将杨梅果酒蒸馏为白兰地	l
Distill beer into whiskey	将啤酒蒸馏为威士忌	l
Distill beet wine into brandy	将甜菜果酒蒸馏为白兰地	l
Distill bilberry wine into brandy	将越橘果酒蒸馏为白兰地	l
Distill blackberry wine into brandy	将黑莓果酒蒸馏为白兰地	l
Distill blood amaranth beer into whiskey	将血苋啤酒蒸馏为威士忌	l
Distill blueberry wine into brandy	将蓝莓果酒蒸馏为白兰地	l
Distill buckwheat beer into whiskey	将荞麦啤酒蒸馏为威士忌	l
Distill carambola wine into brandy	将杨桃果酒蒸馏为白兰地	l
Distill carrot wine into brandy	将胡萝卜果酒蒸馏为白兰地	l
Distill cassava beer into whiskey	将木薯啤酒蒸馏为威士忌	l
Distill cave wheat beer into whiskey	将洞穴小麦啤酒蒸馏为威士忌	l
Distill cherry wine into brandy	将樱桃果酒蒸馏为白兰地	l
Distill cranberry wine into brandy	将蔓越莓果酒蒸馏为白兰地	l
Distill custard-apple wine into brandy	将番荔枝果酒蒸馏为白兰地	l
Distill date palm wine into brandy	将枣椰果酒蒸馏为白兰地	l
Distill deep brew into rum	将深酿酒蒸馏为朗姆酒	l
Distill durian wine into brandy	将榴莲果酒蒸馏为白兰地	l
Distill finger millet beer into whiskey	将龙爪稷啤酒蒸馏为威士忌	l
Distill fisher berry wine into brandy	将渔浆果果酒蒸馏为白兰地	l
Distill fonio beer into whiskey	将福尼奥米啤酒蒸馏为威士忌	l
Distill foxtail millet beer into whiskey	将粟啤酒蒸馏为威士忌	l
Distill guava wine into brandy	将番石榴果酒蒸馏为白兰地	l
Distill gutter beer into cruor	将阴沟啤酒蒸馏为凝血酒	l
Distill hard wheat beer into whiskey	将硬粒小麦啤酒蒸馏为威士忌	l
Distill kaniwa beer into whiskey	将卡尼瓦藜啤酒蒸馏为威士忌	l
Distill longland beer into whiskey	将长地啤酒蒸馏为威士忌	l
Distill lychee wine into brandy	将荔枝果酒蒸馏为白兰地	l
Distill maize beer into whiskey	将玉米啤酒蒸馏为威士忌	l
Distill mango wine into brandy	将芒果果酒蒸馏为白兰地	l
Distill papaya wine into brandy	将番木瓜果酒蒸馏为白兰地	l
Distill parsnip wine into brandy	将欧洲防风果酒蒸馏为白兰地	l
Distill passion fruit wine into brandy	将百香果果酒蒸馏为白兰地	l
Distill peach wine into brandy	将桃果酒蒸馏为白兰地	l
Distill pearl millet beer into whiskey	将珍珠粟啤酒蒸馏为威士忌	l
Distill pendant amaranth beer into whiskey	将垂穗苋啤酒蒸馏为威士忌	l
Distill perry into brandy	将梨酒蒸馏为白兰地	l
Distill persimmon wine into brandy	将柿果酒蒸馏为白兰地	l
Distill pig tail beer into whiskey	将猪尾草啤酒蒸馏为威士忌	l
Distill pineapple wine into brandy	将菠萝果酒蒸馏为白兰地	l
Distill plum wine into brandy	将李果酒蒸馏为白兰地	l
Distill plump helmet wine into brandy	将肉盔菇果酒蒸馏为白兰地	l
Distill pomegranate wine into brandy	将石榴果酒蒸馏为白兰地	l
Distill potato wine into vodka	将马铃薯果酒蒸馏为伏特加	l
Distill prickle berry wine into brandy	将刺浆果果酒蒸馏为白兰地	l
Distill purple amaranth beer into whiskey	将紫苋啤酒蒸馏为威士忌	l
Distill quinoa beer into whiskey	将藜麦啤酒蒸馏为威士忌	l
Distill radish wine into brandy	将萝卜果酒蒸馏为白兰地	l
Distill rambutan wine into brandy	将红毛丹果酒蒸馏为白兰地	l
Distill raspberry wine into brandy	将树莓果酒蒸馏为白兰地	l
Distill rice beer into sake	将稻米啤酒蒸馏为清酒	l
Distill river beer into spirits	将河流啤酒蒸馏为烈酒	l
Distill rye beer into whiskey	将黑麦啤酒蒸馏为威士忌	l
Distill sand pear wine into brandy	将砂梨果酒蒸馏为白兰地	l
Distill sewer brew into gin	将下水道酿酒蒸馏为金酒	l
Distill single-grain wheat beer into whiskey	将单粒小麦啤酒蒸馏为威士忌	l
Distill soft wheat beer into whiskey	将软粒小麦啤酒蒸馏为威士忌	l
Distill some spirits	蒸馏烈酒	l
Distill sorghum beer into whiskey	将高粱啤酒蒸馏为威士忌	l
Distill spelt beer into whiskey	将斯佩尔特小麦啤酒蒸馏为威士忌	l
Distill strawberry wine into brandy	将草莓果酒蒸馏为白兰地	l
Distill sunny wine into sunshine	将太阳果酒蒸馏为阳光酒	l
Distill swamp beer into whiskey	将沼泽啤酒蒸馏为威士忌	l
Distill sweet beer into cachaca	将甜啤酒蒸馏为卡莎萨酒	l
Distill sweet potato wine into vodka	将甘薯果酒蒸馏为伏特加	l
Distill teff beer into whiskey	将苔麸啤酒蒸馏为威士忌	l
Distill tomatillo wine into brandy	将酸浆果酒蒸馏为白兰地	l
Distill tomato wine into brandy	将番茄果酒蒸馏为白兰地	l
Distill tuber beer into vodka	将块茎啤酒蒸馏为伏特加	l
Distill turnip wine into brandy	将芜菁果酒蒸馏为白兰地	l
Distill two-grain wheat beer into whiskey	将二粒小麦啤酒蒸馏为威士忌	l
Distill valley herb wine into absinthe	将谷地草果酒蒸馏为苦艾酒	l
Distill whip wine into brandy	将鞭藤果酒蒸馏为白兰地	l
Distill white millet beer into whiskey	将白黍啤酒蒸馏为威士忌	l
Distill wine into brandy	将果酒蒸馏为白兰地	l
durian	榴莲	l
durian brandy	榴莲白兰地	l
durian flower	榴莲花	l
durian leaf	榴莲叶	l
durian leaves	榴莲叶	l
durian mash	榴莲酿醪	l
durian seed	榴莲种子	l
durian seeds	榴莲种子	l
durian tree	榴莲树	l
durian wine	榴莲果酒	l
durian wood	榴莲木材	l
dwarven absinthe	矮人苦艾酒	l
dwarven ale	矮人麦酒	l
dwarven beer	矮人啤酒	l
dwarven brandy	矮人白兰地	l
dwarven cachaca	矮人卡莎萨酒	l
dwarven cognac	矮人干邑	l
dwarven deep brew	矮人深酿酒	l
dwarven rum	矮人朗姆酒	l
dwarven sugar	矮人糖	l
dwarven sweet beer	矮人甜啤酒	l
dwarven syrup	矮人糖浆	l
dwarven wheat flour	矮人小麦粉	l
dwarven whiskey	矮人威士忌	l
dwarven wine	矮人果酒	l
finger millet	龙爪稷	l
finger millet beer	龙爪稷啤酒	l
finger millet flour	龙爪稷粉	l
finger millet leaf	龙爪稷叶	l
finger millet leaves	龙爪稷叶	l
finger millet mash	龙爪稷酿醪	l
finger millet plant	龙爪稷植株	l
finger millet whiskey	龙爪稷威士忌	l
fisher berry	渔浆果	l
fisher berry brandy	渔浆果白兰地	l
fisher berry mash	渔浆果酿醪	l
fisher berry seed	渔浆果种子	l
fisher berry seeds	渔浆果种子	l
fisher berry wine	渔浆果果酒	l
fonio	福尼奥米	l
fonio beer	福尼奥米啤酒	l
fonio flour	福尼奥米粉	l
fonio leaf	福尼奥米叶	l
fonio leaves	福尼奥米叶	l
fonio mash	福尼奥米酿醪	l
fonio plant	福尼奥米植株	l
fonio whiskey	福尼奥米威士忌	l
foxtail millet	粟	l
foxtail millet beer	粟啤酒	l
foxtail millet flour	粟粉	l
foxtail millet leaf	粟叶	l
foxtail millet leaves	粟叶	l
foxtail millet mash	粟酿醪	l
foxtail millet plant	粟植株	l
foxtail millet whiskey	粟威士忌	l
frozen apple brandy	结冻的苹果白兰地	l
frozen apple cider	结冻的苹果酒	l
frozen apple mash	结冻的苹果酿醪	l
frozen apricot brandy	结冻的杏白兰地	l
frozen apricot mash	结冻的杏酿醪	l
frozen apricot wine	结冻的杏果酒	l
frozen artichoke brandy	结冻的洋蓟白兰地	l
frozen artichoke mash	结冻的洋蓟酿醪	l
frozen artichoke wine	结冻的洋蓟果酒	l
frozen banana brandy	结冻的香蕉白兰地	l
frozen banana mash	结冻的香蕉酿醪	l
frozen banana wine	结冻的香蕉果酒	l
frozen barley mash	结冻的大麦酿醪	l
frozen barley whiskey	结冻的大麦威士忌	l
frozen bayberry brandy	结冻的杨梅白兰地	l
frozen bayberry mash	结冻的杨梅酿醪	l
frozen bayberry wine	结冻的杨梅果酒	l
frozen beer	结冻的啤酒	l
frozen beet mash	结冻的甜菜酿醪	l
frozen beetroot brandy	结冻的甜菜根白兰地	l
frozen beetroot wine	结冻的甜菜根果酒	l
frozen bilberry brandy	结冻的越橘白兰地	l
frozen bilberry mash	结冻的越橘酿醪	l
frozen bilberry wine	结冻的越橘果酒	l
frozen blackberry brandy	结冻的黑莓白兰地	l
frozen blackberry mash	结冻的黑莓酿醪	l
frozen blackberry wine	结冻的黑莓果酒	l
frozen bloated tuber mash	结冻的膨地根酿醪	l
frozen blood amaranth beer	结冻的血苋啤酒	l
frozen blood amaranth mash	结冻的血苋酿醪	l
frozen blood amaranth whiskey	结冻的血苋威士忌	l
frozen blueberry brandy	结冻的蓝莓白兰地	l
frozen blueberry mash	结冻的蓝莓酿醪	l
frozen blueberry wine	结冻的蓝莓果酒	l
frozen brandy	结冻的白兰地	l
frozen buckwheat beer	结冻的荞麦啤酒	l
frozen buckwheat mash	结冻的荞麦酿醪	l
frozen buckwheat whiskey	结冻的荞麦威士忌	l
frozen bumblebee honey	结冻的熊蜂蜜	l
frozen bumblebee mead	结冻的熊蜂蜜酒	l
frozen bumblebee royal jelly	结冻的熊蜂蜂王浆	l
frozen bumblebee venom	结冻的熊蜂毒液	l
frozen carambola brandy	结冻的杨桃白兰地	l
frozen carambola mash	结冻的杨桃酿醪	l
frozen carambola wine	结冻的杨桃果酒	l
frozen carrot brandy	结冻的胡萝卜白兰地	l
frozen carrot mash	结冻的胡萝卜酿醪	l
frozen carrot wine	结冻的胡萝卜果酒	l
frozen cassava beer	结冻的木薯啤酒	l
frozen cassava mash	结冻的木薯酿醪	l
frozen cassava whiskey	结冻的木薯威士忌	l
frozen cave wheat mash	结冻的洞穴小麦酿醪	l
frozen cherry brandy	结冻的樱桃白兰地	l
frozen cherry mash	结冻的樱桃酿醪	l
frozen cherry wine	结冻的樱桃果酒	l
frozen cranberry brandy	结冻的蔓越莓白兰地	l
frozen cranberry mash	结冻的蔓越莓酿醪	l
frozen cranberry wine	结冻的蔓越莓果酒	l
frozen custard-apple brandy	结冻的番荔枝白兰地	l
frozen custard-apple cider	结冻的番荔枝西打酒	l
frozen custard-apple mash	结冻的番荔枝酿醪	l
frozen date brandy	结冻的枣白兰地	l
frozen date mash	结冻的枣酿醪	l
frozen date wine	结冻的枣果酒	l
frozen durian brandy	结冻的榴莲白兰地	l
frozen durian mash	结冻的榴莲酿醪	l
frozen durian wine	结冻的榴莲果酒	l
frozen dwarven absinthe	结冻的矮人苦艾酒	l
frozen dwarven ale	结冻的矮人麦酒	l
frozen dwarven beer	结冻的矮人啤酒	l
frozen dwarven brandy	结冻的矮人白兰地	l
frozen dwarven cachaca	结冻的矮人卡莎萨酒	l
frozen dwarven cognac	结冻的矮人干邑	l
frozen dwarven deep brew	结冻的矮人深酿酒	l
frozen dwarven rum	结冻的矮人朗姆酒	l
frozen dwarven sweet beer	结冻的矮人甜啤酒	l
frozen dwarven syrup	结冻的矮人糖浆	l
frozen dwarven whiskey	结冻的矮人威士忌	l
frozen dwarven wine	结冻的矮人果酒	l
frozen finger millet beer	结冻的龙爪稷啤酒	l
frozen finger millet mash	结冻的龙爪稷酿醪	l
frozen finger millet whiskey	结冻的龙爪稷威士忌	l
frozen fisher berry brandy	结冻的渔浆果白兰地	l
frozen fisher berry mash	结冻的渔浆果酿醪	l
frozen fisher berry wine	结冻的渔浆果果酒	l
frozen fonio beer	结冻的福尼奥米啤酒	l
frozen fonio mash	结冻的福尼奥米酿醪	l
frozen fonio whiskey	结冻的福尼奥米威士忌	l
frozen foxtail millet beer	结冻的粟啤酒	l
frozen foxtail millet mash	结冻的粟酿醪	l
frozen foxtail millet whiskey	结冻的粟威士忌	l
frozen golden salve	结冻的金色药膏	l
frozen grape mash	结冻的葡萄酿醪	l
frozen guava brandy	结冻的番石榴白兰地	l
frozen guava mash	结冻的番石榴酿醪	l
frozen guava wine	结冻的番石榴果酒	l
frozen gutter beer	结冻的阴沟啤酒	l
frozen gutter cruor	结冻的阴沟凝血酒	l
frozen hard wheat beer	结冻的硬粒小麦啤酒	l
frozen hard wheat mash	结冻的硬粒小麦酿醪	l
frozen hard wheat whiskey	结冻的硬粒小麦威士忌	l
frozen honey bee honey	结冻的蜜蜂蜜	l
frozen honey bee royal jelly	结冻的蜜蜂蜂王浆	l
frozen honey bee venom	结冻的蜜蜂毒液	l
frozen kaniwa beer	结冻的卡尼瓦藜啤酒	l
frozen kaniwa mash	结冻的卡尼瓦藜酿醪	l
frozen kaniwa whiskey	结冻的卡尼瓦藜威士忌	l
frozen Longland beer	结冻的长地啤酒	l
frozen Longland mash	结冻的长地酿醪	l
frozen Longland whiskey	结冻的长地威士忌	l
frozen lychee brandy	结冻的荔枝白兰地	l
frozen lychee mash	结冻的荔枝酿醪	l
frozen lychee wine	结冻的荔枝果酒	l
frozen maize beer	结冻的玉米啤酒	l
frozen maize mash	结冻的玉米酿醪	l
frozen maize whiskey	结冻的玉米威士忌	l
frozen mango brandy	结冻的芒果白兰地	l
frozen mango mash	结冻的芒果酿醪	l
frozen mango wine	结冻的芒果果酒	l
frozen mead	结冻的蜜酒	l
frozen muck root mash	结冻的淤泥根酿醪	l
frozen papaya brandy	结冻的番木瓜白兰地	l
frozen papaya mash	结冻的番木瓜酿醪	l
frozen papaya wine	结冻的番木瓜果酒	l
frozen parsnip brandy	结冻的欧洲防风白兰地	l
frozen parsnip mash	结冻的欧洲防风酿醪	l
frozen parsnip wine	结冻的欧洲防风果酒	l
frozen passion fruit brandy	结冻的百香果白兰地	l
frozen passion fruit mash	结冻的百香果酿醪	l
frozen passion fruit wine	结冻的百香果果酒	l
frozen peach brandy	结冻的桃白兰地	l
frozen peach cider	结冻的桃西打酒	l
frozen peach mash	结冻的桃酿醪	l
frozen pear brandy	结冻的梨白兰地	l
frozen pear mash	结冻的梨酿醪	l
frozen pearl millet beer	结冻的珍珠粟啤酒	l
frozen pearl millet mash	结冻的珍珠粟酿醪	l
frozen pearl millet whiskey	结冻的珍珠粟威士忌	l
frozen pendant amaranth beer	结冻的垂穗苋啤酒	l
frozen pendant amaranth mash	结冻的垂穗苋酿醪	l
frozen pendant amaranth whiskey	结冻的垂穗苋威士忌	l
frozen perry	结冻的梨酒	l
frozen persimmon brandy	结冻的柿白兰地	l
frozen persimmon mash	结冻的柿酿醪	l
frozen persimmon wine	结冻的柿果酒	l
frozen pig tail mash	结冻的猪尾草酿醪	l
frozen pig tail whiskey	结冻的猪尾草威士忌	l
frozen pineapple brandy	结冻的菠萝白兰地	l
frozen pineapple mash	结冻的菠萝酿醪	l
frozen pineapple wine	结冻的菠萝果酒	l
frozen plant mash	结冻的植物酿醪	l
frozen plum brandy	结冻的李白兰地	l
frozen plum mash	结冻的李酿醪	l
frozen plum wine	结冻的李果酒	l
frozen plump helmet mash	结冻的肉盔菇酿醪	l
frozen pomegranate brandy	结冻的石榴白兰地	l
frozen pomegranate mash	结冻的石榴酿醪	l
frozen pomegranate wine	结冻的石榴果酒	l
frozen potato mash	结冻的马铃薯酿醪	l
frozen potato wine	结冻的马铃薯果酒	l
frozen prickle berry mash	结冻的刺浆果酿醪	l
frozen prickle berry wine	结冻的刺浆果果酒	l
frozen purple amaranth beer	结冻的紫苋啤酒	l
frozen purple amaranth mash	结冻的紫苋酿醪	l
frozen purple amaranth whiskey	结冻的紫苋威士忌	l
frozen quinoa beer	结冻的藜麦啤酒	l
frozen quinoa mash	结冻的藜麦酿醪	l
frozen quinoa whiskey	结冻的藜麦威士忌	l
frozen radish brandy	结冻的萝卜白兰地	l
frozen radish mash	结冻的萝卜酿醪	l
frozen radish wine	结冻的萝卜果酒	l
frozen rambutan brandy	结冻的红毛丹白兰地	l
frozen rambutan mash	结冻的红毛丹酿醪	l
frozen rambutan wine	结冻的红毛丹果酒	l
frozen raspberry brandy	结冻的树莓白兰地	l
frozen raspberry mash	结冻的树莓酿醪	l
frozen raspberry wine	结冻的树莓果酒	l
frozen rat weed mash	结冻的鼠草酿醪	l
frozen rice beer	结冻的稻米啤酒	l
frozen rice mash	结冻的稻米酿醪	l
frozen river beer	结冻的河流啤酒	l
frozen river spirits	结冻的河流烈酒	l
frozen rope reed mash	结冻的绳芦苇酿醪	l
frozen rye beer	结冻的黑麦啤酒	l
frozen rye mash	结冻的黑麦酿醪	l
frozen sake	结冻的清酒	l
frozen sand pear brandy	结冻的砂梨白兰地	l
frozen sand pear cider	结冻的砂梨西打酒	l
frozen sand pear mash	结冻的砂梨酿醪	l
frozen sewer brew	结冻的下水道酿酒	l
frozen sewer gin	结冻的下水道金酒	l
frozen single-grain wheat beer	结冻的单粒小麦啤酒	l
frozen single-grain wheat mash	结冻的单粒小麦酿醪	l
frozen single-grain wheat whiskey	结冻的单粒小麦威士忌	l
frozen sliver barb mash	结冻的银刺草酿醪	l
frozen soft wheat beer	结冻的软粒小麦啤酒	l
frozen soft wheat mash	结冻的软粒小麦酿醪	l
frozen soft wheat whiskey	结冻的软粒小麦威士忌	l
frozen sorghum beer	结冻的高粱啤酒	l
frozen sorghum mash	结冻的高粱酿醪	l
frozen sorghum whiskey	结冻的高粱威士忌	l
frozen spelt beer	结冻的斯佩尔特小麦啤酒	l
frozen spelt mash	结冻的斯佩尔特小麦酿醪	l
frozen spelt whiskey	结冻的斯佩尔特小麦威士忌	l
frozen strawberry brandy	结冻的草莓白兰地	l
frozen strawberry mash	结冻的草莓酿醪	l
frozen strawberry wine	结冻的草莓果酒	l
frozen sun berry mash	结冻的太阳浆果酿醪	l
frozen sunny wine	结冻的太阳果酒	l
frozen sunshine	结冻的阳光酒	l
frozen swamp beer	结冻的沼泽啤酒	l
frozen swamp whiskey	结冻的沼泽威士忌	l
frozen sweet pod mash	结冻的甜荚酿醪	l
frozen sweet potato mash	结冻的甘薯酿醪	l
frozen sweet potato vodka	结冻的甘薯伏特加	l
frozen sweet potato wine	结冻的甘薯果酒	l
frozen teff beer	结冻的苔麸啤酒	l
frozen teff mash	结冻的苔麸酿醪	l
frozen teff whiskey	结冻的苔麸威士忌	l
frozen tomatillo brandy	结冻的酸浆白兰地	l
frozen tomatillo mash	结冻的酸浆酿醪	l
frozen tomatillo wine	结冻的酸浆果酒	l
frozen tomato brandy	结冻的番茄白兰地	l
frozen tomato mash	结冻的番茄酿醪	l
frozen tomato wine	结冻的番茄果酒	l
frozen tuber beer	结冻的块茎啤酒	l
frozen tuber vodka	结冻的块茎伏特加	l
frozen turnip brandy	结冻的芜菁白兰地	l
frozen turnip mash	结冻的芜菁酿醪	l
frozen turnip wine	结冻的芜菁果酒	l
frozen two-grain wheat beer	结冻的二粒小麦啤酒	l
frozen two-grain wheat mash	结冻的二粒小麦酿醪	l
frozen two-grain wheat whiskey	结冻的二粒小麦威士忌	l
frozen unfermented dwarven syrup	结冻的未发酵的矮人糖浆	l
frozen unfermented mead	结冻的未发酵的蜜酒	l
frozen valley herb wine	结冻的谷地草果酒	l
frozen valley mash	结冻的谷地草酿醪	l
frozen vodka	结冻的伏特加	l
frozen whip brandy	结冻的鞭藤白兰地	l
frozen whip vine mash	结冻的鞭藤酿醪	l
frozen whip wine	结冻的鞭藤果酒	l
frozen whiskey	结冻的威士忌	l
frozen white millet beer	结冻的白黍啤酒	l
frozen white millet mash	结冻的白黍酿醪	l
frozen white millet whiskey	结冻的白黍威士忌	l
frozen wine	结冻的果酒	l
golden salve	金色药膏	l
grape	葡萄	l
grape dye	葡萄染料	l
grape inflorescence	葡萄花序	l
grape leaf	葡萄叶	l
grape leaves	葡萄叶	l
grape mash	葡萄酿醪	l
grape seed	葡萄种子	l
grape seeds	葡萄种子	l
grape vine	葡萄藤	l
guava	番石榴	l
guava bark dye	番石榴树皮染料	l
guava brandy	番石榴白兰地	l
guava flower	番石榴花	l
guava leaf	番石榴叶	l
guava leaf dye	番石榴叶染料	l
guava leaves	番石榴叶	l
guava mash	番石榴酿醪	l
guava seed	番石榴种子	l
guava seeds	番石榴种子	l
guava tree	番石榴树	l
guava wine	番石榴果酒	l
guava wood	番石榴木材	l
gutter beer	阴沟啤酒	l
gutter cruor	阴沟凝血酒	l
hard wheat	硬粒小麦	l
hard wheat beer	硬粒小麦啤酒	l
hard wheat flour	硬粒小麦粉	l
hard wheat leaf	硬粒小麦叶	l
hard wheat leaves	硬粒小麦叶	l
hard wheat mash	硬粒小麦酿醪	l
hard wheat seed	硬粒小麦种子	l
hard wheat seeds	硬粒小麦种子	l
hard wheat whiskey	硬粒小麦威士忌	l
honey bee	蜜蜂	l
honey bee drone	蜜蜂雄蜂	l
honey bee drones	蜜蜂雄蜂	l
honey bee honey	蜜蜂蜜	l
honey bee queen	蜜蜂蜂后	l
honey bee queens	蜜蜂蜂后	l
honey bee royal jelly	蜜蜂蜂王浆	l
honey bee sting	蜜蜂螫针	l
honey bee venom	蜜蜂毒液	l
honey bee wax	蜜蜂蜡	l
honey bee wax cake	蜜蜂蜡块	l
honey bee worker	蜜蜂工蜂	l
honey bee workers	蜜蜂工蜂	l
honey bees	蜜蜂	l
kaniwa	卡尼瓦藜	l
kaniwa beer	卡尼瓦藜啤酒	l
kaniwa flour	卡尼瓦藜粉	l
kaniwa flower	卡尼瓦藜花	l
kaniwa leaf	卡尼瓦藜叶	l
kaniwa leaves	卡尼瓦藜叶	l
kaniwa mash	卡尼瓦藜酿醪	l
kaniwa seed	卡尼瓦藜种子	l
kaniwa seeds	卡尼瓦藜种子	l
kaniwa whiskey	卡尼瓦藜威士忌	l
Longland beer	长地啤酒	l
Longland flour	长地粉	l
Longland grass	长地草	l
Longland grass seed	长地草种子	l
Longland grass seeds	长地草种子	l
Longland mash	长地酿醪	l
Longland whiskey	长地威士忌	l
lychee	荔枝	l
lychee brandy	荔枝白兰地	l
lychee flower	荔枝花	l
lychee leaf	荔枝叶	l
lychee leaves	荔枝叶	l
lychee mash	荔枝酿醪	l
lychee seed	荔枝种子	l
lychee seeds	荔枝种子	l
lychee tree	荔枝树	l
lychee wine	荔枝果酒	l
lychee wood	荔枝木材	l
maize	玉米	l
maize beer	玉米啤酒	l
maize flour	玉米粉	l
maize leaf	玉米叶	l
maize leaves	玉米叶	l
maize mash	玉米酿醪	l
maize plant	玉米植株	l
maize whiskey	玉米威士忌	l
mango	芒果	l
mango brandy	芒果白兰地	l
mango flower	芒果花	l
mango leaf	芒果叶	l
mango leaves	芒果叶	l
mango mash	芒果酿醪	l
mango pit	芒果果核	l
mango pits	芒果果核	l
mango tree	芒果树	l
mango wine	芒果果酒	l
mango wood	芒果木材	l
Mash plump helmets for wine	将肉盔菇捣成酿醪以酿造果酒	l
Mash prickle berries for wine	将刺浆果捣成酿醪以酿造果酒	l
Mash strawberries for wine	将草莓捣成酿醪以酿造果酒	l
mead	蜜酒	l
melted bumblebee wax	熔化的熊蜂蜡	l
melted honey bee wax	熔化的蜜蜂蜡	l
muck root	淤泥根	l
muck root mash	淤泥根酿醪	l
muck root seed	淤泥根种子	l
muck root seeds	淤泥根种子	l
papaya	番木瓜	l
papaya brandy	番木瓜白兰地	l
papaya flower	番木瓜花	l
papaya leaf	番木瓜叶	l
papaya leaves	番木瓜叶	l
papaya mash	番木瓜酿醪	l
papaya seed	番木瓜种子	l
papaya seeds	番木瓜种子	l
papaya tree	番木瓜树	l
papaya wine	番木瓜果酒	l
papaya wood	番木瓜木材	l
parsnip brandy	欧洲防风白兰地	l
parsnip leaf	欧洲防风叶	l
parsnip leaves	欧洲防风叶	l
parsnip mash	欧洲防风酿醪	l
parsnip plant	欧洲防风植株	l
parsnip seed	欧洲防风种子	l
parsnip seeds	欧洲防风种子	l
parsnip umbel	欧洲防风伞形花序	l
parsnip wine	欧洲防风果酒	l
passion fruit	百香果	l
passion fruit brandy	百香果白兰地	l
passion fruit flower	百香果花	l
passion fruit leaf	百香果叶	l
passion fruit leaves	百香果叶	l
passion fruit mash	百香果酿醪	l
passion fruit seed	百香果种子	l
passion fruit seeds	百香果种子	l
passion fruit vine	百香果藤	l
passion fruit wine	百香果果酒	l
peach	桃	l
peach bark dye	桃树皮染料	l
peach brandy	桃白兰地	l
peach cider	桃西打酒	l
peach flower	桃花	l
peach leaf	桃叶	l
peach leaves	桃叶	l
peach mash	桃酿醪	l
peach pit	桃果核	l
peach pits	桃果核	l
peach tree	桃树	l
peach wood	桃木材	l
peaches	桃	l
pear	梨	l
pear bark dye	梨树皮染料	l
pear brandy	梨白兰地	l
pear flower	梨花	l
pear leaf	梨叶	l
pear leaf dye	梨叶染料	l
pear leaves	梨叶	l
pear mash	梨酿醪	l
pear seed	梨种子	l
pear seeds	梨种子	l
pear tree	梨树	l
pear wood	梨木材	l
pearl millet	珍珠粟	l
pearl millet beer	珍珠粟啤酒	l
pearl millet flour	珍珠粟粉	l
pearl millet leaf	珍珠粟叶	l
pearl millet leaves	珍珠粟叶	l
pearl millet mash	珍珠粟酿醪	l
pearl millet plant	珍珠粟植株	l
pearl millet whiskey	珍珠粟威士忌	l
pendant amaranth	垂穗苋	l
pendant amaranth beer	垂穗苋啤酒	l
pendant amaranth flour	垂穗苋粉	l
pendant amaranth inflorescence	垂穗苋花序	l
pendant amaranth leaf	垂穗苋叶	l
pendant amaranth leaves	垂穗苋叶	l
pendant amaranth mash	垂穗苋酿醪	l
pendant amaranth seed	垂穗苋种子	l
pendant amaranth seeds	垂穗苋种子	l
pendant amaranth whiskey	垂穗苋威士忌	l
perry	梨酒	l
persimmon	柿	l
persimmon brandy	柿白兰地	l
persimmon dye	柿染料	l
persimmon flower	柿花	l
persimmon leaf	柿叶	l
persimmon leaves	柿叶	l
persimmon mash	柿酿醪	l
persimmon seed	柿种子	l
persimmon seeds	柿种子	l
persimmon tree	柿树	l
persimmon wine	柿果酒	l
persimmon wood	柿木材	l
pig tail	猪尾草	l
pig tail mash	猪尾草酿醪	l
pig tail paper	猪尾草纸	l
pig tail seed	猪尾草种子	l
pig tail seeds	猪尾草种子	l
pig tail slurry	猪尾草浆液	l
pig tail whiskey	猪尾草威士忌	l
pineapple	菠萝	l
pineapple brandy	菠萝白兰地	l
pineapple flower	菠萝花	l
pineapple leaf	菠萝叶	l
pineapple leaf dye	菠萝叶染料	l
pineapple leaves	菠萝叶	l
pineapple mash	菠萝酿醪	l
pineapple plant	菠萝植株	l
pineapple seed	菠萝种子	l
pineapple seeds	菠萝种子	l
pineapple wine	菠萝果酒	l
plant mash	植物酿醪	l
plum	李	l
plum bark dye	李树皮染料	l
plum brandy	李白兰地	l
plum flower	李花	l
plum leaf	李叶	l
plum leaves	李叶	l
plum mash	李酿醪	l
plum pit	李果核	l
plum pits	李果核	l
plum tree	李树	l
plum wine	李果酒	l
plum wood	李木材	l
plump helmet	肉盔菇	l
plump helmet mash	肉盔菇酿醪	l
plump helmet spawn	肉盔菇菌种	l
pomegranate	石榴	l
pomegranate bark dye	石榴树皮染料	l
pomegranate brandy	石榴白兰地	l
pomegranate flower	石榴花	l
pomegranate leaf	石榴叶	l
pomegranate leaf dye	石榴叶染料	l
pomegranate leaves	石榴叶	l
pomegranate mash	石榴酿醪	l
pomegranate rind dye	石榴果皮染料	l
pomegranate seed	石榴种子	l
pomegranate seeds	石榴种子	l
pomegranate tree	石榴树	l
pomegranate wine	石榴果酒	l
pomegranate wood	石榴木材	l
potato flower	马铃薯花	l
potato leaf	马铃薯叶	l
potato leaves	马铃薯叶	l
potato mash	马铃薯酿醪	l
potato plant	马铃薯植株	l
potato seed	马铃薯种子	l
potato seeds	马铃薯种子	l
potato skin dye	马铃薯表皮染料	l
potato wine	马铃薯果酒	l
Preference reason: ability to organize	组织能力	l
Preference reason: beer	啤酒	l
Preference reason: blossoms	花朵	l
Preference reason: busy nature	忙碌的天性	l
Preference reason: buzzing	嗡嗡声	l
Preference reason: edible roots	可食用的根	l
Preference reason: edible tubers	可食用的块茎	l
Preference reason: fragrant fruit	芳香的果实	l
Preference reason: fruit	果实	l
Preference reason: grain	谷粒	l
Preference reason: hanging leaves	下垂的叶片	l
Preference reason: inner light	内部的微光	l
Preference reason: length	长度	l
Preference reason: popped kernels	爆开的谷粒	l
Preference reason: precise lines	整齐的纹路	l
Preference reason: precise thorns	整齐的刺	l
Preference reason: roots	根	l
Preference reason: round shape	圆润的形状	l
Preference reason: rounded tops	圆润的顶部	l
Preference reason: soothing fragrance	舒缓的香气	l
Preference reason: stalks	茎秆	l
Preference reason: stout shape	粗壮的形状	l
Preference reason: striking color	鲜明的颜色	l
Preference reason: sweeping stalks	舒展的茎秆	l
Preference reason: sweet-smelling flowers	芳香的花	l
Preference reason: tiny leaves	细小的叶片	l
Preference reason: twisting shape	扭曲的形状	l
Preference reason: twisting stalks	曲折的茎秆	l
Preference reason: vivid red color	鲜艳的红色	l
Preference reason: waxy berries	蜡质浆果	l
Preference reason: wicked thorns	尖锐的刺	l
Preference reason: wine	果酒	l
Preference reason: woolly appearance	绒毛外观	l
Preference reason: yummy hearts	美味的菜心	l
Prepare apples for wine	准备苹果以酿造果酒	l
Prepare apricots for wine	准备杏以酿造果酒	l
Prepare artichoke for wine	准备洋蓟以酿造果酒	l
Prepare bananas for wine	准备香蕉以酿造果酒	l
Prepare barley for beer	准备大麦以酿造啤酒	l
Prepare bayberries for wine	准备杨梅以酿造果酒	l
Prepare beets for wine	准备甜菜以酿造果酒	l
Prepare bilberries for wine	准备越橘以酿造果酒	l
Prepare blackberries for wine	准备黑莓以酿造果酒	l
Prepare bloated tuber for beer	准备膨地根以酿造啤酒	l
Prepare blood amaranth for beer	准备血苋以酿造啤酒	l
Prepare blueberries for wine	准备蓝莓以酿造果酒	l
Prepare buckwheat for beer	准备荞麦以酿造啤酒	l
Prepare bumblebee mead mix for fermentation	准备熊蜂蜜酒酿液用于发酵	l
Prepare carambolas for wine	准备杨桃以酿造果酒	l
Prepare carrots for wine	准备胡萝卜以酿造果酒	l
Prepare cassava for beer	准备木薯以酿造啤酒	l
Prepare cave wheat for beer	准备洞穴小麦以酿造啤酒	l
Prepare cherries for wine	准备樱桃以酿造果酒	l
Prepare cranberries for wine	准备蔓越莓以酿造果酒	l
Prepare custard-apples for wine	准备番荔枝以酿造果酒	l
Prepare date palms for wine	准备枣椰以酿造果酒	l
Prepare durians for wine	准备榴莲以酿造果酒	l
Prepare dwarven syrup for deep brew	准备矮人糖浆以酿造深酿酒	l
Prepare finger millet for beer	准备龙爪稷以酿造啤酒	l
Prepare fisher berries for wine	准备渔浆果以酿造果酒	l
Prepare fonio for beer	准备福尼奥米以酿造啤酒	l
Prepare foxtail millet for beer	准备粟以酿造啤酒	l
Prepare fruit for fermentation	准备果实用于发酵	l
Prepare grapes for wine	准备葡萄以酿造果酒	l
Prepare guavas for wine	准备番石榴以酿造果酒	l
Prepare hard wheat for beer	准备硬粒小麦以酿造啤酒	l
Prepare kaniwa for beer	准备卡尼瓦藜以酿造啤酒	l
Prepare longland grass for beer	准备长地草以酿造啤酒	l
Prepare lychees for wine	准备荔枝以酿造果酒	l
Prepare maize for beer	准备玉米以酿造啤酒	l
Prepare mangoes for wine	准备芒果以酿造果酒	l
Prepare mead mix for fermentation	准备蜜酒酿液用于发酵	l
Prepare muck root for beer	准备淤泥根以酿造啤酒	l
Prepare papayas for wine	准备番木瓜以酿造果酒	l
Prepare parsnip for wine	准备欧洲防风以酿造果酒	l
Prepare passion fruit for wine	准备百香果以酿造果酒	l
Prepare peaches for wine	准备桃以酿造果酒	l
Prepare pearl millet for beer	准备珍珠粟以酿造啤酒	l
Prepare pears for perry	准备梨以酿造梨酒	l
Prepare pendant amaranth for beer	准备垂穗苋以酿造啤酒	l
Prepare persimmons for wine	准备柿以酿造果酒	l
Prepare pig tails for beer	准备猪尾草以酿造啤酒	l
Prepare pineapple for wine	准备菠萝以酿造果酒	l
Prepare plant for fermentation	准备植物用于发酵	l
Prepare plants for beer	准备植物以酿造啤酒	l
Prepare plants for wine	准备植物以酿造果酒	l
Prepare plums for wine	准备李以酿造果酒	l
Prepare pomegranates for wine	准备石榴以酿造果酒	l
Prepare potato for wine	准备马铃薯以酿造果酒	l
Prepare purple amaranth for beer	准备紫苋以酿造啤酒	l
Prepare quinoa for beer	准备藜麦以酿造啤酒	l
Prepare radish for wine	准备萝卜以酿造果酒	l
Prepare rambutans for wine	准备红毛丹以酿造果酒	l
Prepare raspberries for wine	准备树莓以酿造果酒	l
Prepare rat weed for sewer brew	准备鼠草以酿造下水道酿酒	l
Prepare rice for beer	准备稻米以酿造啤酒	l
Prepare rope reed for river beer	准备绳芦苇以酿造河流啤酒	l
Prepare rye for beer	准备黑麦以酿造啤酒	l
Prepare sand pears for wine	准备砂梨以酿造果酒	l
Prepare single-grain wheat for beer	准备单粒小麦以酿造啤酒	l
Prepare sliver barbs for beer	准备银刺草以酿造啤酒	l
Prepare soft wheat for beer	准备软粒小麦以酿造啤酒	l
Prepare sorghum for beer	准备高粱以酿造啤酒	l
Prepare spelt for beer	准备斯佩尔特小麦以酿造啤酒	l
Prepare sun berries for wine	准备太阳浆果以酿造果酒	l
Prepare sweet pods for beer	准备甜荚以酿造啤酒	l
Prepare sweet potato for wine	准备甘薯以酿造果酒	l
Prepare teff for beer	准备苔麸以酿造啤酒	l
Prepare tomatillo for wine	准备酸浆以酿造果酒	l
Prepare tomatoes for wine	准备番茄以酿造果酒	l
Prepare turnip for wine	准备芜菁以酿造果酒	l
Prepare two-grain wheat for beer	准备二粒小麦以酿造啤酒	l
Prepare valley herbs for wine	准备谷地草以酿造果酒	l
Prepare vine whip for whip wine	准备鞭藤以酿造鞭藤果酒	l
Prepare white millet for beer	准备白黍以酿造啤酒	l
prickle berry	刺浆果	l
prickle berry mash	刺浆果酿醪	l
prickle berry seed	刺浆果种子	l
prickle berry seeds	刺浆果种子	l
prickle berry wine	刺浆果果酒	l
purple amaranth	紫苋	l
purple amaranth beer	紫苋啤酒	l
purple amaranth flour	紫苋粉	l
purple amaranth inflorescence	紫苋花序	l
purple amaranth leaf	紫苋叶	l
purple amaranth leaves	紫苋叶	l
purple amaranth mash	紫苋酿醪	l
purple amaranth seed	紫苋种子	l
purple amaranth seeds	紫苋种子	l
purple amaranth whiskey	紫苋威士忌	l
quinoa	藜麦	l
quinoa beer	藜麦啤酒	l
quinoa flour	藜麦粉	l
quinoa flower	藜麦花	l
quinoa leaf	藜麦叶	l
quinoa leaves	藜麦叶	l
quinoa mash	藜麦酿醪	l
quinoa seed	藜麦种子	l
quinoa seeds	藜麦种子	l
quinoa whiskey	藜麦威士忌	l
radish brandy	萝卜白兰地	l
radish dye	萝卜染料	l
radish leaf	萝卜叶	l
radish leaves	萝卜叶	l
radish mash	萝卜酿醪	l
radish plant	萝卜植株	l
radish raceme	萝卜总状花序	l
radish seed	萝卜种子	l
radish seeds	萝卜种子	l
radish wine	萝卜果酒	l
rambutan	红毛丹	l
rambutan brandy	红毛丹白兰地	l
rambutan flower	红毛丹花	l
rambutan leaf	红毛丹叶	l
rambutan leaves	红毛丹叶	l
rambutan mash	红毛丹酿醪	l
rambutan seed	红毛丹种子	l
rambutan seeds	红毛丹种子	l
rambutan tree	红毛丹树	l
rambutan wine	红毛丹果酒	l
rambutan wood	红毛丹木材	l
raspberries	树莓	l
raspberry	树莓	l
raspberry brandy	树莓白兰地	l
raspberry bush	树莓灌木	l
raspberry dye	树莓染料	l
raspberry flower	树莓花	l
raspberry leaf	树莓叶	l
raspberry leaves	树莓叶	l
raspberry mash	树莓酿醪	l
raspberry seed	树莓种子	l
raspberry seeds	树莓种子	l
raspberry wine	树莓果酒	l
rat weed	鼠草	l
rat weed mash	鼠草酿醪	l
rat weed seed	鼠草种子	l
rat weed seeds	鼠草种子	l
rice	稻米	l
rice beer	稻米啤酒	l
rice flour	稻米粉	l
rice husk dye	稻米谷壳染料	l
rice leaf	稻米叶	l
rice leaves	稻米叶	l
rice mash	稻米酿醪	l
rice plant	稻米植株	l
river beer	河流啤酒	l
river spirits	河流烈酒	l
rope reed	绳芦苇	l
rope reed mash	绳芦苇酿醪	l
rope reed paper	绳芦苇纸	l
rope reed seed	绳芦苇种子	l
rope reed seeds	绳芦苇种子	l
rope reed slurry	绳芦苇浆液	l
rye	黑麦	l
rye beer	黑麦啤酒	l
rye flour	黑麦粉	l
rye leaf	黑麦叶	l
rye leaves	黑麦叶	l
rye mash	黑麦酿醪	l
rye seed	黑麦种子	l
rye seeds	黑麦种子	l
sake	清酒	l
sand pear	砂梨	l
sand pear brandy	砂梨白兰地	l
sand pear cider	砂梨西打酒	l
sand pear flower	砂梨花	l
sand pear leaf	砂梨叶	l
sand pear leaves	砂梨叶	l
sand pear mash	砂梨酿醪	l
sand pear seed	砂梨种子	l
sand pear seeds	砂梨种子	l
sand pear tree	砂梨树	l
sand pear wood	砂梨木材	l
sewer brew	下水道酿酒	l
sewer gin	下水道金酒	l
single-grain wheat	单粒小麦	l
single-grain wheat beer	单粒小麦啤酒	l
single-grain wheat flour	单粒小麦粉	l
single-grain wheat leaf	单粒小麦叶	l
single-grain wheat leaves	单粒小麦叶	l
single-grain wheat mash	单粒小麦酿醪	l
single-grain wheat seed	单粒小麦种子	l
single-grain wheat seeds	单粒小麦种子	l
single-grain wheat whiskey	单粒小麦威士忌	l
sliver barb	银刺草	l
sliver barb mash	银刺草酿醪	l
sliver barb seed	银刺草种子	l
sliver barb seeds	银刺草种子	l
sliver dye	银刺草染料	l
soft wheat	软粒小麦	l
soft wheat beer	软粒小麦啤酒	l
soft wheat flour	软粒小麦粉	l
soft wheat leaf	软粒小麦叶	l
soft wheat leaves	软粒小麦叶	l
soft wheat mash	软粒小麦酿醪	l
soft wheat seed	软粒小麦种子	l
soft wheat seeds	软粒小麦种子	l
soft wheat whiskey	软粒小麦威士忌	l
sorghum	高粱	l
sorghum beer	高粱啤酒	l
sorghum flour	高粱粉	l
sorghum flower cluster	高粱花簇	l
sorghum leaf	高粱叶	l
sorghum leaf dye	高粱叶染料	l
sorghum leaves	高粱叶	l
sorghum mash	高粱酿醪	l
sorghum seed	高粱种子	l
sorghum seeds	高粱种子	l
sorghum whiskey	高粱威士忌	l
spelt	斯佩尔特小麦	l
spelt beer	斯佩尔特小麦啤酒	l
spelt flour	斯佩尔特小麦粉	l
spelt leaf	斯佩尔特小麦叶	l
spelt leaves	斯佩尔特小麦叶	l
spelt mash	斯佩尔特小麦酿醪	l
spelt seed	斯佩尔特小麦种子	l
spelt seeds	斯佩尔特小麦种子	l
spelt whiskey	斯佩尔特小麦威士忌	l
strawberries	草莓	l
strawberry	草莓	l
strawberry brandy	草莓白兰地	l
strawberry mash	草莓酿醪	l
strawberry plant	草莓植株	l
strawberry seed	草莓种子	l
strawberry seeds	草莓种子	l
strawberry wine	草莓果酒	l
sun berry	太阳浆果	l
sun berry mash	太阳浆果酿醪	l
sun berry seed	太阳浆果种子	l
sun berry seeds	太阳浆果种子	l
sunny wine	太阳果酒	l
sunshine	阳光酒	l
swamp beer	沼泽啤酒	l
swamp whiskey	沼泽威士忌	l
sweet pod	甜荚	l
sweet pod mash	甜荚酿醪	l
sweet pod seed	甜荚种子	l
sweet pod seeds	甜荚种子	l
sweet potato flower	甘薯花	l
sweet potato leaf	甘薯叶	l
sweet potato leaves	甘薯叶	l
sweet potato mash	甘薯酿醪	l
sweet potato plant	甘薯植株	l
sweet potato seed	甘薯种子	l
sweet potato seeds	甘薯种子	l
sweet potato skin dye	甘薯表皮染料	l
sweet potato vodka	甘薯伏特加	l
sweet potato wine	甘薯果酒	l
teff	苔麸	l
teff beer	苔麸啤酒	l
teff flour	苔麸粉	l
teff leaf	苔麸叶	l
teff leaves	苔麸叶	l
teff mash	苔麸酿醪	l
teff plant	苔麸植株	l
teff whiskey	苔麸威士忌	l
The brewmaster handles the production of alcohol, which we all know to be the most important liquid in Dwarven Culture. They will inspect all barrel racks for the current state of fermentation.	酿酒总管负责酒类生产，而酒是矮人文化中最重要的液体。他们会查看所有酒桶架，判断当前的发酵进度。	l
Tired of the simplicity of brewing in DF? Want to wait months until your dwarves can drink anything you produce? Want to need to use fuel for brewing? Then this mod is for you!\n\nComplicates the brewing process, everything now takes place in the new workshop: The Barrel Rack, it works automatically issuing a grab order for any fermentable it \ndetects, which is produced in the still.\n\nAlso adds distillables, a highly valuable variant made with the use of fuel, and raises the value of all types of alcohol since it takes longer to produce\n	觉得矮人要塞的酿酒过程太简单？想让矮人等上数月才能喝到酿出的酒？想让酿酒也需要燃料？这个模组就是为你准备的！它让酿酒过程更复杂：蒸馏间先生产可发酵原料，再由新工坊“酒桶架”自动安排搬运并进行发酵。此外还新增了耗费燃料制作的高价值蒸馏酒，并因酒类生产耗时增加而提高了所有酒类的价值。	l
tomatillo	酸浆	l
tomatillo brandy	酸浆白兰地	l
tomatillo flower	酸浆花	l
tomatillo leaf	酸浆叶	l
tomatillo leaves	酸浆叶	l
tomatillo mash	酸浆酿醪	l
tomatillo plant	酸浆植株	l
tomatillo seed	酸浆种子	l
tomatillo seeds	酸浆种子	l
tomatillo wine	酸浆果酒	l
tomato	番茄	l
tomato brandy	番茄白兰地	l
tomato flower	番茄花	l
tomato leaf	番茄叶	l
tomato leaves	番茄叶	l
tomato mash	番茄酿醪	l
tomato plant	番茄植株	l
tomato seed	番茄种子	l
tomato seeds	番茄种子	l
tomato skin dye	番茄表皮染料	l
tomato wine	番茄果酒	l
tomatoes	番茄	l
tuber beer	块茎啤酒	l
tuber vodka	块茎伏特加	l
turnip brandy	芜菁白兰地	l
turnip flower	芜菁花	l
turnip leaf	芜菁叶	l
turnip leaves	芜菁叶	l
turnip mash	芜菁酿醪	l
turnip plant	芜菁植株	l
turnip seed	芜菁种子	l
turnip seeds	芜菁种子	l
turnip skin dye	芜菁表皮染料	l
turnip wine	芜菁果酒	l
two-grain wheat	二粒小麦	l
two-grain wheat beer	二粒小麦啤酒	l
two-grain wheat flour	二粒小麦粉	l
two-grain wheat leaf	二粒小麦叶	l
two-grain wheat leaves	二粒小麦叶	l
two-grain wheat mash	二粒小麦酿醪	l
two-grain wheat seed	二粒小麦种子	l
two-grain wheat seeds	二粒小麦种子	l
two-grain wheat whiskey	二粒小麦威士忌	l
unfermented dwarven syrup	未发酵的矮人糖浆	l
unfermented mead	未发酵的蜜酒	l
valley herb	谷地草	l
valley herb mash	谷地草酿醪	l
valley herb wine	谷地草果酒	l
vodka	伏特加	l
whip brandy	鞭藤白兰地	l
whip vine	鞭藤	l
whip vine flour	鞭藤粉	l
whip vine mash	鞭藤酿醪	l
whip vine seed	鞭藤种子	l
whip vine seeds	鞭藤种子	l
whip wine	鞭藤果酒	l
whiskey	威士忌	l
white millet	白黍	l
white millet beer	白黍啤酒	l
white millet flour	白黍粉	l
white millet leaf	白黍叶	l
white millet leaves	白黍叶	l
white millet mash	白黍酿醪	l
white millet plant	白黍植株	l
white millet whiskey	白黍威士忌	l
wild carrot plant	野胡萝卜植株	l
wine	果酒	l
apple trees	苹果树	l
apricot trees	杏树	l
artichokes	洋蓟	l
banana trees	香蕉树	l
bayberry trees	杨梅树	l
beet plants	甜菜植株	l
bilberry bushes	越橘灌木	l
blackberry bushes	黑莓灌木	l
bloated tubers	膨地根	l
blood amaranths	血苋	l
blueberry bushes	蓝莓灌木	l
carambola trees	杨桃树	l
cassavas	木薯	l
cherry trees	樱桃树	l
cranberry vines	蔓越莓藤	l
custard-apple trees	番荔枝树	l
date palms	枣椰	l
durian trees	榴莲树	l
finger millet plants	龙爪稷植株	l
fisher berries	渔浆果	l
fonio plants	福尼奥米植株	l
foxtail millet plants	粟植株	l
grape vines	葡萄藤	l
guava trees	番石榴树	l
lychee trees	荔枝树	l
maize plants	玉米植株	l
mango trees	芒果树	l
muck roots	淤泥根	l
papaya trees	番木瓜树	l
parsnip plants	欧洲防风植株	l
passion fruit vines	百香果藤	l
peach trees	桃树	l
pear trees	梨树	l
pearl millet plants	珍珠粟植株	l
pendant amaranths	垂穗苋	l
persimmon trees	柿树	l
pig tails	猪尾草	l
pineapple plants	菠萝植株	l
plum trees	李树	l
plump helmets	肉盔菇	l
pomegranate trees	石榴树	l
potato plants	马铃薯植株	l
prickle berries	刺浆果	l
purple amaranths	紫苋	l
radish plants	萝卜植株	l
rambutan trees	红毛丹树	l
raspberry bushes	树莓灌木	l
rice plants	稻米植株	l
rope reeds	绳芦苇	l
sand pear trees	砂梨树	l
sliver barbs	银刺草	l
strawberry plants	草莓植株	l
sun berries	太阳浆果	l
sweet pods	甜荚	l
sweet potato plants	甘薯植株	l
teff plants	苔麸植株	l
tomatillo plants	酸浆植株	l
tomato plants	番茄植株	l
turnip plants	芜菁植株	l
valley herbs	谷地草	l
whip vines	鞭藤	l
white millet plants	白黍植株	l
wild carrot plants	野胡萝卜植株	l
Leave barrels here to ferment for months (Or years!) to create alcohol, it gets better with age!	把酒桶放在这里发酵数月（甚至数年！）以酿成酒，陈放越久，品质越佳！	lj
stung	被螫刺	l
chitin	几丁质	l
eyes	眼睛	l
first drink	第一份酒	l
second drink	第二份酒	l
drink container	饮料容器	l
fermentable source	可发酵原料	l
DFHack help: Short one-sentence description.	简短的一句话说明。	l
DFHack help: Longer description ...	详细说明……	l
DFHack output: Invalid custom building:{s}	无效的自定义建筑：{s}	lt
DFHack output: could not attach item	无法关联物品	l
DFHack output: ERROR! Attempting to ferment unknown liquid	错误！正在尝试发酵未知液体	l
DFHack output: material_info_base_values[drink_type]{d}	material_info_base_values[drink_type]：{d}	lt
DFHack output: tracked_racks[rack_i].ferment_time{d}	tracked_racks[rack_i].ferment_time：{d}	lt
DFHack output: FERMENTATION_VALUE[drink_type]{d}	FERMENTATION_VALUE[drink_type]：{d}	lt
Current Barrel Rack Status:	当前酒桶架状态：	l
DFHack GUI Overlay control: |Current Barrel Rack Status:|I|0|-1|0	|当前酒桶架状态：	l
Toggle	切换	l
DFHack GUI Overlay control: |Toggle|I|0|-1|1	|切换	l
Working	工作中	l
DFHack GUI Overlay control: |Working|I|0|-1|0	|工作中	l
Disabled	已停用	l
DFHack GUI Overlay control: |Disabled|I|0|-1|0	|已停用	l
Fermenting1...	第1桶发酵中……	l
DFHack GUI Overlay control: |Fermenting1...|I|0|-1|0	|第1桶发酵中……	l
Fermenting2...	第2桶发酵中……	l
DFHack GUI Overlay control: |Fermenting2...|I|0|-1|0	|第2桶发酵中……	l
Fermenting3...	第3桶发酵中……	l
DFHack GUI Overlay control: |Fermenting3...|I|0|-1|0	|第3桶发酵中……	l
Fermenting4...	第4桶发酵中……	l
DFHack GUI Overlay control: |Fermenting4...|I|0|-1|0	|第4桶发酵中……	l
Start: xx/xx/xxxx	开始：xx/xx/xxxx	l
DFHack GUI Overlay control: |Start: xx/xx/xxxx|I|0|-1|0	|开始：xx/xx/xxxx	l
The brewmaster doesnt know	酿酒总管无法判断	l
DFHack GUI Overlay control: |The brewmaster doesnt know|I|0|-1|0	|酿酒总管无法判断	l
More than a month left	还需一个多月	l
DFHack GUI Overlay control: |More than a month left|I|0|-1|0	|还需一个多月	l
More than a few weeks left	还需数周以上	l
DFHack GUI Overlay control: |More than a few weeks left|I|0|-1|0	|还需数周以上	l
Less than a few weeks left	还需不到数周	l
DFHack GUI Overlay control: |Less than a few weeks left|I|0|-1|0	|还需不到数周	l
About a month left	还需约一个月	l
DFHack GUI Overlay control: |About a month left|I|0|-1|0	|还需约一个月	l
Less than a month left	还需不到一个月	l
DFHack GUI Overlay control: |Less than a month left|I|0|-1|0	|还需不到一个月	l
About a couple of weeks left	还需约两周	l
DFHack GUI Overlay control: |About a couple of weeks left|I|0|-1|0	|还需约两周	l
About a week left	还需约一周	l
DFHack GUI Overlay control: |About a week left|I|0|-1|0	|还需约一周	l
A few days left	还需几天	l
DFHack GUI Overlay control: |A few days left|I|0|-1|0	|还需几天	l
Almost done	即将完成	l
DFHack GUI Overlay control: |Almost done|I|0|-1|0	|即将完成	l
Brewmaster has no office	酿酒总管没有办公室	l
DFHack GUI Overlay control: |Brewmaster has no office|I|0|-1|0	|酿酒总管没有办公室	l
No Brewmaster assigned	未任命酿酒总管	l
DFHack GUI Overlay control: |No Brewmaster assigned|I|0|-1|0	|未任命酿酒总管	l
Let drinks age for:	酒类陈放时间：	l
DFHack GUI Overlay control: |Let drinks age for:|I|0|-1|0	|酒类陈放时间：	l
(More time means more value and more quality!)	（陈放越久，价值越高，品质越好！）	l
DFHack GUI Overlay control: |(More time means more value and more quality!)|I|0|-1|0	|（陈放越久，价值越高，品质越好！）	l
RUN "ENABLE BREWINGPLUS"	运行“enable brewingplus”	l
DFHack GUI Overlay control: |RUN "ENABLE BREWINGPLUS"|I|0|-1|0	|运行“enable brewingplus”	l
More Time	延长时间	l
DFHack GUI Overlay control: |More Time|I|0|-1|1	|延长时间	l
Less Time	缩短时间	l
DFHack GUI Overlay control: |Less Time|I|0|-1|1	|缩短时间	l
Grab drinks for more aging?	搬入酒类继续陈放？	l
DFHack GUI Overlay control: |Grab drinks for more aging?|I|0|-1|0	|搬入酒类继续陈放？	l
Change	更改	l
DFHack GUI Overlay control: |Change|I|0|-1|1	|更改	l
DFHack GUI Overlay control: |Fermenting...   Started: {d}/{d}/{d}|I|0|-1|0	|发酵中…… 开始：{d}/{d}/{d}	l
DFHack GUI Overlay control: |{d} days left|I|0|-1|0	|还需{d}天	l
DFHack GUI Overlay control: |{d} months|I|0|-1|0	|{d}个月	l
# Source info metadata and author's update notices.
Mod description: Tired of the simplicity of brewing in DF? Want to wait months until your dwarves can drink anything you produce? Want to need to use fuel for brewing? Then this mod is for you!\n\nComplicates the brewing process, everything now takes place in the new workshop: The Barrel Rack, it works automatically issuing a grab order for any fermentable it \ndetects, which is produced in the still.\n\nAlso adds distillables, a highly valuable variant made with the use of fuel, and raises the value of all types of alcohol since it takes longer to produce\n	觉得《矮人要塞》的酿酒太简单了？想等上几个月，才能让矮人喝到自己酿的酒？想让酿酒也消耗燃料？那这个模组就适合你！\n\n这个模组让酿酒流程变得更复杂：现在所有发酵都在新工坊“酒桶架”进行。它会自动探测蒸馏房产出的可发酵原料，并下达搬运任务。\n\n模组还加入了用燃料制成的高价值蒸馏酒；由于生产耗时更长，所有酒类的价值也都提高了。	lP
Hotfix, Last update broke something... AGAIN, maybe I should start testing more eh? Nah...	紧急修复：上次更新又弄坏了一些东西……也许我该多测试一下？算了……	l

# RAW workshop and reaction category tooltips.
Distill some spirits	蒸馏烈酒	lj
Prepare plants for beer	准备植物以酿造啤酒	lj
Prepare plants for wine	准备植物以酿造果酒	lj
