edition	image_identity	helper_rva	choice_type_store_rva	choice_type	choice_name	caption_branch_rva	native_condition	existing_source_file
steam	PE:6a70a6d9:02711000	0x6af620	0x6af785	118	DISCUSS_CONFLICT	0x699e51	related incident resolves to entity_event with conflict id +0xf8!=-1	../adventure-conversation-keywords/steam-keyword-sources.asm
steam	PE:6a70a6d9:02711000	0x6af620	0x6af7db	12	BRING_UP_INCIDENT	0x69aa95	incident trouble supplier matches filter or filter==-1; no usable conflict id	../adventure-conversation-keywords/steam-keyword-sources.asm
steam	PE:6a70a6d9:02711000	0x6af620	0x6af8df	118	DISCUSS_CONFLICT	0x699e51	related incident resolves to entity_event with conflict id +0xf8!=-1	../adventure-conversation-keywords/steam-keyword-sources.asm
steam	PE:6a70a6d9:02711000	0x6af620	0x6af927	13	SPREAD_RUMOR	0x69cb24	rumor flag/date guard; trouble supplier matches filter or filter==-1; no usable conflict id	../adventure-conversation-keywords/steam-keyword-sources.asm
steam	PE:6a70a6d9:02711000	0x6af620	0x6afb1b	118	DISCUSS_CONFLICT	0x699e51	related incident resolves to entity_event with conflict id +0xf8!=-1	../adventure-conversation-keywords/steam-keyword-sources.asm
steam	PE:6a70a6d9:02711000	0x6af620	0x6afb7e	12	BRING_UP_INCIDENT	0x69aa95	incident trouble supplier matches filter or filter==-1; no usable conflict id	../adventure-conversation-keywords/steam-keyword-sources.asm
steam	PE:6a70a6d9:02711000	0x6af620	0x6afcc3	13	SPREAD_RUMOR	0x69cb24	rumor flag/date guard; trouble supplier matches filter or filter==-1; no usable conflict id	../adventure-conversation-keywords/steam-keyword-sources.asm
steam	PE:6a70a6d9:02711000	0x6af620	0x6afd21	118	DISCUSS_CONFLICT	0x699e51	related incident resolves to entity_event with conflict id +0xf8!=-1	../adventure-conversation-keywords/steam-keyword-sources.asm
steam	PE:6a70a6d9:02711000	0x6af620	0x6aff73	13	SPREAD_RUMOR	0x69cb24	rumor flag/date guard; trouble supplier matches filter or filter==-1; no usable conflict id	../adventure-conversation-keywords/steam-keyword-sources.asm
steam	PE:6a70a6d9:02711000	0x6af620	0x6affee	118	DISCUSS_CONFLICT	0x699e51	related incident resolves to entity_event with conflict id +0xf8!=-1	../adventure-conversation-keywords/steam-keyword-sources.asm
steam	PE:6a70a6d9:02711000	0x6af620	0x6b01c4	13	SPREAD_RUMOR	0x69cb24	rumor flag/date guard; trouble supplier matches filter or filter==-1; no usable conflict id	../adventure-conversation-keywords/steam-keyword-sources.asm
steam	PE:6a70a6d9:02711000	0x6af620	0x6b023e	118	DISCUSS_CONFLICT	0x699e51	related incident resolves to entity_event with conflict id +0xf8!=-1	../adventure-conversation-keywords/steam-keyword-sources.asm
steam	PE:6a70a6d9:02711000	0x6af620	0x6b0573	103	DISCUSS_DIPLOMACY_STATE	0x6997c9	diplomacy trouble supplier returns!=-1 and matches filter; applicable locations exist	../adventure-conversation-keywords/steam-keyword-sources.asm
steam	PE:6a70a6d9:02711000	0x6af620	0x6b073d	217	DISCUSS_MISSING_ARTIFACT	0x699d9a	filter==-1 or14; valid artifact record and missing/location/knowledge branches	../adventure-conversation-keywords/steam-keyword-sources.asm
steam	PE:6a70a6d9:02711000	0x6af620	0x6b0a8b	217	DISCUSS_MISSING_ARTIFACT	0x699d9a	filter==-1 or14; valid artifact record and missing/location/knowledge branches	../adventure-conversation-keywords/steam-keyword-sources.asm
steam	PE:6a70a6d9:02711000	0x6af620	0x6b0e82	217	DISCUSS_MISSING_ARTIFACT	0x699d9a	filter==-1 or14; valid artifact record and missing/location/knowledge branches	../adventure-conversation-keywords/steam-keyword-sources.asm
steam	PE:6a70a6d9:02711000	0x6af620	0x6b11d8	217	DISCUSS_MISSING_ARTIFACT	0x699d9a	filter==-1 or14; valid artifact record and missing/location/knowledge branches	../adventure-conversation-keywords/steam-keyword-sources.asm
steam	PE:6a70a6d9:02711000	0x6af620	0x6b1670	217	DISCUSS_MISSING_ARTIFACT	0x699d9a	filter==-1 or14; valid artifact record and missing/location/knowledge branches	../adventure-conversation-keywords/steam-keyword-sources.asm
steam	PE:6a70a6d9:02711000	0x6af620	0x6b1b79	217	DISCUSS_MISSING_ARTIFACT	0x699d9a	filter==-1 or14; valid artifact record and missing/location/knowledge branches	../adventure-conversation-keywords/steam-keyword-sources.asm
classic	PE:6a70b91c:0270a000	0x6ad040	0x6ad1a5	118	DISCUSS_CONFLICT	0x697871	related incident resolves to entity_event with conflict id +0xf8!=-1	../adventure-conversation-keywords/classic-keyword-sources.asm
classic	PE:6a70b91c:0270a000	0x6ad040	0x6ad1fb	12	BRING_UP_INCIDENT	0x6984b5	incident trouble supplier matches filter or filter==-1; no usable conflict id	../adventure-conversation-keywords/classic-keyword-sources.asm
classic	PE:6a70b91c:0270a000	0x6ad040	0x6ad2ff	118	DISCUSS_CONFLICT	0x697871	related incident resolves to entity_event with conflict id +0xf8!=-1	../adventure-conversation-keywords/classic-keyword-sources.asm
classic	PE:6a70b91c:0270a000	0x6ad040	0x6ad347	13	SPREAD_RUMOR	0x69a544	rumor flag/date guard; trouble supplier matches filter or filter==-1; no usable conflict id	../adventure-conversation-keywords/classic-keyword-sources.asm
classic	PE:6a70b91c:0270a000	0x6ad040	0x6ad53b	118	DISCUSS_CONFLICT	0x697871	related incident resolves to entity_event with conflict id +0xf8!=-1	../adventure-conversation-keywords/classic-keyword-sources.asm
classic	PE:6a70b91c:0270a000	0x6ad040	0x6ad59e	12	BRING_UP_INCIDENT	0x6984b5	incident trouble supplier matches filter or filter==-1; no usable conflict id	../adventure-conversation-keywords/classic-keyword-sources.asm
classic	PE:6a70b91c:0270a000	0x6ad040	0x6ad6e3	13	SPREAD_RUMOR	0x69a544	rumor flag/date guard; trouble supplier matches filter or filter==-1; no usable conflict id	../adventure-conversation-keywords/classic-keyword-sources.asm
classic	PE:6a70b91c:0270a000	0x6ad040	0x6ad741	118	DISCUSS_CONFLICT	0x697871	related incident resolves to entity_event with conflict id +0xf8!=-1	../adventure-conversation-keywords/classic-keyword-sources.asm
classic	PE:6a70b91c:0270a000	0x6ad040	0x6ad993	13	SPREAD_RUMOR	0x69a544	rumor flag/date guard; trouble supplier matches filter or filter==-1; no usable conflict id	../adventure-conversation-keywords/classic-keyword-sources.asm
classic	PE:6a70b91c:0270a000	0x6ad040	0x6ada0e	118	DISCUSS_CONFLICT	0x697871	related incident resolves to entity_event with conflict id +0xf8!=-1	../adventure-conversation-keywords/classic-keyword-sources.asm
classic	PE:6a70b91c:0270a000	0x6ad040	0x6adbe4	13	SPREAD_RUMOR	0x69a544	rumor flag/date guard; trouble supplier matches filter or filter==-1; no usable conflict id	../adventure-conversation-keywords/classic-keyword-sources.asm
classic	PE:6a70b91c:0270a000	0x6ad040	0x6adc5e	118	DISCUSS_CONFLICT	0x697871	related incident resolves to entity_event with conflict id +0xf8!=-1	../adventure-conversation-keywords/classic-keyword-sources.asm
classic	PE:6a70b91c:0270a000	0x6ad040	0x6adf93	103	DISCUSS_DIPLOMACY_STATE	0x6971e9	diplomacy trouble supplier returns!=-1 and matches filter; applicable locations exist	../adventure-conversation-keywords/classic-keyword-sources.asm
classic	PE:6a70b91c:0270a000	0x6ad040	0x6ae15d	217	DISCUSS_MISSING_ARTIFACT	0x6977ba	filter==-1 or14; valid artifact record and missing/location/knowledge branches	../adventure-conversation-keywords/classic-keyword-sources.asm
classic	PE:6a70b91c:0270a000	0x6ad040	0x6ae4ab	217	DISCUSS_MISSING_ARTIFACT	0x6977ba	filter==-1 or14; valid artifact record and missing/location/knowledge branches	../adventure-conversation-keywords/classic-keyword-sources.asm
classic	PE:6a70b91c:0270a000	0x6ad040	0x6ae8a2	217	DISCUSS_MISSING_ARTIFACT	0x6977ba	filter==-1 or14; valid artifact record and missing/location/knowledge branches	../adventure-conversation-keywords/classic-keyword-sources.asm
classic	PE:6a70b91c:0270a000	0x6ad040	0x6aebf8	217	DISCUSS_MISSING_ARTIFACT	0x6977ba	filter==-1 or14; valid artifact record and missing/location/knowledge branches	../adventure-conversation-keywords/classic-keyword-sources.asm
classic	PE:6a70b91c:0270a000	0x6ad040	0x6af090	217	DISCUSS_MISSING_ARTIFACT	0x6977ba	filter==-1 or14; valid artifact record and missing/location/knowledge branches	../adventure-conversation-keywords/classic-keyword-sources.asm
classic	PE:6a70b91c:0270a000	0x6ad040	0x6af599	217	DISCUSS_MISSING_ARTIFACT	0x6977ba	filter==-1 or14; valid artifact record and missing/location/knowledge branches	../adventure-conversation-keywords/classic-keyword-sources.asm
