enum_id	reference_branch_rva	reference_literal_rva	source	rendered_source	translation
0	0x7566b5	0x16a1b08	agriculture	Agriculture	农业
1	0x7566ca	0x16a1250	animals	Animals	动物
2	0x7566df	0x16a1258	art	Art	艺术
3	0x7566f4	0x16a1260	balance	Balance	平衡
4	0x756709	0x16a1268	beauty	Beauty	美
5	0x75671e	0x16a1270	birth	Birth	诞生
6	0x756733	0x16a1278	blight	Blight	枯萎
7	0x756748	0x16a1280	boundaries	Boundaries	边界
8	0x75675d	0x16a1290	caverns	Caverns	洞窟
9	0x756772	0x16a1298	chaos	Chaos	混沌
10	0x756787	0x16a12a0	charity	Charity	慈善
11	0x75679c	0x16a12a8	children	Children	儿童
12	0x7567b1	0x16a12b4	coasts	Coasts	海岸
13	0x7567c6	0x16a12c0	consolation	Consolation	慰藉
14	0x7567db	0x16a12d0	courage	Courage	勇气
15	0x7567f0	0x16a12d8	crafts	Crafts	工艺
16	0x756805	0x16a12e0	creation	Creation	创造
17	0x75681a	0x15edfc0	dance	Dance	舞蹈
18	0x75682f	0x16a1530	darkness	Darkness	黑暗
19	0x756844	0x16706fc	dawn	The Dawn	黎明
20	0x756859	0x1670704	day	Day	白昼
21	0x75686e	0x15eddb4	death	Death	死亡
22	0x756883	0x16a1540	deformity	Deformity	畸形
23	0x756898	0x16a1550	depravity	Depravity	堕落
24	0x7568ad	0x16a1560	discipline	Discipline	自律
25	0x7568c2	0x16a1570	disease	Disease	疾病
26	0x7568d7	0x16a1578	dreams	Dreams	梦境
27	0x7568ec	0x16a1580	dusk	Dusk	黄昏
28	0x756901	0x1674c00	duty	Duty	责任
29	0x756916	0x16a1588	earth	Earth	大地
30	0x75692b	0x16415fc	family	Family	家庭
31	0x756940	0x16a1590	fame	Fame	名望
32	0x756955	0x16a1598	fate	Fate	命运
33	0x75696a	0x16a15a0	fertility	Fertility	生育
34	0x75697f	0x16a15b0	festivals	Festivals	节庆
35	0x756994	0x16a15bc	fire	Fire	火
36	0x7569a9	0x16a11f0	fish	Fish	鱼
37	0x7569be	0x16a15c8	fishing	Fishing	捕鱼
38	0x7569d3	0x16a15d0	food	Food	食物
39	0x7569e8	0x16a15d8	forgiveness	Forgiveness	宽恕
40	0x7569fd	0x16a1470	fortresses	Fortresses	堡垒
41	0x756a12	0x16a1480	freedom	Freedom	自由
42	0x756a27	0x16a11f8	gambling	Gambling	赌博
43	0x756a3c	0x16a1488	games	Games	游戏
44	0x756a51	0x16a1490	generosity	Generosity	慷慨
45	0x756a66	0x1670a58	happiness	Happiness	幸福
46	0x756a7b	0x16a1208	healing	Healing	医治
47	0x756a90	0x16a14a0	hospitality	Hospitality	待客之道
48	0x756aa5	0x16a1210	hunting	Hunting	狩猎
49	0x756aba	0x16a14b0	inspiration	Inspiration	灵感
50	0x756acf	0x16a14c0	jealousy	Jealousy	嫉妒
51	0x756ae4	0x16a14cc	jewels	Jewels	宝石
52	0x756af9	0x16a14d8	justice	Justice	正义
53	0x756b0e	0x15ede6c	labor	Labor	劳动
54	0x756b23	0x16a14e0	lakes	Lakes	湖泊
55	0x756b38	0x16a14e8	laws	Laws	法律
56	0x756b4d	0x16a14f0	lies	Lies	谎言
57	0x756b62	0x167607c	light	Light	光明
58	0x756b77	0x16a14f8	lightning	Lightning	闪电
59	0x756b8c	0x16a1508	longevity	Longevity	长寿
60	0x756ba1	0x16025ec	love	Love	爱情
61	0x756bb6	0x16415b0	loyalty	Loyalty	忠诚
62	0x756bcb	0x16a1514	luck	Luck	运气
63	0x756be0	0x1670fac	lust	Lust	情欲
64	0x756bf5	0x16a1520	marriage	Marriage	婚姻
65	0x756c0a	0x16a13bc	mercy	Mercy	仁慈
66	0x756c1f	0x16a13c4	metals	Metals	金属
67	0x756c34	0x16a13d0	minerals	Minerals	矿物
68	0x756c49	0x1670f84	misery	Misery	苦难
69	0x756c5e	0x16a13dc	mist	Mist	薄雾
70	0x756c73	0x16a13e4	moon	The Moon	月亮
71	0x756c88	0x164c4a8	mountains	Mountains	山峦
72	0x756c9d	0x16a13ec	muck	Muck	污泥
73	0x756cb2	0x15ede54	murder	Murder	谋杀
74	0x756cc7	0x15eb50c	music	Music	音乐
75	0x756cdc	0x16416ec	nature	Nature	自然
76	0x756cf1	0x1670434	night	The Night	夜晚
77	0x756d06	0x16a13f8	nightmares	Nightmares	噩梦
78	0x756d1b	0x16a1404	oaths	Oaths	誓言
79	0x756d30	0x16a140c	oceans	Oceans	海洋
80	0x756d45	0x15eddcc	order	Order	秩序
81	0x756d5a	0x16a1418	painting	Painting	绘画
82	0x756d6f	0x15ee0cc	peace	Peace	和平
83	0x756d84	0x16a1428	persuasion	Persuasion	说服
84	0x756d99	0x16a1434	plants	Plants	植物
85	0x756dae	0x161b6dc	poetry	Poetry	诗歌
86	0x756dc3	0x16a1440	pregnancy	Pregnancy	怀孕
87	0x756dd8	0x164bfac	rain	The Rain	雨
88	0x756ded	0x16a1450	rainbows	Rainbows	彩虹
89	0x756e02	0x16a1460	rebirth	Rebirth	重生
90	0x756e17	0x16a1468	revelry	Revelry	狂欢
91	0x756e2c	0x16a1320	revenge	Revenge	复仇
92	0x756e41	0x16a1328	rivers	Rivers	河流
93	0x756e56	0x16a1330	rulership	Rulership	统治
94	0x756e6b	0x16a133c	rumors	Rumors	传闻
95	0x756e80	0x1641708	sacrifice	Sacrifice	牺牲
96	0x756e95	0x16a1344	salt	Salt	盐
97	0x756eaa	0x16a1350	scholarship	Scholarship	学问
98	0x756ebf	0x16a1360	seasons	The Seasons	四季
99	0x756ed4	0x16a1368	silence	Silence	寂静
100	0x756ee9	0x164c52c	sky	The Sky	天空
101	0x756efe	0x15e9510	song	Song	歌唱
102	0x756f13	0x16a1370	speech	Speech	言语
103	0x756f28	0x16a1378	stars	The Stars	星辰
104	0x756f3d	0x16a1380	storms	Storms	风暴
105	0x756f52	0x1661fd8	strength	Strength	力量
106	0x756f67	0x16a1388	suicide	Suicide	自杀
107	0x756f7c	0x16a1390	sun	The Sun	太阳
108	0x756f91	0x15edefc	theft	Theft	盗窃
109	0x756fa6	0x16a1398	thralldom	Thralldom	奴役
110	0x756fbb	0x16a13a8	thunder	Thunder	雷鸣
111	0x756fd0	0x1643a58	torture	Torture	折磨
112	0x756fe5	0x164fbc4	trade	Trade	贸易
113	0x756ffa	0x16a13b0	travelers	Travelers	旅人
114	0x75700f	0x16a1aa0	treachery	Treachery	背叛
115	0x757024	0x16a1aac	trees	Trees	树木
116	0x757039	0x16a1ab8	trickery	Trickery	诡计
117	0x75704e	0x16415dc	truth	Truth	真理
118	0x757063	0x16a12f8	twilight	Twilight	暮光
119	0x757078	0x16a1ac4	valor	Valor	英勇
120	0x75708d	0x16a1ad0	victory	Victory	胜利
121	0x7570a2	0x16a1ad8	volcanos	Volcanos	火山
122	0x7570b7	0x1649be4	war	War	战争
123	0x7570cc	0x164b874	water	Water	水
124	0x7570e1	0x16a1ae4	wealth	Wealth	财富
125	0x7570f6	0x1674ef0	weather	The Weather	天气
126	0x75710b	0x16a1aec	wind	The Wind	风
127	0x757120	0x16a1af4	wisdom	Wisdom	智慧
128	0x757135	0x15edca0	writing	Writing	写作
129	0x75714a	0x16a1afc	youth	Youth	青春
-1	0x75715f	0x16a1310	no sphere	No Sphere	无神域
