image	function_va	instruction_va	string_va	text
classic	0x140b8ff50	0x140b8ffca	0x1416da770	interrogator
classic	0x140b8ff50	0x140b8ffe1	0x14166fb90	subject
classic	0x140b8ff50	0x140b900b3	0x141623ec0	Nameless
classic	0x140b8ff50	0x140b9014e	0x1416da750	an unidentified creature
classic	0x140b8ff50	0x140b90173	0x1415f8b40	[LPAGE:HF:
classic	0x140b8ff50	0x140b90193	0x1415f8664	]
classic	0x140b8ff50	0x140b9035b	0x1415e3e34	the 
classic	0x140b8ff50	0x140b9037f	0x1416789f8	zombie 
classic	0x140b8ff50	0x140b903b7	0x1415f8b70	ghostly 
classic	0x140b8ff50	0x140b904d9	0x1415e3720	 
classic	0x140b8ff50	0x140b90508	0x1415e3720	 
classic	0x140b8ff50	0x140b90591	0x1415e4548	 the 
classic	0x140b8ff50	0x140b905b5	0x1416789f8	zombie 
classic	0x140b8ff50	0x140b905ed	0x1415f8b70	ghostly 
classic	0x140b8ff50	0x140b9070d	0x1415e3720	 
classic	0x140b8ff50	0x140b9078e	0x1415e8618	a 
classic	0x140b8ff50	0x140b90795	0x1415e3e34	the 
classic	0x140b8ff50	0x140b907bd	0x1416789f8	zombie 
classic	0x140b8ff50	0x140b907f5	0x1415f8b70	ghostly 
classic	0x140b8ff50	0x140b9085c	0x1415e3720	 
classic	0x140b8ff50	0x140b908a7	0x1415e4214	's
classic	0x140b8ff50	0x140b908c6	0x1415f8b50	[/LPAGE]
classic	0x140b8ff50	0x140b9091c	0x14165ed98	an unknown creature
classic	0x140b8ff50	0x140b90932	0x1415e4214	's
