# Read-only native source extraction; classic image PE:6a70b91c:0270a000
# image	function	instruction	literal	text
PE:6a70b91c:0270a000	0x1401a5b00..0x1401a8679	0x1401a637b	0x1415fcf60	This visitor is ready to leave.
PE:6a70b91c:0270a000	0x1401a5b00..0x1401a8679	0x1401a640d	0x1415fcf48	This visitor has come 
PE:6a70b91c:0270a000	0x1401a5b00..0x1401a8679	0x1401a647b	0x1415fcf40	to pray
PE:6a70b91c:0270a000	0x1401a5b00..0x1401a8679	0x1401a6484	0x1415fcf30	to study
PE:6a70b91c:0270a000	0x1401a5b00..0x1401a8679	0x1401a648d	0x1415fcf20	to relax
PE:6a70b91c:0270a000	0x1401a5b00..0x1401a8679	0x1401a6496	0x1415fcf10	to perform
PE:6a70b91c:0270a000	0x1401a5b00..0x1401a8679	0x1401a649f	0x1415fd1d8	to slay beasts
PE:6a70b91c:0270a000	0x1401a5b00..0x1401a8679	0x1401a64a8	0x1415fd1b8	seeking work as a performer
PE:6a70b91c:0270a000	0x1401a5b00..0x1401a8679	0x1401a64b1	0x1415fd198	seeking work as a mercenary
PE:6a70b91c:0270a000	0x1401a5b00..0x1401a8679	0x1401a64ba	0x1415fd178	seeking work as a scholar
PE:6a70b91c:0270a000	0x1401a5b00..0x1401a8679	0x1401a64c3	0x1415fd168	for diplomacy
PE:6a70b91c:0270a000	0x1401a5b00..0x1401a8679	0x1401a64cc	0x1415fd150	seeking sanctuary
PE:6a70b91c:0270a000	0x1401a5b00..0x1401a8679	0x1401a64d5	0x1415fd138	asking questions
PE:6a70b91c:0270a000	0x1401a5b00..0x1401a8679	0x1401a652a	0x1415fd12c	 at 
PE:6a70b91c:0270a000	0x1401a5b00..0x1401a8679	0x1401a6572	0x1415e40c4	, 
PE:6a70b91c:0270a000	0x1401a5b00..0x1401a8679	0x1401a6580	0x1415e40bc	 and 
PE:6a70b91c:0270a000	0x1401a5b00..0x1401a8679	0x1401a65bb	0x1415e3574	.
PE:6a70b91c:0270a000	0x1401a5b00..0x1401a8679	0x1401a663b	0x1415f7ff8	  
PE:6a70b91c:0270a000	0x1401a5b00..0x1401a8679	0x1401a6676	0x1415e3720	 
PE:6a70b91c:0270a000	0x1401a5b00..0x1401a8679	0x1401a66ba	0x1415fd0f8	heard this was a good place to search for monsters.
PE:6a70b91c:0270a000	0x1401a5b00..0x1401a8679	0x1401a66c6	0x1415fd0c0	heard this was the place for those seeking danger.
PE:6a70b91c:0270a000	0x1401a5b00..0x1401a8679	0x1401a66d2	0x1415fd0b4	heard 
PE:6a70b91c:0270a000	0x1401a5b00..0x1401a8679	0x1401a66ed	0x1415fd0ac	this
PE:6a70b91c:0270a000	0x1401a5b00..0x1401a8679	0x1401a66f9	0x1415fd090	 was the place for prayer.
PE:6a70b91c:0270a000	0x1401a5b00..0x1401a8679	0x1401a670e	0x1415fd090	 was the place for prayer.
PE:6a70b91c:0270a000	0x1401a5b00..0x1401a8679	0x1401a6725	0x1415fd068	went on this journey out of curiosity.
PE:6a70b91c:0270a000	0x1401a5b00..0x1401a8679	0x1401a6731	0x1415fd050	was curious about 
PE:6a70b91c:0270a000	0x1401a5b00..0x1401a8679	0x1401a674f	0x1415fd0b4	heard 
PE:6a70b91c:0270a000	0x1401a5b00..0x1401a8679	0x1401a676a	0x1415fd0ac	this
PE:6a70b91c:0270a000	0x1401a5b00..0x1401a8679	0x1401a6776	0x1415fd028	 was the place for a good drink.
PE:6a70b91c:0270a000	0x1401a5b00..0x1401a8679	0x1401a678b	0x1415fd028	 was the place for a good drink.
PE:6a70b91c:0270a000	0x1401a5b00..0x1401a8679	0x1401a6797	0x1415fd0b4	heard 
PE:6a70b91c:0270a000	0x1401a5b00..0x1401a8679	0x1401a67b2	0x1415fd0ac	this
PE:6a70b91c:0270a000	0x1401a5b00..0x1401a8679	0x1401a67be	0x1415fd3d0	 was the place to admire fine architecture.
PE:6a70b91c:0270a000	0x1401a5b00..0x1401a8679	0x1401a67d3	0x1415fd3d0	 was the place to admire fine architecture.
PE:6a70b91c:0270a000	0x1401a5b00..0x1401a8679	0x1401a67df	0x1415fd0b4	heard 
PE:6a70b91c:0270a000	0x1401a5b00..0x1401a8679	0x1401a67fa	0x1415fd0ac	this
PE:6a70b91c:0270a000	0x1401a5b00..0x1401a8679	0x1401a6806	0x1415fd3a8	 was the place to enjoy oneself.
PE:6a70b91c:0270a000	0x1401a5b00..0x1401a8679	0x1401a681b	0x1415fd3a8	 was the place to enjoy oneself.
PE:6a70b91c:0270a000	0x1401a5b00..0x1401a8679	0x1401a6827	0x1415fd0b4	heard 
PE:6a70b91c:0270a000	0x1401a5b00..0x1401a8679	0x1401a6842	0x1415fd0ac	this
PE:6a70b91c:0270a000	0x1401a5b00..0x1401a8679	0x1401a684e	0x1415fd380	 was the place to entertain people.
PE:6a70b91c:0270a000	0x1401a5b00..0x1401a8679	0x1401a6863	0x1415fd380	 was the place to entertain people.
PE:6a70b91c:0270a000	0x1401a5b00..0x1401a8679	0x1401a686f	0x1415fd0b4	heard 
PE:6a70b91c:0270a000	0x1401a5b00..0x1401a8679	0x1401a688a	0x1415fd0ac	this
PE:6a70b91c:0270a000	0x1401a5b00..0x1401a8679	0x1401a6896	0x1415fd358	 was the place to perform research.
PE:6a70b91c:0270a000	0x1401a5b00..0x1401a8679	0x1401a68ab	0x1415fd358	 was the place to perform research.
PE:6a70b91c:0270a000	0x1401a5b00..0x1401a8679	0x1401a68b7	0x1415fd0b4	heard 
PE:6a70b91c:0270a000	0x1401a5b00..0x1401a8679	0x1401a68d2	0x1415fd0ac	this
PE:6a70b91c:0270a000	0x1401a5b00..0x1401a8679	0x1401a68de	0x1415fd328	 was the place for long-term scholarship.
PE:6a70b91c:0270a000	0x1401a5b00..0x1401a8679	0x1401a68f3	0x1415fd328	 was the place for long-term scholarship.
PE:6a70b91c:0270a000	0x1401a5b00..0x1401a8679	0x1401a68ff	0x1415fd0b4	heard 
PE:6a70b91c:0270a000	0x1401a5b00..0x1401a8679	0x1401a691a	0x1415fd0ac	this
PE:6a70b91c:0270a000	0x1401a5b00..0x1401a8679	0x1401a6926	0x1415fd2f8	 would make a good base for a mercenary.
PE:6a70b91c:0270a000	0x1401a5b00..0x1401a8679	0x1401a693b	0x1415fd2f8	 would make a good base for a mercenary.
PE:6a70b91c:0270a000	0x1401a5b00..0x1401a8679	0x1401a6947	0x1415fd0b4	heard 
PE:6a70b91c:0270a000	0x1401a5b00..0x1401a8679	0x1401a6962	0x1415fd0ac	this
PE:6a70b91c:0270a000	0x1401a5b00..0x1401a8679	0x1401a696e	0x1415fd2c8	 was the place to look for long-term work.
PE:6a70b91c:0270a000	0x1401a5b00..0x1401a8679	0x1401a6983	0x1415fd2c8	 was the place to look for long-term work.
PE:6a70b91c:0270a000	0x1401a5b00..0x1401a8679	0x1401a698f	0x1415fd2b8	believes 
PE:6a70b91c:0270a000	0x1401a5b00..0x1401a8679	0x1401a69aa	0x1415fd0ac	this
PE:6a70b91c:0270a000	0x1401a5b00..0x1401a8679	0x1401a69b6	0x1415fd298	 would be a safe place to stay.
PE:6a70b91c:0270a000	0x1401a5b00..0x1401a8679	0x1401a69c8	0x1415fd298	 would be a safe place to stay.
PE:6a70b91c:0270a000	0x1401a5b00..0x1401a8679	0x1401a69d1	0x1415fd280	is seeking information
PE:6a70b91c:0270a000	0x1401a5b00..0x1401a8679	0x1401a69f6	0x1415fd268	 about the location of 
PE:6a70b91c:0270a000	0x1401a5b00..0x1401a8679	0x1401a6a23	0x1415e3574	.
PE:6a70b91c:0270a000	0x1401a5b00..0x1401a8679	0x1401a6a49	0x1415fd220	You can learn more about this visitor after they chat with a local.
PE:6a70b91c:0270a000	0x1401a5b00..0x1401a8679	0x1401a6b12	0x1415e46fc	"
PE:6a70b91c:0270a000	0x1401a5b00..0x1401a8679	0x1401a6b78	0x1415e46fc	"
PE:6a70b91c:0270a000	0x1401a5b00..0x1401a8679	0x1401a6cdf	0x1415e46fc	"
PE:6a70b91c:0270a000	0x1401a5b00..0x1401a8679	0x1401a6d02	0x1415e46fc	"
PE:6a70b91c:0270a000	0x1401a5b00..0x1401a8679	0x1401a6ebb	0x1415f7ff8	  
PE:6a70b91c:0270a000	0x1401a5b00..0x1401a8679	0x1401a6f09	0x1415e46fc	"
PE:6a70b91c:0270a000	0x1401a5b00..0x1401a8679	0x1401a6f2c	0x1415e46fc	"
PE:6a70b91c:0270a000	0x1401a5b00..0x1401a8679	0x1401a6fb6	0x1415e46fc	"
PE:6a70b91c:0270a000	0x1401a5b00..0x1401a8679	0x1401a6fd9	0x1415e46fc	"
PE:6a70b91c:0270a000	0x1401a5b00..0x1401a8679	0x1401a7320	0x1415fd208	[C:7:0:0]
PE:6a70b91c:0270a000	0x1401a5b00..0x1401a8679	0x1401a737b	0x1416cb15c	he
PE:6a70b91c:0270a000	0x1401a5b00..0x1401a8679	0x1401a7388	0x1416cb158	she
PE:6a70b91c:0270a000	0x1401a5b00..0x1401a8679	0x1401a7397	0x1415e9484	it
PE:6a70b91c:0270a000	0x1401a5b00..0x1401a8679	0x1401a73f0	0x1415e3720	 
PE:6a70b91c:0270a000	0x1401a5b00..0x1401a8679	0x1401a742c	0x1415fd4a0	didn't feel 
PE:6a70b91c:0270a000	0x1401a5b00..0x1401a8679	0x1401a7468	0x1415fd1ec	was 
PE:6a70b91c:0270a000	0x1401a5b00..0x1401a8679	0x1401a746f	0x1415fd1e8	is 
PE:6a70b91c:0270a000	0x1401a5b00..0x1401a8679	0x1401a748c	0x1415fd4c8	felt 
PE:6a70b91c:0270a000	0x1401a5b00..0x1401a8679	0x1401a7493	0x1415fd4c0	feels 
PE:6a70b91c:0270a000	0x1401a5b00..0x1401a8679	0x1401a749c	0x1415fd4b8	was in 
PE:6a70b91c:0270a000	0x1401a5b00..0x1401a8679	0x1401a74a3	0x1415fd4b0	is in 
PE:6a70b91c:0270a000	0x1401a5b00..0x1401a8679	0x1401a74ac	0x1415fd490	doesn't feel 
PE:6a70b91c:0270a000	0x1401a5b00..0x1401a8679	0x1401a74e8	0x1415fd480	[C:6:0:0]
PE:6a70b91c:0270a000	0x1401a5b00..0x1401a8679	0x1401a7501	0x1415fd470	[C:2:0:1]
PE:6a70b91c:0270a000	0x1401a5b00..0x1401a8679	0x1401a751a	0x1415fd460	[C:3:0:1]
PE:6a70b91c:0270a000	0x1401a5b00..0x1401a8679	0x1401a7533	0x1415fd450	[C:5:0:1]
PE:6a70b91c:0270a000	0x1401a5b00..0x1401a8679	0x1401a7549	0x1415fd440	[C:4:0:1]
PE:6a70b91c:0270a000	0x1401a5b00..0x1401a8679	0x1401a755f	0x1415fd430	[C:6:0:1]
PE:6a70b91c:0270a000	0x1401a5b00..0x1401a8679	0x1401a7575	0x1415fd208	[C:7:0:0]
PE:6a70b91c:0270a000	0x1401a5b00..0x1401a8679	0x1401a758b	0x1415fd420	[C:1:0:1]
PE:6a70b91c:0270a000	0x1401a5b00..0x1401a8679	0x1401a75c5	0x1415fd418	annoyed
PE:6a70b91c:0270a000	0x1401a5b00..0x1401a8679	0x1401a75d1	0x1415fd408	satisfied
PE:6a70b91c:0270a000	0x1401a5b00..0x1401a8679	0x1401a75dd	0x1415fd400	grouchy
PE:6a70b91c:0270a000	0x1401a5b00..0x1401a8679	0x1401a75e9	0x1415fd564	grumpy
PE:6a70b91c:0270a000	0x1401a5b00..0x1401a8679	0x1401a75f5	0x1415fd558	fondness
PE:6a70b91c:0270a000	0x1401a5b00..0x1401a8679	0x1401a7601	0x1415fd548	suspicious
PE:6a70b91c:0270a000	0x1401a5b00..0x1401a8679	0x1401a760d	0x1415fd540	alarmed
PE:6a70b91c:0270a000	0x1401a5b00..0x1401a8679	0x1401a7619	0x1415fd538	shocked
PE:6a70b91c:0270a000	0x1401a5b00..0x1401a8679	0x1401a7625	0x1415fd528	horrified
PE:6a70b91c:0270a000	0x1401a5b00..0x1401a8679	0x1401a7631	0x1415fd510	grim satisfaction
PE:6a70b91c:0270a000	0x1401a5b00..0x1401a8679	0x1401a7646	0x1415fd508	grieved
PE:6a70b91c:0270a000	0x1401a5b00..0x1401a8679	0x1401a7652	0x1415fd500	grieves
PE:6a70b91c:0270a000	0x1401a5b00..0x1401a8679	0x1401a765e	0x1415fd4f8	triumph
PE:6a70b91c:0270a000	0x1401a5b00..0x1401a8679	0x1401a7673	0x1415fd4f0	raged
PE:6a70b91c:0270a000	0x1401a5b00..0x1401a8679	0x1401a767f	0x1415fd4e8	rages
PE:6a70b91c:0270a000	0x1401a5b00..0x1401a8679	0x1401a768b	0x1415fd4e0	excited
PE:6a70b91c:0270a000	0x1401a5b00..0x1401a8679	0x1401a7697	0x1415fd4d8	gaiety
PE:6a70b91c:0270a000	0x1401a5b00..0x1401a8679	0x1401a76a3	0x1415fd4d4	sad
PE:6a70b91c:0270a000	0x1401a5b00..0x1401a8679	0x1401a76af	0x1415fd4d0	joy
PE:6a70b91c:0270a000	0x1401a5b00..0x1401a8679	0x1401a76bb	0x1415fd630	blissful
PE:6a70b91c:0270a000	0x1401a5b00..0x1401a8679	0x1401a76c7	0x1415fd624	love
PE:6a70b91c:0270a000	0x1401a5b00..0x1401a8679	0x1401a76d3	0x1415fd618	vengeful
PE:6a70b91c:0270a000	0x1401a5b00..0x1401a8679	0x1401a76df	0x1415fd608	accepting
PE:6a70b91c:0270a000	0x1401a5b00..0x1401a8679	0x1401a76eb	0x1415fd5f8	admiration
PE:6a70b91c:0270a000	0x1401a5b00..0x1401a8679	0x1401a76f7	0x1415fd5e8	adoration
PE:6a70b91c:0270a000	0x1401a5b00..0x1401a8679	0x1401a7703	0x1415fd5d8	affection
PE:6a70b91c:0270a000	0x1401a5b00..0x1401a8679	0x1401a770f	0x1415fd5c8	agitated
PE:6a70b91c:0270a000	0x1401a5b00..0x1401a8679	0x1401a771b	0x1415fd5b8	aggravated
PE:6a70b91c:0270a000	0x1401a5b00..0x1401a8679	0x1401a7727	0x1415fd5ac	agony
PE:6a70b91c:0270a000	0x1401a5b00..0x1401a8679	0x1401a7733	0x1415fd5a0	alienated
PE:6a70b91c:0270a000	0x1401a5b00..0x1401a8679	0x1401a773f	0x1415fd594	amazed
PE:6a70b91c:0270a000	0x1401a5b00..0x1401a8679	0x1401a774b	0x1415fd588	ambivalent
PE:6a70b91c:0270a000	0x1401a5b00..0x1401a8679	0x1401a7757	0x1415fd580	amused
PE:6a70b91c:0270a000	0x1401a5b00..0x1401a8679	0x1401a7763	0x1415fd578	angry
PE:6a70b91c:0270a000	0x1401a5b00..0x1401a8679	0x1401a776f	0x1415fd570	anguish
PE:6a70b91c:0270a000	0x1401a5b00..0x1401a8679	0x1401a777b	0x1415fd6f0	anxious
PE:6a70b91c:0270a000	0x1401a5b00..0x1401a8679	0x1401a7787	0x1415fd6e0	apathetic
PE:6a70b91c:0270a000	0x1401a5b00..0x1401a8679	0x1401a7793	0x1415fd6d8	aroused
PE:6a70b91c:0270a000	0x1401a5b00..0x1401a8679	0x1401a779f	0x1415fd6c8	astonished
PE:6a70b91c:0270a000	0x1401a5b00..0x1401a8679	0x1401a77ab	0x1415fd6b8	aversion
PE:6a70b91c:0270a000	0x1401a5b00..0x1401a8679	0x1401a77b7	0x1415fd6b4	awe
PE:6a70b91c:0270a000	0x1401a5b00..0x1401a8679	0x1401a77c3	0x1415fd6ac	bitter
PE:6a70b91c:0270a000	0x1401a5b00..0x1401a8679	0x1401a77cf	0x1415fd6a4	bored
PE:6a70b91c:0270a000	0x1401a5b00..0x1401a8679	0x1401a77db	0x1415fd69c	caring
PE:6a70b91c:0270a000	0x1401a5b00..0x1401a8679	0x1401a77e7	0x1415fd690	confused
PE:6a70b91c:0270a000	0x1401a5b00..0x1401a8679	0x1401a77f3	0x1415fd680	contemptuous
PE:6a70b91c:0270a000	0x1401a5b00..0x1401a8679	0x1401a77ff	0x1415fd678	content
PE:6a70b91c:0270a000	0x1401a5b00..0x1401a8679	0x1401a780b	0x1415fd668	dejected
PE:6a70b91c:0270a000	0x1401a5b00..0x1401a8679	0x1401a7817	0x1415fd658	delighted
PE:6a70b91c:0270a000	0x1401a5b00..0x1401a8679	0x1401a7823	0x1415fd650	despair
PE:6a70b91c:0270a000	0x1401a5b00..0x1401a8679	0x1401a782f	0x1415fd640	disappointed
PE:6a70b91c:0270a000	0x1401a5b00..0x1401a8679	0x1401a783b	0x1415fd7b8	disgusted
PE:6a70b91c:0270a000	0x1401a5b00..0x1401a8679	0x1401a7847	0x1415fd7a8	disillusioned
PE:6a70b91c:0270a000	0x1401a5b00..0x1401a8679	0x1401a7853	0x1415fd7a0	dislike
PE:6a70b91c:0270a000	0x1401a5b00..0x1401a8679	0x1401a785f	0x1415fd790	dismayed
PE:6a70b91c:0270a000	0x1401a5b00..0x1401a8679	0x1401a786b	0x1415fd780	displeasure
PE:6a70b91c:0270a000	0x1401a5b00..0x1401a8679	0x1401a7877	0x1415fd770	distressed
PE:6a70b91c:0270a000	0x1401a5b00..0x1401a8679	0x1401a7883	0x1415fd764	eager
PE:6a70b91c:0270a000	0x1401a5b00..0x1401a8679	0x1401a788f	0x1415fd75c	elated
PE:6a70b91c:0270a000	0x1401a5b00..0x1401a8679	0x1401a789b	0x1415fd750	embarrassed
PE:6a70b91c:0270a000	0x1401a5b00..0x1401a8679	0x1401a78a7	0x1415fd748	empathy
PE:6a70b91c:0270a000	0x1401a5b00..0x1401a8679	0x1401a78b3	0x1415fd73c	empty
PE:6a70b91c:0270a000	0x1401a5b00..0x1401a8679	0x1401a78bf	0x1415fd730	enjoyment
PE:6a70b91c:0270a000	0x1401a5b00..0x1401a8679	0x1401a78cb	0x1415fd720	exasperated
PE:6a70b91c:0270a000	0x1401a5b00..0x1401a8679	0x1401a78d7	0x1415fd710	exhilarated
PE:6a70b91c:0270a000	0x1401a5b00..0x1401a8679	0x1401a78e3	0x1415fd704	afraid
PE:6a70b91c:0270a000	0x1401a5b00..0x1401a8679	0x1401a78ef	0x1415fd6f8	ferocity
PE:6a70b91c:0270a000	0x1401a5b00..0x1401a8679	0x1401a78fb	0x1415fd87c	free
PE:6a70b91c:0270a000	0x1401a5b00..0x1401a8679	0x1401a7907	0x1415fd870	frightened
PE:6a70b91c:0270a000	0x1401a5b00..0x1401a8679	0x1401a7913	0x1415fd860	frustrated
PE:6a70b91c:0270a000	0x1401a5b00..0x1401a8679	0x1401a791f	0x1415fd858	gleeful
PE:6a70b91c:0270a000	0x1401a5b00..0x1401a8679	0x1401a792b	0x1415fd84c	gloomy
PE:6a70b91c:0270a000	0x1401a5b00..0x1401a8679	0x1401a7937	0x1415fd844	glum
PE:6a70b91c:0270a000	0x1401a5b00..0x1401a8679	0x1401a7943	0x1415fd838	gratitude
PE:6a70b91c:0270a000	0x1401a5b00..0x1401a8679	0x1401a794f	0x1415fd830	guilty
PE:6a70b91c:0270a000	0x1401a5b00..0x1401a8679	0x1401a795b	0x1415fd828	happy
PE:6a70b91c:0270a000	0x1401a5b00..0x1401a8679	0x1401a7967	0x1415fd820	hateful
PE:6a70b91c:0270a000	0x1401a5b00..0x1401a8679	0x1401a7973	0x1415fd814	hope
PE:6a70b91c:0270a000	0x1401a5b00..0x1401a8679	0x1401a797f	0x1415fd808	hopeless
PE:6a70b91c:0270a000	0x1401a5b00..0x1401a8679	0x1401a798b	0x1415fd7f8	humiliated
PE:6a70b91c:0270a000	0x1401a5b00..0x1401a8679	0x1401a7997	0x1415fd7e8	insulted
PE:6a70b91c:0270a000	0x1401a5b00..0x1401a8679	0x1401a79a3	0x1415fd7d8	interested
PE:6a70b91c:0270a000	0x1401a5b00..0x1401a8679	0x1401a79af	0x1415fd7c8	irritated
PE:6a70b91c:0270a000	0x1401a5b00..0x1401a8679	0x1401a79bb	0x1415fd940	isolated
PE:6a70b91c:0270a000	0x1401a5b00..0x1401a8679	0x1401a79c7	0x1415fd934	jolly
PE:6a70b91c:0270a000	0x1401a5b00..0x1401a8679	0x1401a79d3	0x1415fd92c	jovial
PE:6a70b91c:0270a000	0x1401a5b00..0x1401a8679	0x1401a79df	0x1415fd920	jubilant
PE:6a70b91c:0270a000	0x1401a5b00..0x1401a8679	0x1401a79eb	0x1415fd910	loathing
PE:6a70b91c:0270a000	0x1401a5b00..0x1401a8679	0x1401a79f7	0x1415fd908	lonely
PE:6a70b91c:0270a000	0x1401a5b00..0x1401a8679	0x1401a7a03	0x1415fd900	lustful
PE:6a70b91c:0270a000	0x1401a5b00..0x1401a8679	0x1401a7a0f	0x1415fd8f0	miserable
PE:6a70b91c:0270a000	0x1401a5b00..0x1401a8679	0x1401a7a1b	0x1415fd8e0	mortified
PE:6a70b91c:0270a000	0x1401a5b00..0x1401a8679	0x1401a7a27	0x1415fd8d8	nervous
PE:6a70b91c:0270a000	0x1401a5b00..0x1401a8679	0x1401a7a33	0x1415fd8c8	nostalgic
PE:6a70b91c:0270a000	0x1401a5b00..0x1401a8679	0x1401a7a3f	0x1415fd8b8	optimistic
PE:6a70b91c:0270a000	0x1401a5b00..0x1401a8679	0x1401a7a4b	0x1415fd8a8	outraged
PE:6a70b91c:0270a000	0x1401a5b00..0x1401a8679	0x1401a7a60	0x1415fd898	panicked
PE:6a70b91c:0270a000	0x1401a5b00..0x1401a8679	0x1401a7a6c	0x1415fd890	panics
PE:6a70b91c:0270a000	0x1401a5b00..0x1401a8679	0x1401a7a78	0x1415fd888	patient
PE:6a70b91c:0270a000	0x1401a5b00..0x1401a8679	0x1401a7a84	0x1415fda20	passionate
PE:6a70b91c:0270a000	0x1401a5b00..0x1401a8679	0x1401a7a90	0x1415fda10	pleasure
PE:6a70b91c:0270a000	0x1401a5b00..0x1401a8679	0x1401a7a9c	0x1415fda04	proud
PE:6a70b91c:0270a000	0x1401a5b00..0x1401a8679	0x1401a7aa8	0x1415fd9f8	enraptured
PE:6a70b91c:0270a000	0x1401a5b00..0x1401a8679	0x1401a7ab4	0x1415fd9e8	rejected
PE:6a70b91c:0270a000	0x1401a5b00..0x1401a8679	0x1401a7ac0	0x1415fd9d8	relieved
PE:6a70b91c:0270a000	0x1401a5b00..0x1401a8679	0x1401a7acc	0x1415fd9c8	regretful
PE:6a70b91c:0270a000	0x1401a5b00..0x1401a8679	0x1401a7ad8	0x1415fd9b8	remorseful
PE:6a70b91c:0270a000	0x1401a5b00..0x1401a8679	0x1401a7ae4	0x1415fd9a8	repentant
PE:6a70b91c:0270a000	0x1401a5b00..0x1401a8679	0x1401a7af0	0x1415fd998	resentful
PE:6a70b91c:0270a000	0x1401a5b00..0x1401a8679	0x1401a7afc	0x1415fd988	restless
PE:6a70b91c:0270a000	0x1401a5b00..0x1401a8679	0x1401a7b08	0x1415fd978	indignant
PE:6a70b91c:0270a000	0x1401a5b00..0x1401a8679	0x1401a7b14	0x1415fd968	self-pity
PE:6a70b91c:0270a000	0x1401a5b00..0x1401a8679	0x1401a7b20	0x1415fd960	servile
PE:6a70b91c:0270a000	0x1401a5b00..0x1401a8679	0x1401a7b2c	0x1415fd958	shaken
PE:6a70b91c:0270a000	0x1401a5b00..0x1401a8679	0x1401a7b38	0x1415fd950	ashamed
PE:6a70b91c:0270a000	0x1401a5b00..0x1401a8679	0x1401a7b44	0x1415fdaf8	sympathy
PE:6a70b91c:0270a000	0x1401a5b00..0x1401a8679	0x1401a7b50	0x1415fdae8	tenderness
PE:6a70b91c:0270a000	0x1401a5b00..0x1401a8679	0x1401a7b5c	0x1415fdad8	terrified
PE:6a70b91c:0270a000	0x1401a5b00..0x1401a8679	0x1401a7b68	0x1415fdac8	thrilled
PE:6a70b91c:0270a000	0x1401a5b00..0x1401a8679	0x1401a7b71	0x1415fdac0	uneasy
PE:6a70b91c:0270a000	0x1401a5b00..0x1401a8679	0x1401a7b7a	0x1415fdab8	unhappy
PE:6a70b91c:0270a000	0x1401a5b00..0x1401a8679	0x1401a7b83	0x1415fdab0	wonder
PE:6a70b91c:0270a000	0x1401a5b00..0x1401a8679	0x1401a7b8c	0x1415fdaa8	worried
PE:6a70b91c:0270a000	0x1401a5b00..0x1401a8679	0x1401a7b95	0x1415fda98	wrathful
PE:6a70b91c:0270a000	0x1401a5b00..0x1401a8679	0x1401a7b9e	0x1415fda90	zealous
PE:6a70b91c:0270a000	0x1401a5b00..0x1401a8679	0x1401a7ba7	0x1415fda78	existential crisis
PE:6a70b91c:0270a000	0x1401a5b00..0x1401a8679	0x1401a7bb0	0x1415fda68	defeated
PE:6a70b91c:0270a000	0x1401a5b00..0x1401a8679	0x1401a7bb9	0x1415fda58	expectant
PE:6a70b91c:0270a000	0x1401a5b00..0x1401a8679	0x1401a7bc2	0x1415fda50	doubt
PE:6a70b91c:0270a000	0x1401a5b00..0x1401a8679	0x1401a7bcb	0x1415fda40	enthusiastic
PE:6a70b91c:0270a000	0x1401a5b00..0x1401a8679	0x1401a7bd4	0x1415fda30	pessimistic
PE:6a70b91c:0270a000	0x1401a5b00..0x1401a8679	0x1401a7bdd	0x1415fdc30	euphoric
PE:6a70b91c:0270a000	0x1401a5b00..0x1401a8679	0x1401a7be6	0x1415fdc20	anything
PE:6a70b91c:0270a000	0x1401a5b00..0x1401a8679	0x1401a7c0a	0x1415fdc10	 [C:5:0:0]
PE:6a70b91c:0270a000	0x1401a5b00..0x1401a8679	0x1401a7c13	0x1415fdc00	 [C:5:0:1]
PE:6a70b91c:0270a000	0x1401a5b00..0x1401a8679	0x1401a7c41	0x1415fdbf0	reliving 
PE:6a70b91c:0270a000	0x1401a5b00..0x1401a8679	0x1401a7c4a	0x1415fdbe0	dwelling upon 
PE:6a70b91c:0270a000	0x1401a5b00..0x1401a8679	0x1401a7c53	0x1415fdbd0	remembering 
PE:6a70b91c:0270a000	0x1401a5b00..0x1401a8679	0x1401a7c6a	0x1415fdbc0	 [C:7:0:0]
PE:6a70b91c:0270a000	0x1401a5b00..0x1401a8679	0x1401a7c73	0x1415fdbb0	 [C:7:0:1]
PE:6a70b91c:0270a000	0x1401a5b00..0x1401a8679	0x1401a7cf2	0x1415fdba0	, [C:5:0:0]
PE:6a70b91c:0270a000	0x1401a5b00..0x1401a8679	0x1401a7cfb	0x1415fdb90	, [C:5:0:1]
PE:6a70b91c:0270a000	0x1401a5b00..0x1401a8679	0x1401a7d07	0x1415fdb68	and mulling over the recurring memory 
PE:6a70b91c:0270a000	0x1401a5b00..0x1401a8679	0x1401a7d2b	0x1415fdb58	allowed 
PE:6a70b91c:0270a000	0x1401a5b00..0x1401a8679	0x1401a7d48	0x1415fdb48	 to rethink 
PE:6a70b91c:0270a000	0x1401a5b00..0x1401a8679	0x1401a7d65	0x1415fdb20	 intellectual values and changed 
PE:6a70b91c:0270a000	0x1401a5b00..0x1401a8679	0x1401a7d82	0x1415fdb08	 personal tendencies
PE:6a70b91c:0270a000	0x1401a5b00..0x1401a8679	0x1401a7d93	0x1415fdd10	changed 
PE:6a70b91c:0270a000	0x1401a5b00..0x1401a8679	0x1401a7d9c	0x1415fdb58	allowed 
PE:6a70b91c:0270a000	0x1401a5b00..0x1401a8679	0x1401a7db5	0x1415fdb48	 to rethink 
PE:6a70b91c:0270a000	0x1401a5b00..0x1401a8679	0x1401a7dd2	0x1415fdcf8	 intellectual values
PE:6a70b91c:0270a000	0x1401a5b00..0x1401a8679	0x1401a7de9	0x1415fd208	[C:7:0:0]
PE:6a70b91c:0270a000	0x1401a5b00..0x1401a8679	0x1401a7df2	0x1415fd1f8	[C:7:0:1]
PE:6a70b91c:0270a000	0x1401a5b00..0x1401a8679	0x1401a7e17	0x1415fdbc0	 [C:7:0:0]
PE:6a70b91c:0270a000	0x1401a5b00..0x1401a8679	0x1401a7e20	0x1415fdbb0	 [C:7:0:1]
PE:6a70b91c:0270a000	0x1401a5b00..0x1401a8679	0x1401a7e55	0x1415e3574	.
