image	function	enum_value	enum_name	branch_va	string_va	text
classic	0x140656ab0	-1	ANYTHING	0x14065796b	0x14165e438	emotionless
classic	0x140656ab0	0	ACCEPTANCE	0x140657230	0x14165de48	in acceptance
classic	0x140656ab0	1	ADORATION	0x140657254	0x14165de20	in adoration
classic	0x140656ab0	2	AFFECTION	0x140657266	0x14165de30	feeling affection
classic	0x140656ab0	3	AGITATION	0x140657278	0x1415fd5c8	agitated
classic	0x140656ab0	4	AGGRAVATION	0x140657287	0x1415fd5b8	aggravated
classic	0x140656ab0	5	AGONY	0x140657299	0x14165ddf8	in agony
classic	0x140656ab0	6	ALARM	0x14065713d	0x1415fd540	alarmed
classic	0x140656ab0	7	ALIENATION	0x1406572a8	0x14165de08	feeling alienated
classic	0x140656ab0	8	AMAZEMENT	0x1406572ba	0x1415fd594	amazed
classic	0x140656ab0	9	AMBIVALENCE	0x1406572cc	0x14165e410	feeling ambivalent
classic	0x140656ab0	10	AMUSEMENT	0x1406572de	0x1415fd580	amused
classic	0x140656ab0	11	ANGER	0x1406572f0	0x1415fd578	angry
classic	0x140656ab0	12	ANGST	0x14065790e	0x14165e480	in existential crisis
classic	0x140656ab0	13	ANGUISH	0x140657302	0x14165e428	anguished
classic	0x140656ab0	14	ANNOYANCE	0x1406570d1	0x1415fd418	annoyed
classic	0x140656ab0	15	ANTICIPATION	0x140657980		
classic	0x140656ab0	16	ANXIETY	0x140657314	0x1415fd6f0	anxious
classic	0x140656ab0	17	APATHY	0x140657326	0x14165e3e0	feeling apathetic
classic	0x140656ab0	18	APPREHENSION	0x140657980		
classic	0x140656ab0	19	AROUSAL	0x140657338	0x1415fd6d8	aroused
classic	0x140656ab0	20	ASTONISHMENT	0x14065734a	0x1415fd6c8	astonished
classic	0x140656ab0	21	ATTRACTION	0x140657980		
classic	0x140656ab0	22	AVERSION	0x14065735c	0x14165e3f8	feeling aversion
classic	0x140656ab0	23	AWE	0x14065736e	0x14165e3c8	awed
classic	0x140656ab0	24	BITTERNESS	0x140657380	0x1415fd6ac	bitter
classic	0x140656ab0	25	BLISS	0x140657200	0x1415fd630	blissful
classic	0x140656ab0	26	BOREDOM	0x140657392	0x1415fd6a4	bored
classic	0x140656ab0	27	CARING	0x1406573a4	0x14165e3d0	feeling caring
classic	0x140656ab0	28	CHEERFULNESS	0x140657980		
classic	0x140656ab0	29	CONFUSION	0x1406573b6	0x1415fd690	confused
classic	0x140656ab0	30	CONTEMPT	0x1406573c5	0x1415fd680	contemptuous
classic	0x140656ab0	31	CONTENTMENT	0x1406573d7	0x1415fd678	content
classic	0x140656ab0	32	COURAGE	0x140657980		
classic	0x140656ab0	33	CURIOSITY	0x140657980		
classic	0x140656ab0	34	DEFEAT	0x14065791d	0x14165e498	feeling defeated
classic	0x140656ab0	35	DEJECTION	0x1406573e9	0x1415fd668	dejected
classic	0x140656ab0	36	DELIGHT	0x1406573f8	0x1415fd658	delighted
classic	0x140656ab0	37	DEPRESSION	0x140657980		
classic	0x140656ab0	38	DESIRE	0x140657980		
classic	0x140656ab0	39	DESPAIR	0x14065740a	0x14165e3a8	in despair
classic	0x140656ab0	40	DISAPPOINTMENT	0x14065741c	0x1415fd640	disappointed
classic	0x140656ab0	41	DISGUST	0x14065742e	0x1415fd7b8	disgusted
classic	0x140656ab0	42	DISILLUSIONMENT	0x140657440	0x1415fd7a8	disillusioned
classic	0x140656ab0	43	DISLIKE	0x140657452	0x14165e3b8	feeling dislike
classic	0x140656ab0	44	DISMAY	0x140657464	0x1415fd790	dismayed
classic	0x140656ab0	45	DISPLEASURE	0x140657473	0x14165e388	displeased
classic	0x140656ab0	46	DISTRESS	0x140657485	0x1415fd770	distressed
classic	0x140656ab0	47	DOUBT	0x14065793b	0x14165e470	in doubt
classic	0x140656ab0	48	DREAD	0x140657980		
classic	0x140656ab0	49	EAGERNESS	0x140657497	0x1415fd764	eager
classic	0x140656ab0	50	ECSTASY	0x140657980		
classic	0x140656ab0	51	ELATION	0x1406574a9	0x1415fd75c	elated
classic	0x140656ab0	52	EMBARRASSMENT	0x1406574bb	0x1415fd750	embarrassed
classic	0x140656ab0	53	EMPATHY	0x1406574c7	0x14165e398	empathetic
classic	0x140656ab0	54	EMPTINESS	0x1406574d9	0x14165e360	feeling empty
classic	0x140656ab0	55	ENJOYMENT	0x1406574eb	0x14165e370	feeling enjoyment
classic	0x140656ab0	56	ENTHRALLMENT	0x140657980		
classic	0x140656ab0	57	ENTHUSIASM	0x140657947	0x1415fda40	enthusiastic
classic	0x140656ab0	58	ENVY	0x140657980		
classic	0x140656ab0	59	EUPHORIA	0x14065795f	0x1415fdc30	euphoric
classic	0x140656ab0	60	EXASPERATION	0x1406574fd	0x1415fd720	exasperated
classic	0x140656ab0	61	EXCITEMENT	0x1406571b8	0x1415fd4e0	excited
classic	0x140656ab0	62	EXHILARATION	0x140657509	0x1415fd710	exhilarated
classic	0x140656ab0	63	EXPECTANCY	0x14065792c	0x14165e458	feeling expectant
classic	0x140656ab0	64	FEAR	0x140657515	0x1415fd704	afraid
classic	0x140656ab0	65	FEROCITY	0x140657527	0x14165e338	feeling ferocious
classic	0x140656ab0	66	FONDNESS	0x140657119	0x14165dec8	feeling fond
classic	0x140656ab0	67	FREEDOM	0x140657539	0x14165e350	feeling free
classic	0x140656ab0	68	FRIGHT	0x14065754b	0x1415fd870	frightened
classic	0x140656ab0	69	FRUSTRATION	0x14065755d	0x1415fd860	frustrated
classic	0x140656ab0	70	FURY	0x140657980		
classic	0x140656ab0	71	GAIETY	0x1406571ca	0x14165de90	feeling gaiety
classic	0x140656ab0	72	GLADNESS	0x140657980		
classic	0x140656ab0	73	GLEE	0x14065756f	0x1415fd858	gleeful
classic	0x140656ab0	74	GLOOM	0x140657581	0x1415fd84c	gloomy
classic	0x140656ab0	75	GLUMNESS	0x140657593	0x1415fd844	glum
classic	0x140656ab0	76	GRATITUDE	0x1406575a5	0x14165e310	feeling gratitude
classic	0x140656ab0	77	GRATIFICATION	0x140657980		
classic	0x140656ab0	78	GRIEF	0x140657185	0x14165dea0	in grief
classic	0x140656ab0	79	GRIM_SATISFACTION	0x140657173	0x14165ded8	feeling grim satisfaction
classic	0x140656ab0	80	GROUCHINESS	0x1406570f5	0x1415fd400	grouchy
classic	0x140656ab0	81	GRUMPINESS	0x140657107	0x1415fd564	grumpy
classic	0x140656ab0	82	GUILT	0x1406575b7	0x14165e328	feeling guilty
classic	0x140656ab0	83	HAPPINESS	0x1406575c9	0x1415fd828	happy
classic	0x140656ab0	84	HATRED	0x1406575db	0x1415fd820	hateful
classic	0x140656ab0	85	HOMESICKNESS	0x140657980		
classic	0x140656ab0	86	HOPE	0x1406575ed	0x14165e548	taking hope
classic	0x140656ab0	87	HOPELESSNESS	0x1406575f9	0x14165e558	feeling hopeless
classic	0x140656ab0	88	HORROR	0x140657161	0x1415fd528	horrified
classic	0x140656ab0	89	HOSTILITY	0x140657980		
classic	0x140656ab0	90	HUMILIATION	0x14065760b	0x1415fd7f8	humiliated
classic	0x140656ab0	91	HURT	0x140657980		
classic	0x140656ab0	92	HYSTERIA	0x140657980		
classic	0x140656ab0	93	INFATUATED	0x140657980		
classic	0x140656ab0	94	INSECURITY	0x140657980		
classic	0x140656ab0	95	INSULT	0x14065761d	0x1415fd7e8	insulted
classic	0x140656ab0	96	INTEREST	0x14065762c	0x1415fd7d8	interested
classic	0x140656ab0	97	IRRITATION	0x14065763e	0x1415fd7c8	irritated
classic	0x140656ab0	98	ISOLATION	0x140657650	0x1415fd940	isolated
classic	0x140656ab0	99	JEALOUSY	0x140657980		
classic	0x140656ab0	100	JOLLINESS	0x14065765f	0x1415fd934	jolly
classic	0x140656ab0	101	JOVIALITY	0x140657671	0x1415fd92c	jovial
classic	0x140656ab0	102	JOY	0x1406571ee	0x14165de6c	joyful
classic	0x140656ab0	103	JUBILATION	0x140657683	0x1415fd920	jubilant
classic	0x140656ab0	104	LOATHING	0x140657692	0x14165e528	feeling loathing
classic	0x140656ab0	105	LONELINESS	0x1406576a4	0x1415fd908	lonely
classic	0x140656ab0	106	LONGING	0x140657980		
classic	0x140656ab0	107	LOVE	0x14065720f	0x14165de78	feeling love
classic	0x140656ab0	108	LOVESICKNESS	0x140657980		
classic	0x140656ab0	109	LUST	0x1406576b6	0x1415fd900	lustful
classic	0x140656ab0	110	MELANCHOLY	0x140657980		
classic	0x140656ab0	111	MISERY	0x1406576c8	0x1415fd8f0	miserable
classic	0x140656ab0	112	MORTIFICATION	0x1406576da	0x1415fd8e0	mortified
classic	0x140656ab0	113	NEGLECT	0x140657980		
classic	0x140656ab0	114	NERVOUSNESS	0x1406576ec	0x1415fd8d8	nervous
classic	0x140656ab0	115	NOSTALGIA	0x1406576fe	0x1415fd8c8	nostalgic
classic	0x140656ab0	116	OPTIMISM	0x140657710	0x1415fd8b8	optimistic
classic	0x140656ab0	117	OUTRAGE	0x140657722	0x1415fd8a8	outraged
classic	0x140656ab0	118	PANIC	0x140657731	0x1415fd898	panicked
classic	0x140656ab0	119	PATIENCE	0x140657740	0x1415fd888	patient
classic	0x140656ab0	120	PASSION	0x140657752	0x1415fda20	passionate
classic	0x140656ab0	121	PESSIMISM	0x140657956	0x1415fda30	pessimistic
classic	0x140656ab0	122	PITY	0x140657980		
classic	0x140656ab0	123	PLEASURE	0x140657764	0x14165e540	pleased
classic	0x140656ab0	124	PRIDE	0x140657776	0x1415fda04	proud
classic	0x140656ab0	125	RAGE	0x1406571a6	0x14165de88	enraged
classic	0x140656ab0	126	RAPTURE	0x140657788	0x1415fd9f8	enraptured
classic	0x140656ab0	127	REJECTION	0x14065779a	0x14165e4f8	feeling rejected
classic	0x140656ab0	128	RELIEF	0x1406577ac	0x1415fd9d8	relieved
classic	0x140656ab0	129	REGRET	0x1406577bb	0x1415fd9c8	regretful
classic	0x140656ab0	130	REMORSE	0x1406577cd	0x1415fd9b8	remorseful
classic	0x140656ab0	131	REPENTANCE	0x1406577df	0x1415fd9a8	repentant
classic	0x140656ab0	132	RESENTMENT	0x1406577f1	0x1415fd998	resentful
classic	0x140656ab0	133	REVULSION	0x140657980		
classic	0x140656ab0	134	RIGHTEOUS_INDIGNATION	0x140657812	0x1415fd978	indignant
classic	0x140656ab0	135	SADNESS	0x1406571dc	0x1415fd4d4	sad
classic	0x140656ab0	136	SATISFACTION	0x1406570e3	0x1415fd408	satisfied
classic	0x140656ab0	137	SCORN	0x140657980		
classic	0x140656ab0	138	SELF_PITY	0x140657824	0x14165e510	feeling self-pity
classic	0x140656ab0	139	SENTIMENTAL	0x140657980		
classic	0x140656ab0	140	SERVILE	0x140657836	0x14165e4d8	feeling servile
classic	0x140656ab0	141	SHAKEN	0x140657848	0x1415fd958	shaken
classic	0x140656ab0	142	SHAME	0x14065785a	0x1415fd950	ashamed
classic	0x140656ab0	143	SHOCK	0x14065714f	0x1415fd538	shocked
classic	0x140656ab0	144	SORROW	0x140657980		
classic	0x140656ab0	145	SPITE	0x140657980		
classic	0x140656ab0	146	SUFFERING	0x140657980		
classic	0x140656ab0	147	SURPRISE	0x140657980		
classic	0x140656ab0	148	SUSPICION	0x14065712b	0x1415fd548	suspicious
classic	0x140656ab0	149	SYMPATHY	0x14065786c	0x14165e4e8	sympathetic
classic	0x140656ab0	150	TENDERNESS	0x140657878	0x14165e4b0	feeling tenderness
classic	0x140656ab0	151	TENSENESS	0x140657980		
classic	0x140656ab0	152	TERROR	0x14065788a	0x1415fdad8	terrified
classic	0x140656ab0	153	THRILL	0x14065789c	0x1415fdac8	thrilled
classic	0x140656ab0	154	TORMENT	0x140657980		
classic	0x140656ab0	155	TRIUMPH	0x140657194	0x14165deb0	feeling triumphant
classic	0x140656ab0	156	UNEASINESS	0x1406578ab	0x1415fdac0	uneasy
classic	0x140656ab0	157	UNHAPPINESS	0x1406578bd	0x1415fdab8	unhappy
classic	0x140656ab0	158	VENGEFULNESS	0x140657221	0x1415fd618	vengeful
classic	0x140656ab0	159	WOE	0x140657980		
classic	0x140656ab0	160	WONDER	0x1406578cf	0x14165e4c8	in wonder
classic	0x140656ab0	161	WORRY	0x1406578e1	0x1415fdaa8	worried
classic	0x140656ab0	162	WRATH	0x1406578f3	0x1415fda98	wrathful
classic	0x140656ab0	163	ZEAL	0x1406578ff	0x1415fda90	zealous
classic	0x140656ab0	164	ZEST	0x140657980		
classic	0x140656ab0	165	INSTINCTUAL_HUNT	0x140657980		
classic	0x140656ab0	166	BOGEYMAN_TAUNT	0x140657980		
classic	0x140656ab0	167	RESTLESS	0x140657803	0x1415fd988	restless
classic	0x140656ab0	168	ADMIRATION	0x140657242	0x14165de58	feeling admiration
