# PE:6a70a6d9:02711000; native jump tables
family	native_value	branch_rva	literal_text
itinerary	0	0x1a64eb	to pray
itinerary	1	0x1a64f4	to study
itinerary	2	0x1a64fd	to relax
itinerary	3	0x1a6506	to perform
itinerary	4	0x1a650f	to slay beasts
itinerary	5	0x1a6518	seeking work as a performer
itinerary	6	0x1a6521	seeking work as a mercenary
itinerary	7	0x1a652a	seeking work as a scholar
itinerary	8	0x1a6533	for diplomacy
itinerary	9	0x1a653c	seeking sanctuary
itinerary	10	0x1a6545	asking questions
rumour	41	0x1a672a	heard this was a good place to search for monsters.
rumour	42	0x1a6897	heard 
rumour	43	0x1a6aa4	default (no reason clause)
rumour	44	0x1a68df	heard 
rumour	45	0x1a6aa4	default (no reason clause)
rumour	46	0x1a6aa4	default (no reason clause)
rumour	47	0x1a6aa4	default (no reason clause)
rumour	48	0x1a6aa4	default (no reason clause)
rumour	49	0x1a6aa4	default (no reason clause)
rumour	50	0x1a6aa4	default (no reason clause)
rumour	51	0x1a6aa4	default (no reason clause)
rumour	52	0x1a6aa4	default (no reason clause)
rumour	53	0x1a6aa4	default (no reason clause)
rumour	54	0x1a678a	went on this journey out of curiosity. | was curious about <location>.
rumour	55	0x1a696f	heard 
rumour	56	0x1a69b7	heard 
rumour	57	0x1a6927	heard 
rumour	58	0x1a67bf	heard 
rumour	59	0x1a6807	heard 
rumour	60	0x1a6742	heard 
rumour	61	0x1a684f	heard 
rumour	62	0x1a6736	heard this was the place for those seeking danger.
rumour	63	0x1a6aa4	default (no reason clause)
rumour	64	0x1a6aa4	default (no reason clause)
rumour	65	0x1a6aa4	default (no reason clause)
rumour	66	0x1a6aa4	default (no reason clause)
rumour	67	0x1a6aa4	default (no reason clause)
rumour	68	0x1a6aa4	default (no reason clause)
rumour	69	0x1a6aa4	default (no reason clause)
rumour	70	0x1a6aa4	default (no reason clause)
rumour	71	0x1a6aa4	default (no reason clause)
rumour	72	0x1a6aa4	default (no reason clause)
rumour	73	0x1a6aa4	default (no reason clause)
rumour	74	0x1a6a41	is seeking information
rumour	75	0x1a69ff	believes 
