# English	RAW field
Apricorns	plant_pokeplants.txt@PREFSTRING
Dream Mist	creature_fifthgen.txt@PREFSTRING
Dreepy launching	creature_eighthgen.txt@PREFSTRING
Dynamax properties	plant_pokeitem.txt@PREFSTRING
HP boosting	plant_pokeitem.txt@PREFSTRING
Mini-Noses	creature_fourthgen.txt@PREFSTRING
Moomoo milk	creature_secondgen.txt@PREFSTRING
Pikachu veil	creature_seventhgen.txt@PREFSTRING
Poke Ball cap	creature_fifthgen.txt@PREFSTRING,creature_ninthgen.txt@PREFSTRING
Poke Beans	plant_pokeplants.txt@PREFSTRING
Pollen Puffs	creature_seventhgen.txt@PREFSTRING
RKS System	creature_seventhgen.txt@PREFSTRING
Shellder	creature_firstgen.txt@PREFSTRING
Snoverberries	creature_fourthgen.txt@PREFSTRING
Soul-Heart	creature_seventhgen.txt@PREFSTRING
ability to absorb anything	creature_thirdgen.txt@PREFSTRING
ability to balance objects	creature_thirdgen.txt@PREFSTRING
ability to boost agility	plant_pokeplants.txt@PREFSTRING
ability to bring happy dreams	creature_fourthgen.txt@PREFSTRING
ability to bring joy	plant_pokeberries.txt@PREFSTRING
ability to bring nightmares	creature_fourthgen.txt@PREFSTRING
ability to burrow	creature_secondgen.txt@PREFSTRING
ability to camouflage	creature_eighthgen.txt@PREFSTRING
ability to change colors	creature_thirdgen.txt@PREFSTRING
ability to change form	creature_fifthgen.txt@PREFSTRING
ability to clear throats	plant_pokeberries.txt@PREFSTRING
ability to control Pokemon	creature_firstgen.txt@PREFSTRING
ability to control gravity	creature_fourthgen.txt@PREFSTRING
ability to control snow	creature_ninthgen.txt@PREFSTRING
ability to create dense fog	creature_seventhgen.txt@PREFSTRING
ability to create diamonds	creature_sixthgen.txt@PREFSTRING
ability to create earthquakes	creature_thirdgen.txt@PREFSTRING
ability to create ice crystals	creature_fourthgen.txt@PREFSTRING
ability to create metal	creature_seventhgen.txt@PREFSTRING
ability to create powerful shock waves	creature_fourthgen.txt@PREFSTRING
ability to create storm clouds	creature_secondgen.txt@PREFSTRING
ability to create thunderclouds	creature_thirdgen.txt@PREFSTRING
ability to create ultrasonic waves	creature_thirdgen.txt@PREFSTRING
ability to create whirlwinds	creature_firstgen.txt@PREFSTRING
ability to cure any illness	plant_pokeplants.txt@PREFSTRING
ability to cure illness	plant_pokeplants.txt@PREFSTRING
ability to cure paralysis	plant_pokeplants.txt@PREFSTRING
ability to cure poison	plant_pokeplants.txt@PREFSTRING
ability to dissolve rocks	creature_secondgen.txt@PREFSTRING
ability to drill through wood	creature_seventhgen.txt@PREFSTRING
ability to expand continents	creature_thirdgen.txt@PREFSTRING
ability to expand oceans	creature_thirdgen.txt@PREFSTRING
ability to fly	creature_fifthgen.txt@PREFSTRING
ability to freeze moisture	creature_thirdgen.txt@PREFSTRING
ability to generate strong winds	creature_fifthgen.txt@PREFSTRING
ability to grow plants	creature_eighthgen.txt@PREFSTRING
ability to help crops grow	creature_fifthgen.txt@PREFSTRING
ability to keep time	creature_secondgen.txt@PREFSTRING
ability to make fire	creature_firstgen.txt@PREFSTRING
ability to make lightning	creature_firstgen.txt@PREFSTRING
ability to make rainbows	creature_secondgen.txt@PREFSTRING
ability to make snow	creature_firstgen.txt@PREFSTRING
ability to make storms	creature_secondgen.txt@PREFSTRING
ability to manipulate peat	creature_eighthgen.txt@PREFSTRING
ability to open Ultra Wormholes	creature_seventhgen.txt@PREFSTRING
ability to predict disasters	creature_thirdgen.txt@PREFSTRING
ability to predict storms	creature_thirdgen.txt@PREFSTRING
ability to predict the future	creature_fifthgen.txt@PREFSTRING
ability to produce loud pops	plant_pokeplants.txt@PREFSTRING
ability to produce steam	creature_sixthgen.txt@PREFSTRING
ability to project dreams	creature_fifthgen.txt@PREFSTRING
ability to purify water	creature_secondgen.txt@PREFSTRING
ability to read emotions	creature_thirdgen.txt@PREFSTRING
ability to read feelings	creature_sixthgen.txt@PREFSTRING
ability to relieve stress	plant_pokeplants.txt@PREFSTRING
ability to revive Pokemon	plant_pokeplants.txt@PREFSTRING
ability to roll	creature_secondgen.txt@PREFSTRING
ability to rotate their head	creature_seventhgen.txt@PREFSTRING
ability to see the future	creature_thirdgen.txt@PREFSTRING
ability to sense auras	creature_seventhgen.txt@PREFSTRING
ability to sense emotions	creature_zpokemax.txt@PREFSTRING,plant_pokeberries.txt@PREFSTRING
ability to sharpen ones focus	plant_pokeplants.txt@PREFSTRING
ability to shoot ink	creature_firstgen.txt@PREFSTRING
ability to shoot thunderbolts	creature_fifthgen.txt@PREFSTRING
ability to slip through cracks	creature_fifthgen.txt@PREFSTRING
ability to splash	creature_firstgen.txt@PREFSTRING
ability to store electricity	creature_seventhgen.txt@PREFSTRING
ability to summon rain clouds	creature_fourthgen.txt@PREFSTRING
ability to teleport	creature_firstgen.txt@PREFSTRING
ability to transform	creature_firstgen.txt@PREFSTRING
ability to turn Pokemon pink	plant_pokeberries.txt@PREFSTRING
ability to walk on water	creature_ninthgen.txt@PREFSTRING
accuracy	creature_secondgen.txt@PREFSTRING
acorn shape	creature_thirdgen.txt@PREFSTRING
acrobatic ability	creature_seventhgen.txt@PREFSTRING
activeness	creature_secondgen.txt@PREFSTRING
adaptability	creature_firstgen.txt@PREFSTRING,creature_thirdgen.txt@PREFSTRING
adorable behavior	creature_thirdgen.txt@PREFSTRING
adorable looks	creature_thirdgen.txt@PREFSTRING
adversion to rain	creature_ninthgen.txt@PREFSTRING
affection	creature_sixthgen.txt@PREFSTRING
affectionate nature	creature_secondgen.txt@PREFSTRING
afro	creature_fifthgen.txt@PREFSTRING
aggression	creature_fourthgen.txt@PREFSTRING
aggressiveness	creature_fifthgen.txt@PREFSTRING
agility	creature_eighthgen.txt@PREFSTRING,creature_fourthgen.txt@PREFSTRING,creature_secondgen.txt@PREFSTRING
agressive nature	creature_thirdgen.txt@PREFSTRING
aid in muscle growth	plant_pokeplants.txt@PREFSTRING
aid in tougness	plant_pokeplants.txt@PREFSTRING
aid with digestion	plant_pokeberries.txt@PREFSTRING
air bubbles	plant_pokeberries.txt@PREFSTRING
amazing vision	creature_firstgen.txt@PREFSTRING
anchor	creature_seventhgen.txt@PREFSTRING
ancient genes	creature_ninthgen.txt@PREFSTRING
angelic appearance	creature_secondgen.txt@PREFSTRING
angry eyes	creature_firstgen.txt@PREFSTRING
antenna	creature_firstgen.txt@PREFSTRING,creature_fourthgen.txt@PREFSTRING,creature_secondgen.txt@PREFSTRING
antennae	creature_secondgen.txt@PREFSTRING
antique tableware	creature_eighthgen.txt@PREFSTRING,creature_ninthgen.txt@PREFSTRING
antlers	creature_secondgen.txt@PREFSTRING
appetite	creature_firstgen.txt@PREFSTRING,creature_fourthgen.txt@PREFSTRING,creature_seventhgen.txt@PREFSTRING
apple	creature_eighthgen.txt@PREFSTRING,creature_ninthgen.txt@PREFSTRING
apple disguise	creature_eighthgen.txt@PREFSTRING
apron	creature_ninthgen.txt@PREFSTRING
armor	creature_fifthgen.txt@PREFSTRING,creature_ninthgen.txt@PREFSTRING,creature_thirdgen.txt@PREFSTRING
armored body	creature_secondgen.txt@PREFSTRING
aroma	creature_ninthgen.txt@PREFSTRING,creature_thirdgen.txt@PREFSTRING
aspiration	creature_thirdgen.txt@PREFSTRING
asymmetric cut	creature_seventhgen.txt@PREFSTRING
attraction to light	creature_thirdgen.txt@PREFSTRING
attraction to strong emotions	creature_seventhgen.txt@PREFSTRING
attraction to the deceased	creature_fifthgen.txt@PREFSTRING
aura sensing	creature_fourthgen.txt@PREFSTRING
axe horns	creature_ninthgen.txt@PREFSTRING
axes	creature_eighthgen.txt@PREFSTRING
bag like tail	creature_secondgen.txt@PREFSTRING
balanced flavored juice	plant_pokeplants.txt@PREFSTRING
ball	creature_ninthgen.txt@PREFSTRING
balloon shape	creature_fourthgen.txt@PREFSTRING
bamboo like body	creature_seventhgen.txt@PREFSTRING
banana-like shape	plant_pokeplants.txt@PREFSTRING
barbaric demeanor	creature_eighthgen.txt@PREFSTRING
barbels	creature_thirdgen.txt@PREFSTRING
beads	creature_ninthgen.txt@PREFSTRING
beady eyes	creature_secondgen.txt@PREFSTRING
beak	creature_seventhgen.txt@PREFSTRING
beard	creature_eighthgen.txt@PREFSTRING
beard of fire	creature_fifthgen.txt@PREFSTRING
beautiful caudal fin	creature_firstgen.txt@PREFSTRING
beauty	creature_firstgen.txt@PREFSTRING,creature_sixthgen.txt@PREFSTRING,creature_thirdgen.txt@PREFSTRING
belief in ideals	creature_fifthgen.txt@PREFSTRING
belief in truth	creature_fifthgen.txt@PREFSTRING
bell	creature_seventhgen.txt@PREFSTRING
bell shape	creature_firstgen.txt@PREFSTRING,creature_fourthgen.txt@PREFSTRING
bellowing	creature_thirdgen.txt@PREFSTRING
berries	plant_pokeberries.txt@PREFSTRING
berry bushes	creature_fourthgen.txt@PREFSTRING
berry juggling	creature_eighthgen.txt@PREFSTRING
berry throwing	creature_seventhgen.txt@PREFSTRING
bill	creature_thirdgen.txt@PREFSTRING
biterness	plant_pokeberries.txt@PREFSTRING
biting	creature_eighthgen.txt@PREFSTRING,creature_fifthgen.txt@PREFSTRING
bitter flavor	plant_pokeberries.txt@PREFSTRING,plant_pokeplants.txt@PREFSTRING
bitter flavored juice	plant_pokeplants.txt@PREFSTRING
bitter stem	plant_pokeberries.txt@PREFSTRING
bitter taste	plant_pokeplants.txt@PREFSTRING
bitterness	plant_pokeberries.txt@PREFSTRING,plant_pokeplants.txt@PREFSTRING
bittersweet juices	plant_pokeberries.txt@PREFSTRING
bittersweet taste	plant_pokeberries.txt@PREFSTRING
blade	creature_sixthgen.txt@PREFSTRING
blade birds	creature_zpokemax.txt@PREFSTRING
blades	creature_fifthgen.txt@PREFSTRING,creature_fourthgen.txt@PREFSTRING,creature_ninthgen.txt@PREFSTRING,creature_sixthgen.txt@PREFSTRING
blessings	creature_fourthgen.txt@PREFSTRING
blight on nature	creature_ninthgen.txt@PREFSTRING
blimp shape	creature_fourthgen.txt@PREFSTRING
blinking	creature_firstgen.txt@PREFSTRING
blood sucking	creature_firstgen.txt@PREFSTRING
bloodmoon mark	creature_pokevariant.txt@PREFSTRING
bloom	creature_secondgen.txt@PREFSTRING
blooming	creature_fourthgen.txt@PREFSTRING
body of magma	creature_secondgen.txt@PREFSTRING
body of plasma	creature_fourthgen.txt@PREFSTRING
bolt like tail	creature_firstgen.txt@PREFSTRING,creature_seventhgen.txt@PREFSTRING
bone club	creature_firstgen.txt@PREFSTRING
bone like features	creature_secondgen.txt@PREFSTRING
bone skirt	creature_fifthgen.txt@PREFSTRING
bouncing	creature_secondgen.txt@PREFSTRING,creature_thirdgen.txt@PREFSTRING
bouquet	creature_sixthgen.txt@PREFSTRING
bows	creature_fifthgen.txt@PREFSTRING
boxing	creature_firstgen.txt@PREFSTRING
boxing glove pincers	creature_seventhgen.txt@PREFSTRING
branch shooting	creature_eighthgen.txt@PREFSTRING
bravery	creature_eighthgen.txt@PREFSTRING,creature_sixthgen.txt@PREFSTRING
brick pattern hide	creature_firstgen.txt@PREFSTRING
bridge shape	creature_ninthgen.txt@PREFSTRING
bright light	creature_secondgen.txt@PREFSTRING
brilliant color	plant_pokeberries.txt@PREFSTRING
bristly fur	creature_thirdgen.txt@PREFSTRING
bronze body	creature_fourthgen.txt@PREFSTRING
brutality	creature_ninthgen.txt@PREFSTRING,creature_thirdgen.txt@PREFSTRING
brute force	creature_ninthgen.txt@PREFSTRING
bubble beard	creature_zpokemax.txt@PREFSTRING
bubble scarf	creature_sixthgen.txt@PREFSTRING
buds	creature_fourthgen.txt@PREFSTRING
bulb	creature_firstgen.txt@PREFSTRING,creature_seventhgen.txt@PREFSTRING,plant_pokeitem.txt@PREFSTRING
bulk	creature_thirdgen.txt@PREFSTRING
buoyancy	plant_pokeberries.txt@PREFSTRING
cable like limbs	creature_seventhgen.txt@PREFSTRING
cackling	creature_seventhgen.txt@PREFSTRING
call	creature_fourthgen.txt@PREFSTRING
calm nature	creature_fifthgen.txt@PREFSTRING
calm personality	creature_thirdgen.txt@PREFSTRING
calming aroma	creature_secondgen.txt@PREFSTRING
calming aura	creature_sixthgen.txt@PREFSTRING
calmness	creature_eighthgen.txt@PREFSTRING
canine body	creature_sixthgen.txt@PREFSTRING
cannon	creature_fifthgen.txt@PREFSTRING
cannons	creature_firstgen.txt@PREFSTRING
cap	creature_thirdgen.txt@PREFSTRING
capabilities	creature_eighthgen.txt@PREFSTRING
carbs	plant_pokefood.txt@PREFSTRING
carefree nature	creature_secondgen.txt@PREFSTRING,creature_thirdgen.txt@PREFSTRING
caretaking	creature_eighthgen.txt@PREFSTRING
caring	creature_fifthgen.txt@PREFSTRING
castle structure	creature_seventhgen.txt@PREFSTRING
caudal fins	creature_fourthgen.txt@PREFSTRING
cellular body	creature_zpokevermin.txt@PREFSTRING
charm	creature_fifthgen.txt@PREFSTRING
cheek pouches	creature_fifthgen.txt@PREFSTRING,creature_fourthgen.txt@PREFSTRING,creature_thirdgen.txt@PREFSTRING
cheeks	creature_eighthgen.txt@PREFSTRING
cheering	creature_thirdgen.txt@PREFSTRING
cherry-like appearance	creature_fourthgen.txt@PREFSTRING
chimeric body	creature_seventhgen.txt@PREFSTRING
chunky body	creature_ninthgen.txt@PREFSTRING
clanging scales	creature_seventhgen.txt@PREFSTRING
clapping	creature_thirdgen.txt@PREFSTRING
claw	creature_thirdgen.txt@PREFSTRING
claws	creature_eighthgen.txt@PREFSTRING,creature_firstgen.txt@PREFSTRING,creature_ninthgen.txt@PREFSTRING,creature_secondgen.txt@PREFSTRING,creature_seventhgen.txt@PREFSTRING,creature_thirdgen.txt@PREFSTRING
clay structure	creature_fifthgen.txt@PREFSTRING
cleaning	creature_fifthgen.txt@PREFSTRING,creature_seventhgen.txt@PREFSTRING
climbing ability	creature_eighthgen.txt@PREFSTRING,creature_sixthgen.txt@PREFSTRING
climbing skill	creature_secondgen.txt@PREFSTRING
cloak	creature_fourthgen.txt@PREFSTRING
cloud-like wings	creature_thirdgen.txt@PREFSTRING
coal	creature_eighthgen.txt@PREFSTRING
coal burning	creature_thirdgen.txt@PREFSTRING
coiling	creature_eighthgen.txt@PREFSTRING
coin	creature_firstgen.txt@PREFSTRING
coins	creature_ninthgen.txt@PREFSTRING
cold temperature	creature_thirdgen.txt@PREFSTRING
color	plant_pokeplants.txt@PREFSTRING
colorful explosions	creature_seventhgen.txt@PREFSTRING
colorful petals	plant_pokeplants.txt@PREFSTRING
colors	plant_pokeplants.txt@PREFSTRING
comb	creature_fourthgen.txt@PREFSTRING
compassion	creature_seventhgen.txt@PREFSTRING
compound eyes	creature_fifthgen.txt@PREFSTRING
concrete pillars	creature_fifthgen.txt@PREFSTRING
constant hunger	creature_eighthgen.txt@PREFSTRING
coolheadedness	creature_ninthgen.txt@PREFSTRING
copper like skin	creature_eighthgen.txt@PREFSTRING
coral like growths	creature_secondgen.txt@PREFSTRING
core	creature_firstgen.txt@PREFSTRING
cotten puffs	creature_secondgen.txt@PREFSTRING
cotton	creature_eighthgen.txt@PREFSTRING,creature_fifthgen.txt@PREFSTRING
courage	creature_fifthgen.txt@PREFSTRING
cowardly nature	creature_seventhgen.txt@PREFSTRING
craftsmanship	creature_fourthgen.txt@PREFSTRING
cream	creature_eighthgen.txt@PREFSTRING
creamy body	creature_eighthgen.txt@PREFSTRING
crescent wing	creature_ninthgen.txt@PREFSTRING,creature_thirdgen.txt@PREFSTRING
crescent-shaped ornaments	creature_fourthgen.txt@PREFSTRING
crest	creature_fifthgen.txt@PREFSTRING,creature_firstgen.txt@PREFSTRING,creature_fourthgen.txt@PREFSTRING
cries	creature_thirdgen.txt@PREFSTRING
cry	creature_fourthgen.txt@PREFSTRING
crying	creature_fourthgen.txt@PREFSTRING
crystal body	creature_pokevariant.txt@PREFSTRING
crystal energy	creature_ninthgen.txt@PREFSTRING
crystal formation	creature_thirdgen.txt@PREFSTRING
crystals	creature_fifthgen.txt@PREFSTRING,creature_firstgen.txt@PREFSTRING,creature_ninthgen.txt@PREFSTRING,creature_secondgen.txt@PREFSTRING,creature_sixthgen.txt@PREFSTRING
cudgel	creature_ninthgen.txt@PREFSTRING
cunning	creature_eighthgen.txt@PREFSTRING
curiosity	creature_eighthgen.txt@PREFSTRING,creature_thirdgen.txt@PREFSTRING
curiousity	creature_fourthgen.txt@PREFSTRING
curled tail	creature_firstgen.txt@PREFSTRING
curly tail	creature_fifthgen.txt@PREFSTRING
cursed energy	creature_zpokemax.txt@PREFSTRING
curvy fruit	plant_pokeberries.txt@PREFSTRING
cute appearance	creature_seventhgen.txt@PREFSTRING
dance	creature_thirdgen.txt@PREFSTRING
dancing	creature_fifthgen.txt@PREFSTRING,creature_firstgen.txt@PREFSTRING,creature_fourthgen.txt@PREFSTRING,creature_ninthgen.txt@PREFSTRING,creature_secondgen.txt@PREFSTRING,creature_seventhgen.txt@PREFSTRING,creature_thirdgen.txt@PREFSTRING
dangles	creature_fourthgen.txt@PREFSTRING
dart like shape	creature_eighthgen.txt@PREFSTRING
deceiving look	plant_pokeberries.txt@PREFSTRING
deception	creature_eighthgen.txt@PREFSTRING
decorations	creature_eighthgen.txt@PREFSTRING,plant_pokefood.txt@PREFSTRING
delicate skin	plant_pokeberries.txt@PREFSTRING
delicious smell	creature_seventhgen.txt@PREFSTRING
deliciousness	plant_pokeberries.txt@PREFSTRING
depth	plant_pokefood.txt@PREFSTRING
desire for isolation and silence	creature_eighthgen.txt@PREFSTRING
destructive nature	creature_firstgen.txt@PREFSTRING
diamond dress	creature_sixthgen.txt@PREFSTRING
diamonds	creature_sixthgen.txt@PREFSTRING
diet of iron	creature_thirdgen.txt@PREFSTRING
diet of rocks and gemstones	creature_thirdgen.txt@PREFSTRING
diet of sulfur	creature_seventhgen.txt@PREFSTRING
different appearances	creature_fourthgen.txt@PREFSTRING
different colors	creature_seventhgen.txt@PREFSTRING
different forms	creature_seventhgen.txt@PREFSTRING,creature_thirdgen.txt@PREFSTRING
digging	creature_eighthgen.txt@PREFSTRING,creature_fifthgen.txt@PREFSTRING,creature_firstgen.txt@PREFSTRING,creature_fourthgen.txt@PREFSTRING,creature_ninthgen.txt@PREFSTRING,creature_sixthgen.txt@PREFSTRING
digging strength	creature_thirdgen.txt@PREFSTRING
diligence	creature_seventhgen.txt@PREFSTRING
dimension travelling	creature_fourthgen.txt@PREFSTRING
disheveled hair	creature_eighthgen.txt@PREFSTRING
diving	creature_firstgen.txt@PREFSTRING,creature_ninthgen.txt@PREFSTRING
diving ability	creature_fifthgen.txt@PREFSTRING
doll-like appearance	creature_thirdgen.txt@PREFSTRING
dorsal blade	creature_ninthgen.txt@PREFSTRING
draconic appearance	creature_fifthgen.txt@PREFSTRING
draconic apperance	creature_thirdgen.txt@PREFSTRING
dragon energy formation	creature_eighthgen.txt@PREFSTRING
dravite	creature_firstgen.txt@PREFSTRING
draw speed	creature_seventhgen.txt@PREFSTRING
dream eating	creature_fifthgen.txt@PREFSTRING,creature_firstgen.txt@PREFSTRING
drifting	creature_fourthgen.txt@PREFSTRING
drill-like tail	creature_ninthgen.txt@PREFSTRING,creature_secondgen.txt@PREFSTRING
dripping embers	creature_secondgen.txt@PREFSTRING
drooping tentacles	creature_seventhgen.txt@PREFSTRING
drum	creature_eighthgen.txt@PREFSTRING
drumming	creature_eighthgen.txt@PREFSTRING
dry flavor	plant_pokeberries.txt@PREFSTRING
dry flavored juice	plant_pokeplants.txt@PREFSTRING
dryness	plant_pokeberries.txt@PREFSTRING
dull wits	creature_thirdgen.txt@PREFSTRING
dullness	creature_thirdgen.txt@PREFSTRING
eagerness	creature_secondgen.txt@PREFSTRING
ears	creature_fourthgen.txt@PREFSTRING,creature_sixthgen.txt@PREFSTRING,creature_thirdgen.txt@PREFSTRING
earth splitting power	creature_ninthgen.txt@PREFSTRING
earthy form	creature_ninthgen.txt@PREFSTRING
echolocation	creature_ninthgen.txt@PREFSTRING
ectoplasm	creature_eighthgen.txt@PREFSTRING
edible roots	plant_pokeplants.txt@PREFSTRING
egg	creature_firstgen.txt@PREFSTRING,creature_secondgen.txt@PREFSTRING,plant_pokefood.txt@PREFSTRING
egg-shaped fireball	creature_ninthgen.txt@PREFSTRING
elbow blades	creature_fourthgen.txt@PREFSTRING
electric generation	creature_eighthgen.txt@PREFSTRING
electric spines	creature_eighthgen.txt@PREFSTRING
electric webs	creature_fifthgen.txt@PREFSTRING
electrical claws	creature_fourthgen.txt@PREFSTRING
electrical fighting style	creature_ninthgen.txt@PREFSTRING
electrical formation	creature_eighthgen.txt@PREFSTRING
electrical glands	creature_firstgen.txt@PREFSTRING,creature_seventhgen.txt@PREFSTRING
electrical power	creature_seventhgen.txt@PREFSTRING
electrical tail	creature_zpokemax.txt@PREFSTRING
electricity-discharging organs	creature_ninthgen.txt@PREFSTRING
elegance	creature_firstgen.txt@PREFSTRING,creature_seventhgen.txt@PREFSTRING
elegant body	creature_seventhgen.txt@PREFSTRING
elegant moves	creature_sixthgen.txt@PREFSTRING
ember scattering	creature_fifthgen.txt@PREFSTRING
emotion draining touch	creature_fourthgen.txt@PREFSTRING
emotionless face	creature_sixthgen.txt@PREFSTRING
enchanting melodies	creature_firstgen.txt@PREFSTRING
encouragement	creature_thirdgen.txt@PREFSTRING
endless hunger	creature_seventhgen.txt@PREFSTRING
endless sleeping	creature_seventhgen.txt@PREFSTRING
endurance	creature_fifthgen.txt@PREFSTRING,creature_firstgen.txt@PREFSTRING,creature_fourthgen.txt@PREFSTRING
energy	creature_eighthgen.txt@PREFSTRING
enigmatic properties	plant_pokeberries.txt@PREFSTRING
erratic movements	creature_fourthgen.txt@PREFSTRING
erupting humps	creature_thirdgen.txt@PREFSTRING
eternal life	plant_pokeplants.txt@PREFSTRING
evil appearance	creature_sixthgen.txt@PREFSTRING
excessive poison	creature_zpokemax.txt@PREFSTRING
explosive tendency	creature_firstgen.txt@PREFSTRING
extraterrestrial origins	creature_fifthgen.txt@PREFSTRING
facial expressions	creature_firstgen.txt@PREFSTRING
fan tail	creature_ninthgen.txt@PREFSTRING
fangs	creature_thirdgen.txt@PREFSTRING
feather	creature_thirdgen.txt@PREFSTRING
feathers	creature_fifthgen.txt@PREFSTRING,creature_fourthgen.txt@PREFSTRING
feathery ruff	creature_sixthgen.txt@PREFSTRING
feelers	creature_fifthgen.txt@PREFSTRING
ferocity	creature_fourthgen.txt@PREFSTRING
fickle nature	creature_fourthgen.txt@PREFSTRING
fierce appearance	creature_secondgen.txt@PREFSTRING
fierce personality	creature_thirdgen.txt@PREFSTRING
fiery dance	creature_fifthgen.txt@PREFSTRING
fiery plumage	creature_firstgen.txt@PREFSTRING
fighting speed	creature_fifthgen.txt@PREFSTRING
fighting spirit	creature_eighthgen.txt@PREFSTRING,creature_ninthgen.txt@PREFSTRING
fighting style	creature_fourthgen.txt@PREFSTRING
fighting styles	creature_zpokemax.txt@PREFSTRING
fighting technique	creature_thirdgen.txt@PREFSTRING
fillet	creature_ninthgen.txt@PREFSTRING
fin	creature_ninthgen.txt@PREFSTRING
fins	creature_fourthgen.txt@PREFSTRING
fire spitting	creature_fifthgen.txt@PREFSTRING
fire streamers	creature_thirdgen.txt@PREFSTRING
firey body	creature_ninthgen.txt@PREFSTRING
fish like appearance	creature_firstgen.txt@PREFSTRING
fish-like tail	creature_thirdgen.txt@PREFSTRING
flame	creature_fifthgen.txt@PREFSTRING
flame belt	creature_seventhgen.txt@PREFSTRING
flame sac	creature_sixthgen.txt@PREFSTRING
flame tail	creature_fourthgen.txt@PREFSTRING
flames	creature_fifthgen.txt@PREFSTRING,creature_secondgen.txt@PREFSTRING
flaming antennae	creature_eighthgen.txt@PREFSTRING
flaming back	creature_secondgen.txt@PREFSTRING
flaming furballs	creature_seventhgen.txt@PREFSTRING
flaming head	creature_fourthgen.txt@PREFSTRING
flaming pebbles	creature_eighthgen.txt@PREFSTRING
flaming tail	creature_firstgen.txt@PREFSTRING,creature_fourthgen.txt@PREFSTRING
flashing mane	creature_fifthgen.txt@PREFSTRING
flat body	creature_fifthgen.txt@PREFSTRING
flat top	creature_sixthgen.txt@PREFSTRING
flexibility	creature_firstgen.txt@PREFSTRING
flexible body	creature_zpokemax.txt@PREFSTRING
flickering spores	creature_seventhgen.txt@PREFSTRING
floating	creature_firstgen.txt@PREFSTRING,creature_ninthgen.txt@PREFSTRING
floating hands	creature_ninthgen.txt@PREFSTRING
flotation sac	creature_fourthgen.txt@PREFSTRING
flower	creature_eighthgen.txt@PREFSTRING,creature_fifthgen.txt@PREFSTRING,creature_firstgen.txt@PREFSTRING,creature_secondgen.txt@PREFSTRING,creature_sixthgen.txt@PREFSTRING,creature_thirdgen.txt@PREFSTRING
flower bombs	creature_ninthgen.txt@PREFSTRING
flower bud	creature_ninthgen.txt@PREFSTRING
flowing hair	creature_ninthgen.txt@PREFSTRING,creature_secondgen.txt@PREFSTRING
flowing wool	creature_secondgen.txt@PREFSTRING
fluff	creature_zpokemax.txt@PREFSTRING
fluffy ears	creature_sixthgen.txt@PREFSTRING
fluffy fur	creature_firstgen.txt@PREFSTRING,creature_seventhgen.txt@PREFSTRING
fluffy tail	creature_fourthgen.txt@PREFSTRING
flying skill	creature_fifthgen.txt@PREFSTRING,creature_secondgen.txt@PREFSTRING
foot print claws	creature_seventhgen.txt@PREFSTRING
footwork	creature_eighthgen.txt@PREFSTRING,creature_thirdgen.txt@PREFSTRING
forked tail	creature_secondgen.txt@PREFSTRING
form	creature_fifthgen.txt@PREFSTRING
formation	creature_eighthgen.txt@PREFSTRING
formes	creature_thirdgen.txt@PREFSTRING
foul smell	creature_fourthgen.txt@PREFSTRING
fragrance	creature_seventhgen.txt@PREFSTRING,plant_pokeplants.txt@PREFSTRING
freezing upper half	creature_eighthgen.txt@PREFSTRING
fresh scent	plant_pokeplants.txt@PREFSTRING
friendliness	creature_thirdgen.txt@PREFSTRING
friendly nature	creature_fourthgen.txt@PREFSTRING,creature_ninthgen.txt@PREFSTRING
frilled collar	creature_sixthgen.txt@PREFSTRING
frills	creature_ninthgen.txt@PREFSTRING,creature_sixthgen.txt@PREFSTRING
frozen texture	plant_pokeplants.txt@PREFSTRING
frubbles	creature_sixthgen.txt@PREFSTRING
fruit	creature_ninthgen.txt@PREFSTRING,creature_thirdgen.txt@PREFSTRING,plant_pokeplants.txt@PREFSTRING
fruits	plant_pokefood.txt@PREFSTRING
fulfillingness	plant_pokefood.txt@PREFSTRING
fur	creature_fifthgen.txt@PREFSTRING,creature_seventhgen.txt@PREFSTRING,creature_sixthgen.txt@PREFSTRING
fusions	creature_fifthgen.txt@PREFSTRING
fuzzy body	creature_firstgen.txt@PREFSTRING
gas	creature_firstgen.txt@PREFSTRING
gel	creature_fifthgen.txt@PREFSTRING
gem	creature_firstgen.txt@PREFSTRING,creature_secondgen.txt@PREFSTRING
gem-like eyes	creature_thirdgen.txt@PREFSTRING
generator tail	creature_fifthgen.txt@PREFSTRING
gentle nature	creature_firstgen.txt@PREFSTRING
gentle temperament	creature_ninthgen.txt@PREFSTRING
ghostly arms	creature_thirdgen.txt@PREFSTRING
ghostly plume	creature_fourthgen.txt@PREFSTRING
giant fireball	creature_zpokemax.txt@PREFSTRING
giant jaw	creature_thirdgen.txt@PREFSTRING
giant jaws	creature_thirdgen.txt@PREFSTRING
giant mouth	creature_fourthgen.txt@PREFSTRING
girder	creature_fifthgen.txt@PREFSTRING
glare	creature_fifthgen.txt@PREFSTRING,creature_sixthgen.txt@PREFSTRING
gliding	creature_fifthgen.txt@PREFSTRING,creature_thirdgen.txt@PREFSTRING
glistening fur	creature_fourthgen.txt@PREFSTRING
glittering	plant_pokeplants.txt@PREFSTRING
glittering spores	creature_seventhgen.txt@PREFSTRING
glittering wings	creature_firstgen.txt@PREFSTRING
gloomy appearance	creature_seventhgen.txt@PREFSTRING
glow	creature_fifthgen.txt@PREFSTRING,plant_pokeitem.txt@PREFSTRING
glowing body	creature_seventhgen.txt@PREFSTRING
glowing eyes	creature_firstgen.txt@PREFSTRING
glowing features	creature_thirdgen.txt@PREFSTRING
glowing mushroom	creature_seventhgen.txt@PREFSTRING
glowing mushrooms	creature_seventhgen.txt@PREFSTRING
glowing rings	creature_secondgen.txt@PREFSTRING
glowing scales	creature_seventhgen.txt@PREFSTRING
glowing tail	creature_thirdgen.txt@PREFSTRING
gluttonous nature	creature_eighthgen.txt@PREFSTRING
gluttony	creature_eighthgen.txt@PREFSTRING
gnawing strength	creature_firstgen.txt@PREFSTRING
god like status	creature_firstgen.txt@PREFSTRING,creature_sixthgen.txt@PREFSTRING
gold mask	creature_fifthgen.txt@PREFSTRING
gold structure	creature_seventhgen.txt@PREFSTRING
golden blade	creature_sixthgen.txt@PREFSTRING
golden crown	creature_fourthgen.txt@PREFSTRING
good luck	plant_pokeberries.txt@PREFSTRING
good nature	creature_fifthgen.txt@PREFSTRING
gown	creature_thirdgen.txt@PREFSTRING
grabage	creature_fifthgen.txt@PREFSTRING,creature_zpokemax.txt@PREFSTRING
graceful movements	creature_eighthgen.txt@PREFSTRING
gracidea-like flowers	creature_fourthgen.txt@PREFSTRING
grain	plant_pokeplants.txt@PREFSTRING
great strength	creature_secondgen.txt@PREFSTRING
greed	creature_eighthgen.txt@PREFSTRING
gregarious nature	creature_secondgen.txt@PREFSTRING
grin	creature_thirdgen.txt@PREFSTRING
guardian status	creature_fifthgen.txt@PREFSTRING
habit of biting	creature_secondgen.txt@PREFSTRING
hair	creature_seventhgen.txt@PREFSTRING,plant_pokeberries.txt@PREFSTRING
halo	creature_thirdgen.txt@PREFSTRING
hammer	creature_ninthgen.txt@PREFSTRING
hand cannons	creature_fourthgen.txt@PREFSTRING
hand like wings	creature_secondgen.txt@PREFSTRING
hanging lifestyle	creature_firstgen.txt@PREFSTRING
hard shell	creature_firstgen.txt@PREFSTRING
hardiness	creature_firstgen.txt@PREFSTRING
hardness	plant_pokeberries.txt@PREFSTRING
hardyness	creature_thirdgen.txt@PREFSTRING
harems	creature_seventhgen.txt@PREFSTRING
hatred of light	creature_secondgen.txt@PREFSTRING
head armor	creature_fourthgen.txt@PREFSTRING
head shield	creature_fourthgen.txt@PREFSTRING
head tail	creature_secondgen.txt@PREFSTRING
head turning	creature_secondgen.txt@PREFSTRING
headbutting	creature_fifthgen.txt@PREFSTRING,creature_fourthgen.txt@PREFSTRING
headpiece	creature_ninthgen.txt@PREFSTRING
healing ability	creature_eighthgen.txt@PREFSTRING
healing properties	plant_pokeitem.txt@PREFSTRING
health benefits	plant_pokeberries.txt@PREFSTRING
healthy fibers	plant_pokeberries.txt@PREFSTRING
heart shaped body	creature_fifthgen.txt@PREFSTRING,creature_thirdgen.txt@PREFSTRING
heart shaped marking	creature_fifthgen.txt@PREFSTRING
heart-shaped nose	creature_fifthgen.txt@PREFSTRING
heat	creature_zpokemax.txt@PREFSTRING
heat resistant body	creature_ninthgen.txt@PREFSTRING
heavyness	plant_pokefood.txt@PREFSTRING
height	creature_thirdgen.txt@PREFSTRING
helpfullness	creature_fifthgen.txt@PREFSTRING
helpfulness	creature_eighthgen.txt@PREFSTRING
heroism	creature_ninthgen.txt@PREFSTRING
hex nut head	creature_seventhgen.txt@PREFSTRING
hidden psychic power	creature_sixthgen.txt@PREFSTRING
honey making	creature_secondgen.txt@PREFSTRING
honeycomb shape	creature_fourthgen.txt@PREFSTRING
hood pattern	creature_firstgen.txt@PREFSTRING
hoops	creature_sixthgen.txt@PREFSTRING
horn	creature_fifthgen.txt@PREFSTRING,creature_firstgen.txt@PREFSTRING,creature_fourthgen.txt@PREFSTRING,creature_secondgen.txt@PREFSTRING,creature_thirdgen.txt@PREFSTRING
horns	creature_eighthgen.txt@PREFSTRING,creature_fifthgen.txt@PREFSTRING,creature_secondgen.txt@PREFSTRING,creature_thirdgen.txt@PREFSTRING
hot spiciness	plant_pokeberries.txt@PREFSTRING
howls	creature_secondgen.txt@PREFSTRING
hump	creature_fifthgen.txt@PREFSTRING,creature_thirdgen.txt@PREFSTRING
humps	creature_thirdgen.txt@PREFSTRING
hunting skills	creature_fifthgen.txt@PREFSTRING
hypnotizing dance	creature_fifthgen.txt@PREFSTRING
ice	creature_sixthgen.txt@PREFSTRING
ice beard	creature_fifthgen.txt@PREFSTRING
ice cream shape	creature_fifthgen.txt@PREFSTRING
ice face	creature_eighthgen.txt@PREFSTRING
ice scales	creature_eighthgen.txt@PREFSTRING
ice shafts	creature_fourthgen.txt@PREFSTRING
icy spikes	creature_eighthgen.txt@PREFSTRING
illuminating	creature_fifthgen.txt@PREFSTRING
illusions	creature_fifthgen.txt@PREFSTRING
immense psychic power	creature_zpokemax.txt@PREFSTRING
impervious head	creature_eighthgen.txt@PREFSTRING
inability to stay in a confined space	creature_seventhgen.txt@PREFSTRING
incantations	creature_fourthgen.txt@PREFSTRING
incredibly hard ice	creature_eighthgen.txt@PREFSTRING
incredibly powerful trunk	creature_zpokemax.txt@PREFSTRING
independent nature	creature_firstgen.txt@PREFSTRING
industrious nature	creature_fourthgen.txt@PREFSTRING
infinite power	creature_zpokemax.txt@PREFSTRING
ink spraying	creature_secondgen.txt@PREFSTRING
intellect	creature_secondgen.txt@PREFSTRING
intelligence	creature_eighthgen.txt@PREFSTRING,creature_fifthgen.txt@PREFSTRING,creature_firstgen.txt@PREFSTRING,creature_seventhgen.txt@PREFSTRING,creature_thirdgen.txt@PREFSTRING
intense body heat	creature_fourthgen.txt@PREFSTRING
intense flames	creature_zpokemax.txt@PREFSTRING
intense heat	creature_zpokemax.txt@PREFSTRING
interesting head shape	creature_eighthgen.txt@PREFSTRING
interlocking	creature_fifthgen.txt@PREFSTRING
intimidating look	creature_fifthgen.txt@PREFSTRING
intolerance towards bullying	creature_sixthgen.txt@PREFSTRING
iridescent sails	creature_sixthgen.txt@PREFSTRING
iron body	creature_thirdgen.txt@PREFSTRING
iron-like skin	creature_secondgen.txt@PREFSTRING
irresistible drumming	creature_zpokemax.txt@PREFSTRING
jaw	creature_eighthgen.txt@PREFSTRING,creature_thirdgen.txt@PREFSTRING
jet engine tail	creature_fifthgen.txt@PREFSTRING
jewl	creature_firstgen.txt@PREFSTRING
jewl like body	creature_ninthgen.txt@PREFSTRING
jingling	creature_sixthgen.txt@PREFSTRING
joy dust	creature_secondgen.txt@PREFSTRING
joyful nature	creature_secondgen.txt@PREFSTRING
judo skills	creature_fifthgen.txt@PREFSTRING
juice	plant_pokeberries.txt@PREFSTRING
juicy beans	plant_pokeplants.txt@PREFSTRING
jumping	creature_ninthgen.txt@PREFSTRING
jumping ability	creature_firstgen.txt@PREFSTRING
junkyness	plant_pokefood.txt@PREFSTRING
karate skills	creature_fifthgen.txt@PREFSTRING
keen sense of smell	creature_sixthgen.txt@PREFSTRING
kelp like appearance	creature_sixthgen.txt@PREFSTRING
keys	creature_sixthgen.txt@PREFSTRING
kicking	creature_fifthgen.txt@PREFSTRING
kimono	creature_fourthgen.txt@PREFSTRING
kindheartedness	creature_firstgen.txt@PREFSTRING,creature_secondgen.txt@PREFSTRING
kindness	creature_fifthgen.txt@PREFSTRING
knightly appearance	creature_fourthgen.txt@PREFSTRING
knowledge	creature_fourthgen.txt@PREFSTRING
laid back nature	creature_thirdgen.txt@PREFSTRING
laid-back nature	creature_ninthgen.txt@PREFSTRING
lances	creature_fifthgen.txt@PREFSTRING
large appearance	creature_fourthgen.txt@PREFSTRING
large bill	creature_firstgen.txt@PREFSTRING
large brain	creature_eighthgen.txt@PREFSTRING
large cannon	creature_firstgen.txt@PREFSTRING
large claw	creature_sixthgen.txt@PREFSTRING
large ears	creature_firstgen.txt@PREFSTRING
large fins	creature_firstgen.txt@PREFSTRING
large gem	creature_thirdgen.txt@PREFSTRING
large head	creature_sixthgen.txt@PREFSTRING
large jaws	creature_thirdgen.txt@PREFSTRING
large mouth	creature_seventhgen.txt@PREFSTRING
large social groups	creature_secondgen.txt@PREFSTRING
laziness	creature_eighthgen.txt@PREFSTRING,creature_thirdgen.txt@PREFSTRING
lazyness	creature_firstgen.txt@PREFSTRING,creature_seventhgen.txt@PREFSTRING
leadership	creature_fourthgen.txt@PREFSTRING,creature_secondgen.txt@PREFSTRING,creature_thirdgen.txt@PREFSTRING
leaf	creature_secondgen.txt@PREFSTRING
leaf chewing	creature_sixthgen.txt@PREFSTRING
leaf cloak	creature_fifthgen.txt@PREFSTRING
leaf flute	creature_thirdgen.txt@PREFSTRING
leaf hood	creature_fifthgen.txt@PREFSTRING
leafy appearance	creature_fourthgen.txt@PREFSTRING,creature_thirdgen.txt@PREFSTRING
leafy hood	creature_seventhgen.txt@PREFSTRING
leafy mane	creature_sixthgen.txt@PREFSTRING
leaves	creature_fifthgen.txt@PREFSTRING,creature_firstgen.txt@PREFSTRING,creature_secondgen.txt@PREFSTRING
leek	creature_firstgen.txt@PREFSTRING
leeks	plant_pokefood.txt@PREFSTRING
legs	creature_fourthgen.txt@PREFSTRING
length	creature_zpokemax.txt@PREFSTRING
life force	plant_pokeitem.txt@PREFSTRING
light	creature_ninthgen.txt@PREFSTRING
light bulb tail	creature_secondgen.txt@PREFSTRING
lightning attraction	plant_pokeberries.txt@PREFSTRING
lightning-fast movements	creature_ninthgen.txt@PREFSTRING
lights	creature_sixthgen.txt@PREFSTRING
lightweight metal body	creature_eighthgen.txt@PREFSTRING,creature_zpokemax.txt@PREFSTRING
likeability	creature_thirdgen.txt@PREFSTRING
lilypad	creature_thirdgen.txt@PREFSTRING
lingering spiciness	plant_pokeberries.txt@PREFSTRING
log	creature_fifthgen.txt@PREFSTRING
long body	creature_thirdgen.txt@PREFSTRING
long fangs	creature_secondgen.txt@PREFSTRING
long fur	creature_fourthgen.txt@PREFSTRING,creature_secondgen.txt@PREFSTRING
long neck	creature_ninthgen.txt@PREFSTRING
long tongue	creature_fifthgen.txt@PREFSTRING
loud cry	creature_thirdgen.txt@PREFSTRING
loud shriek	creature_firstgen.txt@PREFSTRING
loudspeaker ears	creature_sixthgen.txt@PREFSTRING
loudspeaker like ears	creature_thirdgen.txt@PREFSTRING
love for fruit	creature_sixthgen.txt@PREFSTRING
loyalty	creature_fifthgen.txt@PREFSTRING,creature_firstgen.txt@PREFSTRING,creature_ninthgen.txt@PREFSTRING
lumps	creature_fifthgen.txt@PREFSTRING,plant_pokeberries.txt@PREFSTRING
luxurious fur	creature_firstgen.txt@PREFSTRING
magnetism	creature_thirdgen.txt@PREFSTRING
magnets	creature_firstgen.txt@PREFSTRING,creature_fourthgen.txt@PREFSTRING,creature_ninthgen.txt@PREFSTRING
majestic movements	creature_eighthgen.txt@PREFSTRING
mandibles	creature_seventhgen.txt@PREFSTRING
mane	creature_fifthgen.txt@PREFSTRING,creature_firstgen.txt@PREFSTRING,creature_seventhgen.txt@PREFSTRING,creature_sixthgen.txt@PREFSTRING,creature_thirdgen.txt@PREFSTRING
mane of bubbles	creature_sixthgen.txt@PREFSTRING
many arms	creature_seventhgen.txt@PREFSTRING
many cannons	creature_zpokemax.txt@PREFSTRING
many horns	creature_sixthgen.txt@PREFSTRING
many patterns	creature_sixthgen.txt@PREFSTRING,creature_thirdgen.txt@PREFSTRING
many shapes	creature_secondgen.txt@PREFSTRING
many stingers	creature_firstgen.txt@PREFSTRING
many tentacles	creature_firstgen.txt@PREFSTRING
many trims	creature_sixthgen.txt@PREFSTRING
many types	creature_fourthgen.txt@PREFSTRING
maraca sounds	creature_fifthgen.txt@PREFSTRING
marching	creature_eighthgen.txt@PREFSTRING
markings	creature_ninthgen.txt@PREFSTRING
martial arts	creature_fifthgen.txt@PREFSTRING
mash	plant_pokeplants.txt@PREFSTRING
mask	creature_fifthgen.txt@PREFSTRING,creature_fourthgen.txt@PREFSTRING,creature_seventhgen.txt@PREFSTRING
masks	creature_ninthgen.txt@PREFSTRING
massive wings	creature_zpokemax.txt@PREFSTRING
mechanical body	creature_seventhgen.txt@PREFSTRING
medical properties	plant_pokeplants.txt@PREFSTRING
meditating	creature_seventhgen.txt@PREFSTRING,creature_thirdgen.txt@PREFSTRING
mellow sweetness	plant_pokefood.txt@PREFSTRING
melodies	creature_fourthgen.txt@PREFSTRING
metal body	creature_ninthgen.txt@PREFSTRING,creature_secondgen.txt@PREFSTRING
metal formation	creature_thirdgen.txt@PREFSTRING
metronome tail	creature_fourthgen.txt@PREFSTRING
mighty blades	creature_ninthgen.txt@PREFSTRING
mighty horn	creature_fifthgen.txt@PREFSTRING
mighty horns	creature_fifthgen.txt@PREFSTRING
mild taste	plant_pokefood.txt@PREFSTRING
mimicking	creature_fourthgen.txt@PREFSTRING
miming	creature_firstgen.txt@PREFSTRING
minecart shape	creature_eighthgen.txt@PREFSTRING
mirroring	plant_pokeplants.txt@PREFSTRING
mischievous tricks	creature_secondgen.txt@PREFSTRING
mischievousness	creature_eighthgen.txt@PREFSTRING,creature_fifthgen.txt@PREFSTRING,creature_thirdgen.txt@PREFSTRING
mission of vengeance	creature_fourthgen.txt@PREFSTRING
mission to protect Pokemon	creature_fifthgen.txt@PREFSTRING
mission to protect the ecosystem	creature_sixthgen.txt@PREFSTRING
mix of flavors	plant_pokeberries.txt@PREFSTRING
mochi	creature_ninthgen.txt@PREFSTRING
moon shape	creature_thirdgen.txt@PREFSTRING
mountain crushing strength	creature_zpokemax.txt@PREFSTRING
mouth flames	creature_firstgen.txt@PREFSTRING
move boosting ability	plant_pokeplants.txt@PREFSTRING
mud ball	creature_ninthgen.txt@PREFSTRING
multiple Binacle	creature_sixthgen.txt@PREFSTRING
multiple heads	creature_fifthgen.txt@PREFSTRING,creature_firstgen.txt@PREFSTRING,creature_ninthgen.txt@PREFSTRING
multiple personalities	creature_firstgen.txt@PREFSTRING
multiple tails	creature_firstgen.txt@PREFSTRING
multiple wings	creature_secondgen.txt@PREFSTRING,creature_thirdgen.txt@PREFSTRING
muscle like hair	creature_eighthgen.txt@PREFSTRING
muscles	creature_firstgen.txt@PREFSTRING,creature_seventhgen.txt@PREFSTRING
mustache	creature_fourthgen.txt@PREFSTRING
mutualistic nature	creature_zpokevermin.txt@PREFSTRING
mysterious energy	creature_fifthgen.txt@PREFSTRING
mysterious origins	creature_ninthgen.txt@PREFSTRING
mystery	creature_firstgen.txt@PREFSTRING,creature_thirdgen.txt@PREFSTRING,plant_pokeberries.txt@PREFSTRING
naive personality	creature_firstgen.txt@PREFSTRING
nature changing ability	plant_pokeplants.txt@PREFSTRING
neatness	creature_ninthgen.txt@PREFSTRING
nectar	creature_eighthgen.txt@PREFSTRING,creature_firstgen.txt@PREFSTRING,creature_zpokemax.txt@PREFSTRING
needles	creature_seventhgen.txt@PREFSTRING
nests	creature_ninthgen.txt@PREFSTRING
nomadic nature	creature_fifthgen.txt@PREFSTRING,creature_fourthgen.txt@PREFSTRING
nose	creature_fourthgen.txt@PREFSTRING,creature_seventhgen.txt@PREFSTRING,creature_thirdgen.txt@PREFSTRING
numbers	creature_firstgen.txt@PREFSTRING
nurturing nature	creature_firstgen.txt@PREFSTRING
nutrient-rich oil	creature_ninthgen.txt@PREFSTRING,plant_pokeplants.txt@PREFSTRING
nutrients	plant_pokeplants.txt@PREFSTRING
nutrition	plant_pokeplants.txt@PREFSTRING
nutritious seeds	creature_eighthgen.txt@PREFSTRING
nuts	plant_pokeplants.txt@PREFSTRING
oblivious nature	creature_firstgen.txt@PREFSTRING
obliviousness	creature_firstgen.txt@PREFSTRING,creature_secondgen.txt@PREFSTRING
odd shape	plant_pokeberries.txt@PREFSTRING
odor	creature_firstgen.txt@PREFSTRING
oil	creature_ninthgen.txt@PREFSTRING
onion head	creature_secondgen.txt@PREFSTRING
optimism	creature_sixthgen.txt@PREFSTRING
origami body	creature_seventhgen.txt@PREFSTRING
pacifism	creature_fourthgen.txt@PREFSTRING
paintbrush tail	creature_secondgen.txt@PREFSTRING
painting	creature_ninthgen.txt@PREFSTRING
pairing	creature_sixthgen.txt@PREFSTRING
parasitic nature	plant_pokeplants.txt@PREFSTRING
patience	creature_seventhgen.txt@PREFSTRING
patterns	plant_pokeplants.txt@PREFSTRING
peaceful disposition	creature_eighthgen.txt@PREFSTRING,creature_sixthgen.txt@PREFSTRING
pearl	creature_thirdgen.txt@PREFSTRING
pearls	creature_thirdgen.txt@PREFSTRING
pendulum	creature_firstgen.txt@PREFSTRING
persistence	creature_secondgen.txt@PREFSTRING
personality	creature_eighthgen.txt@PREFSTRING
petals	plant_pokeberries.txt@PREFSTRING
pig-like nose	creature_secondgen.txt@PREFSTRING
pincers	creature_firstgen.txt@PREFSTRING,creature_fourthgen.txt@PREFSTRING,creature_secondgen.txt@PREFSTRING,creature_thirdgen.txt@PREFSTRING
pit nests	creature_thirdgen.txt@PREFSTRING
plant like smell	creature_seventhgen.txt@PREFSTRING
play-fighting	creature_fourthgen.txt@PREFSTRING
playful demeanor	creature_secondgen.txt@PREFSTRING
playful nature	creature_firstgen.txt@PREFSTRING,creature_secondgen.txt@PREFSTRING
playful personality	creature_firstgen.txt@PREFSTRING
playfullness	creature_ninthgen.txt@PREFSTRING
pleasant scent	plant_pokeberries.txt@PREFSTRING
plumage	creature_firstgen.txt@PREFSTRING
plume	creature_fifthgen.txt@PREFSTRING
pods	creature_thirdgen.txt@PREFSTRING
pointed mouth	creature_thirdgen.txt@PREFSTRING
pointed teeth	creature_seventhgen.txt@PREFSTRING
poison sac	creature_fourthgen.txt@PREFSTRING
pollen	creature_eighthgen.txt@PREFSTRING
pollinating	creature_secondgen.txt@PREFSTRING
ponytail hands	creature_eighthgen.txt@PREFSTRING
popping clusters	plant_pokeberries.txt@PREFSTRING
portly build	creature_sixthgen.txt@PREFSTRING
potatoes	plant_pokefood.txt@PREFSTRING
pouch	creature_firstgen.txt@PREFSTRING
power	creature_eighthgen.txt@PREFSTRING,plant_pokeberries.txt@PREFSTRING,plant_pokeitem.txt@PREFSTRING
power of eternal life	creature_sixthgen.txt@PREFSTRING
powerful arms	creature_thirdgen.txt@PREFSTRING
powerful grip	creature_eighthgen.txt@PREFSTRING
powerful hair	creature_zpokemax.txt@PREFSTRING
powerful jaws	creature_fifthgen.txt@PREFSTRING,creature_secondgen.txt@PREFSTRING,creature_thirdgen.txt@PREFSTRING
powerful kicks	creature_eighthgen.txt@PREFSTRING
powerful legs	creature_eighthgen.txt@PREFSTRING,creature_firstgen.txt@PREFSTRING,creature_thirdgen.txt@PREFSTRING
powerful poison	creature_sixthgen.txt@PREFSTRING
powerful tail	creature_eighthgen.txt@PREFSTRING,creature_firstgen.txt@PREFSTRING
powerful talons	creature_sixthgen.txt@PREFSTRING
powerful third legs	creature_ninthgen.txt@PREFSTRING
powerful trunk	creature_eighthgen.txt@PREFSTRING
powerful uppercut	creature_seventhgen.txt@PREFSTRING
powerful vision	creature_fourthgen.txt@PREFSTRING
practical jokes	creature_fourthgen.txt@PREFSTRING
precision	creature_zpokemax.txt@PREFSTRING
preference for heat	creature_firstgen.txt@PREFSTRING
pretty diamond	creature_fourthgen.txt@PREFSTRING
pretty pearls	creature_fourthgen.txt@PREFSTRING
prickles	creature_seventhgen.txt@PREFSTRING
primal glow	creature_thirdgen.txt@PREFSTRING
prismatic body	creature_seventhgen.txt@PREFSTRING
prismatic wings	creature_secondgen.txt@PREFSTRING
prongs	creature_secondgen.txt@PREFSTRING
propeller like tail	creature_fourthgen.txt@PREFSTRING
protective nature	creature_firstgen.txt@PREFSTRING
protuberance	creature_seventhgen.txt@PREFSTRING
psychic abilities	creature_firstgen.txt@PREFSTRING
psychic ability	creature_eighthgen.txt@PREFSTRING
psychic power	creature_ninthgen.txt@PREFSTRING
psychic powers	creature_thirdgen.txt@PREFSTRING
puckered lips	creature_thirdgen.txt@PREFSTRING
pumpkin	creature_sixthgen.txt@PREFSTRING
pungency	plant_pokeplants.txt@PREFSTRING
purple mane	creature_secondgen.txt@PREFSTRING
quills	creature_firstgen.txt@PREFSTRING,creature_secondgen.txt@PREFSTRING
rage	creature_ninthgen.txt@PREFSTRING
rampaging	creature_thirdgen.txt@PREFSTRING
rarity	creature_firstgen.txt@PREFSTRING
rattle	creature_firstgen.txt@PREFSTRING
razor sharp wings	creature_firstgen.txt@PREFSTRING
reaction dulling	plant_pokeberries.txt@PREFSTRING
refreshing flavor	plant_pokeberries.txt@PREFSTRING
relaxing fragrance	plant_pokeplants.txt@PREFSTRING
relaxing scent	plant_pokeplants.txt@PREFSTRING
respect of all forms of life	creature_eighthgen.txt@PREFSTRING
revitalising properties	plant_pokeplants.txt@PREFSTRING
ribbons	creature_sixthgen.txt@PREFSTRING
richness	plant_pokefood.txt@PREFSTRING
ride form	creature_ninthgen.txt@PREFSTRING
rigid body	creature_firstgen.txt@PREFSTRING
rigid shell	plant_pokeberries.txt@PREFSTRING
ring of flowers	creature_seventhgen.txt@PREFSTRING
ring patterns	creature_secondgen.txt@PREFSTRING
ringing	creature_fourthgen.txt@PREFSTRING
rivalry	creature_fifthgen.txt@PREFSTRING,creature_ninthgen.txt@PREFSTRING
rivalry with Seviper	creature_thirdgen.txt@PREFSTRING
rivalry with Zangoose	creature_thirdgen.txt@PREFSTRING
rock cannon	creature_firstgen.txt@PREFSTRING
rock shell	creature_fifthgen.txt@PREFSTRING,creature_secondgen.txt@PREFSTRING
rocky diet	creature_ninthgen.txt@PREFSTRING
rocky formation	creature_thirdgen.txt@PREFSTRING
rocky fuel	creature_ninthgen.txt@PREFSTRING
rocky home	creature_ninthgen.txt@PREFSTRING
rocky neck	creature_seventhgen.txt@PREFSTRING
rocky shell	creature_seventhgen.txt@PREFSTRING
rolling	creature_firstgen.txt@PREFSTRING,creature_ninthgen.txt@PREFSTRING,creature_thirdgen.txt@PREFSTRING
root like shape	plant_pokeberries.txt@PREFSTRING
roses	creature_fourthgen.txt@PREFSTRING,creature_thirdgen.txt@PREFSTRING
round body	creature_ninthgen.txt@PREFSTRING
roundness	creature_eighthgen.txt@PREFSTRING
royal appearance	creature_fifthgen.txt@PREFSTRING,creature_fourthgen.txt@PREFSTRING
running	creature_eighthgen.txt@PREFSTRING,creature_ninthgen.txt@PREFSTRING
runny nose	creature_fifthgen.txt@PREFSTRING
sacred law	creature_eighthgen.txt@PREFSTRING
salt	creature_ninthgen.txt@PREFSTRING
salty flavor	plant_pokeplants.txt@PREFSTRING
sand expelling	creature_fourthgen.txt@PREFSTRING
sand pouch	creature_eighthgen.txt@PREFSTRING,creature_zpokemax.txt@PREFSTRING
sandy body	creature_seventhgen.txt@PREFSTRING
sausages	plant_pokefood.txt@PREFSTRING
savageness	creature_ninthgen.txt@PREFSTRING,creature_thirdgen.txt@PREFSTRING
scalchop	creature_fifthgen.txt@PREFSTRING
scalchops	creature_fifthgen.txt@PREFSTRING
scales	creature_fourthgen.txt@PREFSTRING
scarf	creature_seventhgen.txt@PREFSTRING
scent	creature_firstgen.txt@PREFSTRING,creature_ninthgen.txt@PREFSTRING
schools	creature_fifthgen.txt@PREFSTRING,creature_seventhgen.txt@PREFSTRING
scowl	creature_ninthgen.txt@PREFSTRING
scraps	plant_pokeitem.txt@PREFSTRING
scream	creature_ninthgen.txt@PREFSTRING
scythe like tail	creature_fifthgen.txt@PREFSTRING
scythes	creature_firstgen.txt@PREFSTRING,creature_seventhgen.txt@PREFSTRING
seamitars	creature_fifthgen.txt@PREFSTRING
seasonal changing	creature_fifthgen.txt@PREFSTRING
seedling	creature_fourthgen.txt@PREFSTRING
seeds	plant_pokeitem.txt@PREFSTRING
segments	creature_ninthgen.txt@PREFSTRING
self preservation	creature_seventhgen.txt@PREFSTRING
selfish disposition	creature_seventhgen.txt@PREFSTRING
sense of hearing	creature_fifthgen.txt@PREFSTRING
sense of pride	creature_fourthgen.txt@PREFSTRING
sense of rhythm	creature_eighthgen.txt@PREFSTRING
sense of smell	creature_ninthgen.txt@PREFSTRING,creature_secondgen.txt@PREFSTRING,creature_seventhgen.txt@PREFSTRING
sense of taste	creature_firstgen.txt@PREFSTRING
serpentine body	creature_sixthgen.txt@PREFSTRING
serrated claws	creature_secondgen.txt@PREFSTRING
serrated fangs	creature_firstgen.txt@PREFSTRING
shadow shifting	creature_firstgen.txt@PREFSTRING,creature_seventhgen.txt@PREFSTRING
shadowy body	creature_eighthgen.txt@PREFSTRING
shaggy fur	creature_fourthgen.txt@PREFSTRING,creature_thirdgen.txt@PREFSTRING
shapes	plant_pokeitem.txt@PREFSTRING
sharing	creature_fifthgen.txt@PREFSTRING
sharp cries	creature_thirdgen.txt@PREFSTRING
sharp edges	creature_seventhgen.txt@PREFSTRING
sharp fangs	creature_thirdgen.txt@PREFSTRING
sharp leaves	creature_firstgen.txt@PREFSTRING,creature_thirdgen.txt@PREFSTRING
sharp quills	creature_seventhgen.txt@PREFSTRING
sharp teeth	creature_secondgen.txt@PREFSTRING,creature_seventhgen.txt@PREFSTRING
sharp wings	creature_fourthgen.txt@PREFSTRING
shell	creature_eighthgen.txt@PREFSTRING,creature_fifthgen.txt@PREFSTRING,creature_firstgen.txt@PREFSTRING,creature_fourthgen.txt@PREFSTRING,creature_secondgen.txt@PREFSTRING,creature_seventhgen.txt@PREFSTRING,creature_sixthgen.txt@PREFSTRING,creature_thirdgen.txt@PREFSTRING,creature_zpokemax.txt@PREFSTRING
shells	creature_thirdgen.txt@PREFSTRING
shield	creature_eighthgen.txt@PREFSTRING
shining eyes	creature_seventhgen.txt@PREFSTRING
shouting	creature_thirdgen.txt@PREFSTRING
sickle-like tail	creature_fifthgen.txt@PREFSTRING
silk traps	creature_ninthgen.txt@PREFSTRING
silky shell	creature_thirdgen.txt@PREFSTRING
silly worried expression	creature_eighthgen.txt@PREFSTRING
simple taste	plant_pokefood.txt@PREFSTRING
simpleness	plant_pokefood.txt@PREFSTRING
singing	creature_fifthgen.txt@PREFSTRING,creature_firstgen.txt@PREFSTRING,creature_fourthgen.txt@PREFSTRING,creature_ninthgen.txt@PREFSTRING,creature_secondgen.txt@PREFSTRING,creature_seventhgen.txt@PREFSTRING,creature_thirdgen.txt@PREFSTRING
singing sound	creature_thirdgen.txt@PREFSTRING
single eye	creature_fourthgen.txt@PREFSTRING
singular ear	creature_fifthgen.txt@PREFSTRING
sinister energy	creature_firstgen.txt@PREFSTRING
sinus clearing	plant_pokefood.txt@PREFSTRING
sixth sense	creature_thirdgen.txt@PREFSTRING
size	creature_thirdgen.txt@PREFSTRING,creature_zpokemax.txt@PREFSTRING,plant_pokeberries.txt@PREFSTRING,plant_pokefood.txt@PREFSTRING,plant_pokeitem.txt@PREFSTRING,plant_pokeplants.txt@PREFSTRING
skillful misdirection	creature_ninthgen.txt@PREFSTRING
skull	creature_fifthgen.txt@PREFSTRING,creature_firstgen.txt@PREFSTRING,creature_thirdgen.txt@PREFSTRING
skull helmet	creature_firstgen.txt@PREFSTRING
skull marking	creature_firstgen.txt@PREFSTRING
slacking	creature_thirdgen.txt@PREFSTRING
sleeping face	creature_seventhgen.txt@PREFSTRING
slender body	creature_fifthgen.txt@PREFSTRING,creature_seventhgen.txt@PREFSTRING
slimy film	creature_thirdgen.txt@PREFSTRING
slitted eyes	creature_firstgen.txt@PREFSTRING
sludge	creature_firstgen.txt@PREFSTRING
small size	creature_fifthgen.txt@PREFSTRING,creature_sixthgen.txt@PREFSTRING
small wings	creature_firstgen.txt@PREFSTRING
smell	creature_sixthgen.txt@PREFSTRING
smiling pattern	creature_fourthgen.txt@PREFSTRING
smooth body	creature_secondgen.txt@PREFSTRING
smoothness	plant_pokeitem.txt@PREFSTRING
snake like body	creature_firstgen.txt@PREFSTRING
snout	creature_firstgen.txt@PREFSTRING,creature_secondgen.txt@PREFSTRING
snowflake shape	creature_fifthgen.txt@PREFSTRING
soft fur	creature_firstgen.txt@PREFSTRING
soil consuming	creature_secondgen.txt@PREFSTRING
solidarity	creature_seventhgen.txt@PREFSTRING
solitary nature	creature_eighthgen.txt@PREFSTRING
sombrero	creature_thirdgen.txt@PREFSTRING
song	creature_sixthgen.txt@PREFSTRING
soothing sound	plant_pokeberries.txt@PREFSTRING
sour flavor	plant_pokeberries.txt@PREFSTRING,plant_pokeplants.txt@PREFSTRING
sour flavored juice	plant_pokeplants.txt@PREFSTRING
sour skin	plant_pokeberries.txt@PREFSTRING
sourness	plant_pokeberries.txt@PREFSTRING
space controlling ability	creature_fourthgen.txt@PREFSTRING
sparking	creature_eighthgen.txt@PREFSTRING
sparks	creature_fourthgen.txt@PREFSTRING,creature_thirdgen.txt@PREFSTRING
special aura	creature_zpoketotem.txt@PREFSTRING
special power	creature_fourthgen.txt@PREFSTRING
speed	creature_eighthgen.txt@PREFSTRING,creature_fifthgen.txt@PREFSTRING,creature_firstgen.txt@PREFSTRING,creature_fourthgen.txt@PREFSTRING,creature_seventhgen.txt@PREFSTRING,creature_sixthgen.txt@PREFSTRING,creature_thirdgen.txt@PREFSTRING
spherical apparatus	creature_ninthgen.txt@PREFSTRING
spiciness	plant_pokeberries.txt@PREFSTRING,plant_pokeplants.txt@PREFSTRING
spicy aroma	creature_secondgen.txt@PREFSTRING
spicy chemicals	creature_ninthgen.txt@PREFSTRING
spicy flavor	plant_pokeberries.txt@PREFSTRING,plant_pokeplants.txt@PREFSTRING
spicy flavored juice	plant_pokeplants.txt@PREFSTRING
spicy teeth	creature_ninthgen.txt@PREFSTRING
spicy warmth	plant_pokeberries.txt@PREFSTRING
spiked pincers	creature_firstgen.txt@PREFSTRING
spiked shell	creature_firstgen.txt@PREFSTRING
spikes	creature_eighthgen.txt@PREFSTRING,creature_firstgen.txt@PREFSTRING,creature_fourthgen.txt@PREFSTRING,creature_secondgen.txt@PREFSTRING,creature_seventhgen.txt@PREFSTRING,creature_sixthgen.txt@PREFSTRING,creature_thirdgen.txt@PREFSTRING
spiky fur	creature_firstgen.txt@PREFSTRING
spines	creature_ninthgen.txt@PREFSTRING
spinning	creature_fifthgen.txt@PREFSTRING,creature_secondgen.txt@PREFSTRING,creature_thirdgen.txt@PREFSTRING
spiny shell	creature_seventhgen.txt@PREFSTRING
spiral	creature_firstgen.txt@PREFSTRING
spiral tail	creature_fourthgen.txt@PREFSTRING
spirit	creature_seventhgen.txt@PREFSTRING
spoon bending	creature_firstgen.txt@PREFSTRING
spoons	creature_firstgen.txt@PREFSTRING
sprig chewing	creature_sixthgen.txt@PREFSTRING
spring like legs	creature_firstgen.txt@PREFSTRING
spring shaped tail	creature_fourthgen.txt@PREFSTRING
springy tentacles	creature_ninthgen.txt@PREFSTRING
sprout	creature_secondgen.txt@PREFSTRING
squishy body	creature_sixthgen.txt@PREFSTRING
stability	creature_fifthgen.txt@PREFSTRING
staggering voice	creature_eighthgen.txt@PREFSTRING
stalking	creature_firstgen.txt@PREFSTRING
stamina	creature_firstgen.txt@PREFSTRING,creature_seventhgen.txt@PREFSTRING
star like appearance	creature_firstgen.txt@PREFSTRING,creature_secondgen.txt@PREFSTRING
star like faceplate	creature_secondgen.txt@PREFSTRING
star patterns	creature_secondgen.txt@PREFSTRING
star shaped growth	creature_thirdgen.txt@PREFSTRING
stare	creature_fifthgen.txt@PREFSTRING,creature_secondgen.txt@PREFSTRING,creature_sixthgen.txt@PREFSTRING
starscape face	creature_seventhgen.txt@PREFSTRING
starscape head	creature_seventhgen.txt@PREFSTRING
steel feathers	creature_eighthgen.txt@PREFSTRING
steel head	creature_thirdgen.txt@PREFSTRING
steel-like hide	creature_firstgen.txt@PREFSTRING
stem-like body	creature_firstgen.txt@PREFSTRING
stick	creature_sixthgen.txt@PREFSTRING
stick beating	creature_eighthgen.txt@PREFSTRING
stimulating seasoning	plant_pokefood.txt@PREFSTRING
stingers	creature_firstgen.txt@PREFSTRING
stone	creature_fourthgen.txt@PREFSTRING
stone body	creature_eighthgen.txt@PREFSTRING
stone like structure	creature_seventhgen.txt@PREFSTRING
stone-like scales	creature_thirdgen.txt@PREFSTRING
stout stature	creature_ninthgen.txt@PREFSTRING
strange combination	creature_eighthgen.txt@PREFSTRING
strange composition	creature_firstgen.txt@PREFSTRING,creature_fourthgen.txt@PREFSTRING,creature_ninthgen.txt@PREFSTRING,creature_secondgen.txt@PREFSTRING
strange mask	creature_seventhgen.txt@PREFSTRING
streamer-like tail	creature_firstgen.txt@PREFSTRING
strength	creature_eighthgen.txt@PREFSTRING,creature_firstgen.txt@PREFSTRING,creature_fourthgen.txt@PREFSTRING,creature_secondgen.txt@PREFSTRING,creature_seventhgen.txt@PREFSTRING,creature_thirdgen.txt@PREFSTRING,creature_zpokemax.txt@PREFSTRING
stripes	creature_fifthgen.txt@PREFSTRING,creature_firstgen.txt@PREFSTRING
strong body	creature_secondgen.txt@PREFSTRING
strong child	creature_firstgen.txt@PREFSTRING
strong flavor	plant_pokeberries.txt@PREFSTRING
strong hugs	creature_seventhgen.txt@PREFSTRING
strong jaw	creature_fifthgen.txt@PREFSTRING,creature_seventhgen.txt@PREFSTRING,creature_sixthgen.txt@PREFSTRING
strong petals	creature_zpokemax.txt@PREFSTRING
strong pincers	creature_firstgen.txt@PREFSTRING
strong punches	creature_zpokemax.txt@PREFSTRING
strong richness	plant_pokefood.txt@PREFSTRING
strong talons	creature_fifthgen.txt@PREFSTRING
strong thread	creature_ninthgen.txt@PREFSTRING
strong webs	creature_secondgen.txt@PREFSTRING
strumming	creature_eighthgen.txt@PREFSTRING
stubbornness	creature_seventhgen.txt@PREFSTRING
sturdy body	creature_firstgen.txt@PREFSTRING
sturdy legs	creature_thirdgen.txt@PREFSTRING
sublime fur	creature_thirdgen.txt@PREFSTRING
sucker mouth	creature_fifthgen.txt@PREFSTRING
suction cups	creature_secondgen.txt@PREFSTRING
sun shape	creature_thirdgen.txt@PREFSTRING
sun shaped head	creature_seventhgen.txt@PREFSTRING
sunflower	creature_secondgen.txt@PREFSTRING
super high-calorie missiles	creature_zpokemax.txt@PREFSTRING
surfboard tail	creature_firstgen.txt@PREFSTRING
surfing	creature_ninthgen.txt@PREFSTRING
surprising speed	creature_eighthgen.txt@PREFSTRING
sweeping tail	creature_eighthgen.txt@PREFSTRING
sweet aftertaste	plant_pokeberries.txt@PREFSTRING
sweet and creamy flesh	plant_pokeberries.txt@PREFSTRING
sweet and richness	plant_pokefood.txt@PREFSTRING
sweet and tangy flavor	plant_pokeberries.txt@PREFSTRING
sweet flavor	plant_pokeberries.txt@PREFSTRING,plant_pokeplants.txt@PREFSTRING
sweet flavored juice	plant_pokeplants.txt@PREFSTRING
sweet flavour	plant_pokeplants.txt@PREFSTRING
sweet pulp	plant_pokeberries.txt@PREFSTRING
sweet skin	creature_eighthgen.txt@PREFSTRING
sweet smell	creature_fourthgen.txt@PREFSTRING
sweet-smelling gas	creature_seventhgen.txt@PREFSTRING
sweetly spicy skin	plant_pokeberries.txt@PREFSTRING
sweetness	creature_sixthgen.txt@PREFSTRING,plant_pokeberries.txt@PREFSTRING,plant_pokefood.txt@PREFSTRING,plant_pokeplants.txt@PREFSTRING
swiftness	creature_fifthgen.txt@PREFSTRING
swimming ability	creature_firstgen.txt@PREFSTRING
sword	creature_eighthgen.txt@PREFSTRING
sword fangs	creature_ninthgen.txt@PREFSTRING
sword like leek	creature_eighthgen.txt@PREFSTRING
swords	creature_ninthgen.txt@PREFSTRING
symbol of gratitude	plant_pokeplants.txt@PREFSTRING
symbol of love	creature_thirdgen.txt@PREFSTRING
symbol of luck	creature_secondgen.txt@PREFSTRING
symbol of prosparity	creature_thirdgen.txt@PREFSTRING
symbol of victory	creature_fifthgen.txt@PREFSTRING
synchronizing	creature_ninthgen.txt@PREFSTRING
syrpents	creature_ninthgen.txt@PREFSTRING
syrup	creature_ninthgen.txt@PREFSTRING
syrupy flavour	plant_pokeplants.txt@PREFSTRING
tablet shell	creature_ninthgen.txt@PREFSTRING
tail	creature_fifthgen.txt@PREFSTRING,creature_firstgen.txt@PREFSTRING,creature_ninthgen.txt@PREFSTRING,creature_secondgen.txt@PREFSTRING,creature_thirdgen.txt@PREFSTRING,plant_pokefood.txt@PREFSTRING
tail ball	creature_secondgen.txt@PREFSTRING,creature_thirdgen.txt@PREFSTRING
tail claw	creature_fourthgen.txt@PREFSTRING
tail hand	creature_secondgen.txt@PREFSTRING
tail hands	creature_fourthgen.txt@PREFSTRING
tail head	creature_ninthgen.txt@PREFSTRING
tantrums	creature_sixthgen.txt@PREFSTRING
tap dancing	creature_eighthgen.txt@PREFSTRING
tart flavour	plant_pokeplants.txt@PREFSTRING
taste	creature_fifthgen.txt@PREFSTRING,plant_pokeitem.txt@PREFSTRING
tasty fruit	plant_pokeberries.txt@PREFSTRING
teamwork	creature_fourthgen.txt@PREFSTRING,creature_ninthgen.txt@PREFSTRING,creature_secondgen.txt@PREFSTRING,creature_thirdgen.txt@PREFSTRING
teamwork with Dondozo	creature_ninthgen.txt@PREFSTRING
teamwork with Tatsugiri	creature_ninthgen.txt@PREFSTRING
technique	creature_thirdgen.txt@PREFSTRING
teeth	creature_firstgen.txt@PREFSTRING,creature_fourthgen.txt@PREFSTRING
telekinetic ability	creature_thirdgen.txt@PREFSTRING
teleporting	creature_sixthgen.txt@PREFSTRING
temper	creature_fifthgen.txt@PREFSTRING,creature_firstgen.txt@PREFSTRING,creature_sixthgen.txt@PREFSTRING,creature_thirdgen.txt@PREFSTRING
temperment	creature_thirdgen.txt@PREFSTRING
tenacious nature	creature_thirdgen.txt@PREFSTRING
tenacity	creature_thirdgen.txt@PREFSTRING
tendancy to carve into tree roots	creature_thirdgen.txt@PREFSTRING
tendancy to expel its organs	creature_seventhgen.txt@PREFSTRING
tendancy to flock	creature_fourthgen.txt@PREFSTRING
tendancy to stand on one foot	creature_secondgen.txt@PREFSTRING
tendency to windmill their arms	creature_firstgen.txt@PREFSTRING
tensile strength	creature_thirdgen.txt@PREFSTRING
tentacles	creature_seventhgen.txt@PREFSTRING,creature_sixthgen.txt@PREFSTRING,creature_thirdgen.txt@PREFSTRING
terrible majesty	creature_eighthgen.txt@PREFSTRING
their ability to create sandstorms	creature_thirdgen.txt@PREFSTRING
thermal vision	creature_fifthgen.txt@PREFSTRING
thick fur	creature_sixthgen.txt@PREFSTRING
thievery	creature_eighthgen.txt@PREFSTRING
third eye	creature_firstgen.txt@PREFSTRING,creature_thirdgen.txt@PREFSTRING
thorns	creature_fifthgen.txt@PREFSTRING,creature_thirdgen.txt@PREFSTRING
throat sac	creature_ninthgen.txt@PREFSTRING
throwing stars	creature_sixthgen.txt@PREFSTRING
tidiness	creature_fifthgen.txt@PREFSTRING
time controlling ability	creature_fourthgen.txt@PREFSTRING
time travelling	creature_secondgen.txt@PREFSTRING
timid nature	creature_eighthgen.txt@PREFSTRING
tingling to the touch	creature_eighthgen.txt@PREFSTRING
tiny hooks	plant_pokeberries.txt@PREFSTRING
tochukaso shell	creature_firstgen.txt@PREFSTRING
tochukasos	creature_firstgen.txt@PREFSTRING
tomboy personality	creature_seventhgen.txt@PREFSTRING
tongue	creature_firstgen.txt@PREFSTRING,creature_fourthgen.txt@PREFSTRING
tongue like flame	creature_fifthgen.txt@PREFSTRING
tongue scarf	creature_sixthgen.txt@PREFSTRING
top-shaped pieces	plant_pokeberries.txt@PREFSTRING
tough shell	creature_fifthgen.txt@PREFSTRING
tough skin	plant_pokeberries.txt@PREFSTRING,plant_pokeplants.txt@PREFSTRING
toxic chain	creature_ninthgen.txt@PREFSTRING
toxic gas	creature_firstgen.txt@PREFSTRING
trailing cloud	creature_eighthgen.txt@PREFSTRING,creature_fifthgen.txt@PREFSTRING
tranquillity	creature_fifthgen.txt@PREFSTRING
treads	creature_ninthgen.txt@PREFSTRING
tree	creature_fourthgen.txt@PREFSTRING
tree controlling	creature_sixthgen.txt@PREFSTRING
tree like appearance	creature_firstgen.txt@PREFSTRING,creature_secondgen.txt@PREFSTRING
tree stump	creature_sixthgen.txt@PREFSTRING
troops	creature_seventhgen.txt@PREFSTRING
trunk	creature_ninthgen.txt@PREFSTRING,creature_secondgen.txt@PREFSTRING
tuft	creature_fifthgen.txt@PREFSTRING
tunneling	creature_firstgen.txt@PREFSTRING,creature_pokevariant.txt@PREFSTRING,creature_secondgen.txt@PREFSTRING
tusks	creature_fifthgen.txt@PREFSTRING,creature_firstgen.txt@PREFSTRING,creature_ninthgen.txt@PREFSTRING,creature_thirdgen.txt@PREFSTRING
tusks made of ice	creature_fourthgen.txt@PREFSTRING,creature_secondgen.txt@PREFSTRING
twigs	plant_pokeplants.txt@PREFSTRING
umami	plant_pokefood.txt@PREFSTRING
undulating wings	creature_thirdgen.txt@PREFSTRING
unsociable demeanor	creature_sixthgen.txt@PREFSTRING
use as a whistle	plant_pokeberries.txt@PREFSTRING
use of rocks as ammo	creature_fourthgen.txt@PREFSTRING
use of seeds as ammo	creature_seventhgen.txt@PREFSTRING
valiance	creature_fifthgen.txt@PREFSTRING
vampiric appearance	creature_fourthgen.txt@PREFSTRING
variety of smells	creature_sixthgen.txt@PREFSTRING
varying composition	creature_thirdgen.txt@PREFSTRING
versatility	creature_ninthgen.txt@PREFSTRING
vibrating	creature_fifthgen.txt@PREFSTRING
viciousness	creature_eighthgen.txt@PREFSTRING
vines	creature_firstgen.txt@PREFSTRING,creature_fourthgen.txt@PREFSTRING
violent nature	creature_fifthgen.txt@PREFSTRING,creature_firstgen.txt@PREFSTRING
viscous fluid	creature_seventhgen.txt@PREFSTRING
vitality	plant_pokeplants.txt@PREFSTRING
vivid color	plant_pokeberries.txt@PREFSTRING
voice	creature_seventhgen.txt@PREFSTRING
waddle	creature_fifthgen.txt@PREFSTRING
wall locking	creature_fourthgen.txt@PREFSTRING
wand	creature_sixthgen.txt@PREFSTRING
warm touch	creature_thirdgen.txt@PREFSTRING
warmth	plant_pokeberries.txt@PREFSTRING
warrior pride	creature_seventhgen.txt@PREFSTRING
water bubble	creature_seventhgen.txt@PREFSTRING
water shooting tail	creature_fifthgen.txt@PREFSTRING
water skating	creature_thirdgen.txt@PREFSTRING
water spraying tail	creature_fifthgen.txt@PREFSTRING
webbed hands and feet	creature_firstgen.txt@PREFSTRING
well-rounded flavor	plant_pokeberries.txt@PREFSTRING
wheel	creature_eighthgen.txt@PREFSTRING
whip like tails	creature_firstgen.txt@PREFSTRING
whips	creature_fifthgen.txt@PREFSTRING
whiskers	creature_thirdgen.txt@PREFSTRING
wide mouth	creature_fourthgen.txt@PREFSTRING
willpower	creature_fourthgen.txt@PREFSTRING
wing patterns	creature_thirdgen.txt@PREFSTRING
wings	creature_firstgen.txt@PREFSTRING,creature_ninthgen.txt@PREFSTRING,creature_seventhgen.txt@PREFSTRING,creature_thirdgen.txt@PREFSTRING
wish granting	creature_thirdgen.txt@PREFSTRING
wiskers	creature_sixthgen.txt@PREFSTRING
witch like appearance	creature_secondgen.txt@PREFSTRING
witch's hat	creature_fourthgen.txt@PREFSTRING
wobbly body	creature_ninthgen.txt@PREFSTRING
wool	creature_eighthgen.txt@PREFSTRING,creature_secondgen.txt@PREFSTRING
wrapping like leaves	plant_pokeplants.txt@PREFSTRING
yeast breath	creature_ninthgen.txt@PREFSTRING
zen mode	creature_fifthgen.txt@PREFSTRING
zippers	creature_thirdgen.txt@PREFSTRING
