edition	image_identity	type	vtable_rva	caption_rva	detail_caption_rva	hierarchy_rva
steam	PE:6a70a6d9:02711000	adventure_environment_ingest_from_containerst	0x16b89e8	0x8387d0	0x7e1230	0x179fbd8
steam	PE:6a70a6d9:02711000	adventure_environment_ingest_materialst	0x16b9980	0x8389f0	0x7e1230	0x17a0bf0
steam	PE:6a70a6d9:02711000	adventure_environment_pick_up_building_item_contentsst	0x16be340	0x893bb0	0x7e1230	0x179f1a8
steam	PE:6a70a6d9:02711000	adventure_environment_pick_up_building_itemst	0x16b9aa8	0x893870	0x7e1230	0x17a1150
steam	PE:6a70a6d9:02711000	adventure_environment_pick_up_environmentst	0x16ba0d0	0x8935f0	0x7e1230	0x179f2b0
steam	PE:6a70a6d9:02711000	adventure_environment_pick_up_ground_itemst	0x16bcde0	0x8935f0	0x7e1230	0x179f0f8
steam	PE:6a70a6d9:02711000	adventure_environment_pick_vegetationst	0x16b5d58	0x893ef0	0x7e1230	0x17a0200
steam	PE:6a70a6d9:02711000	adventure_environment_pickup_chop_treest	0x16bc4a0	0x83a3d0	0x7e1230	0x17a1880
steam	PE:6a70a6d9:02711000	adventure_environment_pickup_ignite_vegst	0x16b8d60	0x83a0e0	0x7e1230	0x17a0468
steam	PE:6a70a6d9:02711000	adventure_environment_pickup_make_campfirest	0x16b9e20	0x83a330	0x7e1230	0x17a05f8
steam	PE:6a70a6d9:02711000	adventure_environment_pickup_vermin_eventst	0x16bb508	0x839e40	0x7e1230	0x17a1550
steam	PE:6a70a6d9:02711000	adventure_environment_place_in_bld_containerst	0x16bb3e0	0x837ff0	0x7e1230	0x17a1310
steam	PE:6a70a6d9:02711000	adventure_environment_place_in_it_containerst	0x16b7190	0x8381a0	0x7e1230	0x179fc68
steam	PE:6a70a6d9:02711000	adventure_environment_place_on_pack_animalst	0x16b5e80	0x837ea0	0x7e1230	0x17a0eb0
steam	PE:6a70a6d9:02711000	adventure_environment_take_from_pack_animalst	0x16bb9a8	0x8932c0	0x7e1230	0x17a1b80
steam	PE:6a70a6d9:02711000	adventure_environment_take_item_from_containerst	0x16b9fa0	0x893bb0	0x7e1230	0x17a0088
steam	PE:6a70a6d9:02711000	adventure_environment_unit_suck_bloodst	0x16bc818	0x8382f0	0x7e1230	0x179ff30
steam	PE:6a70a6d9:02711000	adventure_item_interact_fill_from_containerst	0x16b6320	0x835260	0x7e1230	0x17a12f8
steam	PE:6a70a6d9:02711000	adventure_item_interact_fill_with_materialst	0x16bd030	0x835460	0x7e1230	0x179f328
steam	PE:6a70a6d9:02711000	adventure_item_interact_give_namest	0x16b8b10	0x835d50	0x7e1230	0x17a1898
steam	PE:6a70a6d9:02711000	adventure_item_interact_heat_from_tilest	0x16b5b08	0x835e40	0x7e1230	0x17a1750
steam	PE:6a70a6d9:02711000	adventure_item_interact_load_ranged_weaponst	0x16bb880	0x834d50	0x7e1230	0x179ef68
steam	PE:6a70a6d9:02711000	adventure_item_interact_pull_outst	0x16b5540	0x7e1320	0x7e1230	0x17a0f58
steam	PE:6a70a6d9:02711000	adventure_item_interact_readst	0x16b7068	0x7e13d0	0x7e1230	0x17a01e8
steam	PE:6a70a6d9:02711000	adventure_item_interact_roll_allst	0x16bc6f0	0x7e1410	0x7e1230	0x179fd28
steam	PE:6a70a6d9:02711000	adventure_item_interact_rollst	0x16bda98	0x7e13f0	0x7e1230	0x179f260
steam	PE:6a70a6d9:02711000	adventure_item_interact_strugglest	0x16bd5f8	0x7e12e0	0x7e1230	0x17a16e8
steam	PE:6a70a6d9:02711000	adventure_item_interact_unnockst	0x16bc940	0x7e1340	0x7e1230	0x179f890
steam	PE:6a70a6d9:02711000	adventure_movement_attack_creaturest	0x16b8140	0x83fe00	0x7e1230	0x17a1a38
steam	PE:6a70a6d9:02711000	adventure_movement_building_interact_bash_down_doorst	0x16b60d0	0x8410a0	0x7e1230	0x17a1cb8
steam	PE:6a70a6d9:02711000	adventure_movement_building_interact_break_in_hatchst	0x16bc5c8	0x840cf0	0x7e1230	0x179faa8
steam	PE:6a70a6d9:02711000	adventure_movement_building_interact_lower_well_bucketst	0x16bd280	0x840940	0x7e1230	0x17a0b38
steam	PE:6a70a6d9:02711000	adventure_movement_building_interact_pick_door_lockst	0x16bb758	0x840ec0	0x7e1230	0x17a13c8
steam	PE:6a70a6d9:02711000	adventure_movement_building_interact_pick_hatch_lockst	0x16bd4d0	0x840ec0	0x7e1230	0x17a0e98
steam	PE:6a70a6d9:02711000	adventure_movement_building_interact_pull_leverst	0x16b9bd0	0x840b20	0x7e1230	0x17a07b0
steam	PE:6a70a6d9:02711000	adventure_movement_building_interact_raise_well_bucketst	0x16ba448	0x840760	0x7e1230	0x17a15c8
steam	PE:6a70a6d9:02711000	adventure_movement_building_interact_topple_statuest	0x16b61f8	0x841270	0x7e1230	0x17a05e0
steam	PE:6a70a6d9:02711000	adventure_movement_claim_petst	0x16bb630	0x8425b0	0x7e1230	0x17a05a0
steam	PE:6a70a6d9:02711000	adventure_movement_climbst	0x16bcb90	0x841900	0x7e1230	0x17a0f70
steam	PE:6a70a6d9:02711000	adventure_movement_combat_menu_creaturest	0x16b9858	0x840030	0x7e1230	0x17a0138
steam	PE:6a70a6d9:02711000	adventure_movement_dismountst	0x16b6570	0x842050	0x7e1230	0x179ef80
steam	PE:6a70a6d9:02711000	adventure_movement_hold_itemst	0x16bd720	0x8422b0	0x7e1230	0x17a18b0
steam	PE:6a70a6d9:02711000	adventure_movement_hold_tilest	0x16ba320	0x841bf0	0x7e1230	0x17a1e08
steam	PE:6a70a6d9:02711000	adventure_movement_item_interact_guidest	0x16b58b8	0x8405a0	0x7e1230	0x17a0f88
steam	PE:6a70a6d9:02711000	adventure_movement_item_interact_pushst	0x16bb190	0x840220	0x7e1230	0x17a1538
steam	PE:6a70a6d9:02711000	adventure_movement_item_interact_ridest	0x16b7dc8	0x8403e0	0x7e1230	0x179f630
steam	PE:6a70a6d9:02711000	adventure_movement_jumpst	0x16b9608	0x8a46d0	0x7e1230	0x179f860
steam	PE:6a70a6d9:02711000	adventure_movement_lead_animalst	0x16b9730	0x842710	0x7e1230	0x17a1930
steam	PE:6a70a6d9:02711000	adventure_movement_mountst	0x16b5c30	0x841f00	0x7e1230	0x179fe48
steam	PE:6a70a6d9:02711000	adventure_movement_movest	0x16baf40	0x841440	0x7e1230	0x17a0e40
steam	PE:6a70a6d9:02711000	adventure_movement_pathst	0x16ba698	0x842ab0	0x7e1230	0x17a0b20
steam	PE:6a70a6d9:02711000	adventure_movement_release_hold_itemst	0x16b6f40	0x842940	0x7e1230	0x17a1508
steam	PE:6a70a6d9:02711000	adventure_movement_release_hold_tilest	0x16b7ca0	0x8421b0	0x7e1230	0x179f9f8
steam	PE:6a70a6d9:02711000	adventure_movement_shoot_creaturest	0x16bb068	0x8a4890	0x7e1230	0x179f618
steam	PE:6a70a6d9:02711000	adventure_movement_shoot_tilest	0x16bb2b8	0x8a5540	0x7e1230	0x179f8c0
steam	PE:6a70a6d9:02711000	adventure_movement_stop_lead_animalst	0x16bca68	0x842860	0x7e1230	0x17a1df0
steam	PE:6a70a6d9:02711000	adventure_movement_throw_item_at_creaturest	0x16b8018	0x8a5e70	0x7e1230	0x17a0280
steam	PE:6a70a6d9:02711000	adventure_movement_throw_item_at_tilest	0x16b5fa8	0x8a64d0	0x7e1230	0x179f078
steam	PE:6a70a6d9:02711000	adventure_option_assume_identityst	0x16b59e0	0x6b79b0	0x7e1230	0x17a04b0
steam	PE:6a70a6d9:02711000	adventure_option_drop_itemst	0x16bd970	0x894180	0x894370	0x17a14d0
steam	PE:6a70a6d9:02711000	adventure_option_eat_drink_itemst	0x16bcf08	0x894180	0x894820	0x17a0438
steam	PE:6a70a6d9:02711000	adventure_option_eat_item_contaminantst	0x16bccb8	0x839ca0	0x7e1230	0x17a0e80
steam	PE:6a70a6d9:02711000	adventure_option_eat_unit_contaminantst	0x16b5790	0x839850	0x7e1230	0x179f060
steam	PE:6a70a6d9:02711000	adventure_option_interact_with_itemst	0x16bc378	0x894180	0x7e1230	0x17a0fa0
steam	PE:6a70a6d9:02711000	adventure_option_inventory_itemst	0x16b9cf8	0x894180	0x7e1230	0x17a0498
steam	PE:6a70a6d9:02711000	adventure_option_put_itemst	0x16ba570	0x894180	0x894730	0x179fdd0
steam	PE:6a70a6d9:02711000	adventure_option_remove_itemst	0x16b8c38	0x894180	0x894640	0x17a1520
steam	PE:6a70a6d9:02711000	adventure_option_start_shoutingst	0x16bd848	0x6b7990	0x7e1230	0x17a1be8
steam	PE:6a70a6d9:02711000	adventure_option_talk_existing_conversationst	0x16bd158	0x6b7080	0x7e1230	0x17a1120
steam	PE:6a70a6d9:02711000	adventure_option_talk_new_conversationst	0x16b5668	0x6b75a0	0x7e1230	0x17a07f8
steam	PE:6a70a6d9:02711000	adventure_option_throw_itemst	0x16ba1f8	0x894180	0x894460	0x179f8a8
steam	PE:6a70a6d9:02711000	adventure_option_view_contaminantst	0x16bd3a8	0x8392a0	0x7e1230	0x17a0658
steam	PE:6a70a6d9:02711000	adventure_option_view_event_detailst	0x16b6e18	0x894240	0x894260	0x179fd68
steam	PE:6a70a6d9:02711000	adventure_option_view_itemst	0x16b73f8	0x894180	0x894280	0x17a0698
steam	PE:6a70a6d9:02711000	adventure_option_view_unitst	0x16bc250	0x6b7320	0x7e1230	0x179f2c8
steam	PE:6a70a6d9:02711000	adventure_option_wear_itemst	0x16b7ef0	0x894180	0x894550	0x17a1a78
steam	PE:6a70a6d9:02711000	adventure_optionst	0x16b6448	0x72250	0x7e1230	0x17a1138
classic	PE:6a70b91c:0270a000	adventure_environment_ingest_from_containerst	0x16b38d8	0x836050	0x7deab0	0x179a4d0
classic	PE:6a70b91c:0270a000	adventure_environment_ingest_materialst	0x16b4870	0x836270	0x7deab0	0x179b500
classic	PE:6a70b91c:0270a000	adventure_environment_pick_up_building_item_contentsst	0x16b9230	0x891430	0x7deab0	0x1799b08
classic	PE:6a70b91c:0270a000	adventure_environment_pick_up_building_itemst	0x16b4998	0x8910f0	0x7deab0	0x179ba70
classic	PE:6a70b91c:0270a000	adventure_environment_pick_up_environmentst	0x16b4fc0	0x890e70	0x7deab0	0x1799bb8
classic	PE:6a70b91c:0270a000	adventure_environment_pick_up_ground_itemst	0x16b7cd0	0x890e70	0x7deab0	0x1799a08
classic	PE:6a70b91c:0270a000	adventure_environment_pick_vegetationst	0x16b0c48	0x891770	0x7deab0	0x179aae8
classic	PE:6a70b91c:0270a000	adventure_environment_pickup_chop_treest	0x16b7390	0x837c50	0x7deab0	0x179c190
classic	PE:6a70b91c:0270a000	adventure_environment_pickup_ignite_vegst	0x16b3c50	0x837960	0x7deab0	0x179ad78
classic	PE:6a70b91c:0270a000	adventure_environment_pickup_make_campfirest	0x16b4d10	0x837bb0	0x7deab0	0x179af08
classic	PE:6a70b91c:0270a000	adventure_environment_pickup_vermin_eventst	0x16b63f8	0x8376c0	0x7deab0	0x179bd50
classic	PE:6a70b91c:0270a000	adventure_environment_place_in_bld_containerst	0x16b62d0	0x835870	0x7deab0	0x179bc08
classic	PE:6a70b91c:0270a000	adventure_environment_place_in_it_containerst	0x16b2080	0x835a20	0x7deab0	0x179a578
classic	PE:6a70b91c:0270a000	adventure_environment_place_on_pack_animalst	0x16b0d70	0x835720	0x7deab0	0x179b7a8
classic	PE:6a70b91c:0270a000	adventure_environment_take_from_pack_animalst	0x16b6898	0x890b40	0x7deab0	0x179c430
classic	PE:6a70b91c:0270a000	adventure_environment_take_item_from_containerst	0x16b4e90	0x891430	0x7deab0	0x179a948
classic	PE:6a70b91c:0270a000	adventure_environment_unit_suck_bloodst	0x16b7708	0x835b70	0x7deab0	0x179a810
classic	PE:6a70b91c:0270a000	adventure_item_interact_fill_from_containerst	0x16b1210	0x832ae0	0x7deab0	0x179bc20
classic	PE:6a70b91c:0270a000	adventure_item_interact_fill_with_materialst	0x16b8048	0x832ce0	0x7deab0	0x1799c68
classic	PE:6a70b91c:0270a000	adventure_item_interact_give_namest	0x16b3a00	0x8335d0	0x7deab0	0x179c1a8
classic	PE:6a70b91c:0270a000	adventure_item_interact_heat_from_tilest	0x16b08d0	0x8336c0	0x7deab0	0x179c038
classic	PE:6a70b91c:0270a000	adventure_item_interact_load_ranged_weaponst	0x16b6770	0x8325d0	0x7deab0	0x1799850
classic	PE:6a70b91c:0270a000	adventure_item_interact_pull_outst	0x16afcb0	0x7deba0	0x7deab0	0x179b868
classic	PE:6a70b91c:0270a000	adventure_item_interact_readst	0x16b1f58	0x7dec50	0x7deab0	0x179aad0
classic	PE:6a70b91c:0270a000	adventure_item_interact_roll_allst	0x16b75e0	0x7dec90	0x7deab0	0x179a638
classic	PE:6a70b91c:0270a000	adventure_item_interact_rollst	0x16b8860	0x7dec70	0x7deab0	0x1799b70
classic	PE:6a70b91c:0270a000	adventure_item_interact_strugglest	0x16b84e8	0x7deb60	0x7deab0	0x179bfd0
classic	PE:6a70b91c:0270a000	adventure_item_interact_unnockst	0x16b7830	0x7debc0	0x7deab0	0x179a290
classic	PE:6a70b91c:0270a000	adventure_movement_attack_creaturest	0x16b2f08	0x83d680	0x7deab0	0x179c2e8
classic	PE:6a70b91c:0270a000	adventure_movement_building_interact_bash_down_doorst	0x16b0fc0	0x83e920	0x7deab0	0x179c630
classic	PE:6a70b91c:0270a000	adventure_movement_building_interact_break_in_hatchst	0x16b74b8	0x83e570	0x7deab0	0x179a390
classic	PE:6a70b91c:0270a000	adventure_movement_building_interact_lower_well_bucketst	0x16b7f20	0x83e1c0	0x7deab0	0x179b448
classic	PE:6a70b91c:0270a000	adventure_movement_building_interact_pick_door_lockst	0x16b6648	0x83e740	0x7deab0	0x179bc60
classic	PE:6a70b91c:0270a000	adventure_movement_building_interact_pick_hatch_lockst	0x16b83c0	0x83e740	0x7deab0	0x179b7c0
classic	PE:6a70b91c:0270a000	adventure_movement_building_interact_pull_leverst	0x16b4ac0	0x83e3a0	0x7deab0	0x179b0c0
classic	PE:6a70b91c:0270a000	adventure_movement_building_interact_raise_well_bucketst	0x16b5338	0x83dfe0	0x7deab0	0x179bec8
classic	PE:6a70b91c:0270a000	adventure_movement_building_interact_topple_statuest	0x16b10e8	0x83eaf0	0x7deab0	0x179aef0
classic	PE:6a70b91c:0270a000	adventure_movement_claim_petst	0x16b6520	0x83fe30	0x7deab0	0x179aeb0
classic	PE:6a70b91c:0270a000	adventure_movement_climbst	0x16b7ba8	0x83f180	0x7deab0	0x179b880
classic	PE:6a70b91c:0270a000	adventure_movement_combat_menu_creaturest	0x16b4748	0x83d8b0	0x7deab0	0x179a9f8
classic	PE:6a70b91c:0270a000	adventure_movement_dismountst	0x16b1460	0x83f8d0	0x7deab0	0x1799890
classic	PE:6a70b91c:0270a000	adventure_movement_hold_itemst	0x16b8610	0x83fb30	0x7deab0	0x179c1c0
classic	PE:6a70b91c:0270a000	adventure_movement_hold_tilest	0x16b5210	0x83f470	0x7deab0	0x179c750
classic	PE:6a70b91c:0270a000	adventure_movement_item_interact_guidest	0x16b07a8	0x83de20	0x7deab0	0x179b898
classic	PE:6a70b91c:0270a000	adventure_movement_item_interact_pushst	0x16b6080	0x83daa0	0x7deab0	0x179bd38
classic	PE:6a70b91c:0270a000	adventure_movement_item_interact_ridest	0x16b2cb8	0x83dc60	0x7deab0	0x179a028
classic	PE:6a70b91c:0270a000	adventure_movement_jumpst	0x16b44f8	0x8a1f50	0x7deab0	0x179a148
classic	PE:6a70b91c:0270a000	adventure_movement_lead_animalst	0x16b4620	0x83ff90	0x7deab0	0x179c1d8
classic	PE:6a70b91c:0270a000	adventure_movement_mountst	0x16b0b20	0x83f780	0x7deab0	0x179a758
classic	PE:6a70b91c:0270a000	adventure_movement_movest	0x16b5e30	0x83ecc0	0x7deab0	0x179b750
classic	PE:6a70b91c:0270a000	adventure_movement_pathst	0x16b5588	0x840330	0x7deab0	0x179b430
classic	PE:6a70b91c:0270a000	adventure_movement_release_hold_itemst	0x16b1e30	0x8401c0	0x7deab0	0x179be10
classic	PE:6a70b91c:0270a000	adventure_movement_release_hold_tilest	0x16b2b90	0x83fa30	0x7deab0	0x179a328
classic	PE:6a70b91c:0270a000	adventure_movement_shoot_creaturest	0x16b5f58	0x8a2110	0x7deab0	0x1799f28
classic	PE:6a70b91c:0270a000	adventure_movement_shoot_tilest	0x16b61a8	0x8a2dc0	0x7deab0	0x179a1e8
classic	PE:6a70b91c:0270a000	adventure_movement_stop_lead_animalst	0x16b7958	0x8400e0	0x7deab0	0x179c768
classic	PE:6a70b91c:0270a000	adventure_movement_throw_item_at_creaturest	0x16b3030	0x8a36f0	0x7deab0	0x179ab90
classic	PE:6a70b91c:0270a000	adventure_movement_throw_item_at_tilest	0x16b0e98	0x8a3d50	0x7deab0	0x1799988
classic	PE:6a70b91c:0270a000	adventure_option_assume_identityst	0x16b09f8	0x6b53d0	0x7deab0	0x179adc0
classic	PE:6a70b91c:0270a000	adventure_option_drop_itemst	0x16b8988	0x891a00	0x891bf0	0x179be40
classic	PE:6a70b91c:0270a000	adventure_option_eat_drink_itemst	0x16b7df8	0x891a00	0x8920a0	0x179ad48
classic	PE:6a70b91c:0270a000	adventure_option_eat_item_contaminantst	0x16b7a80	0x837520	0x7deab0	0x179b790
classic	PE:6a70b91c:0270a000	adventure_option_eat_unit_contaminantst	0x16b0680	0x8370d0	0x7deab0	0x17999c8
classic	PE:6a70b91c:0270a000	adventure_option_interact_with_itemst	0x16b7268	0x891a00	0x7deab0	0x179b8b0
classic	PE:6a70b91c:0270a000	adventure_option_inventory_itemst	0x16b4be8	0x891a00	0x7deab0	0x179ada8
classic	PE:6a70b91c:0270a000	adventure_option_put_itemst	0x16b5460	0x891a00	0x891fb0	0x179a6e0
classic	PE:6a70b91c:0270a000	adventure_option_remove_itemst	0x16b3b28	0x891a00	0x891ec0	0x179be28
classic	PE:6a70b91c:0270a000	adventure_option_start_shoutingst	0x16b8738	0x6b53b0	0x7deab0	0x179c4d0
classic	PE:6a70b91c:0270a000	adventure_option_talk_existing_conversationst	0x16b8170	0x6b4aa0	0x7deab0	0x179ba88
classic	PE:6a70b91c:0270a000	adventure_option_talk_new_conversationst	0x16b0558	0x6b4fc0	0x7deab0	0x179b130
classic	PE:6a70b91c:0270a000	adventure_option_throw_itemst	0x16b50e8	0x891a00	0x891ce0	0x179a1a0
classic	PE:6a70b91c:0270a000	adventure_option_view_contaminantst	0x16b8298	0x836b20	0x7deab0	0x179af68
classic	PE:6a70b91c:0270a000	adventure_option_view_event_detailst	0x16b1d08	0x891ac0	0x891ae0	0x179a650
classic	PE:6a70b91c:0270a000	adventure_option_view_itemst	0x16b21a8	0x891a00	0x891b00	0x179afa8
classic	PE:6a70b91c:0270a000	adventure_option_view_unitst	0x16b7140	0x6b4d40	0x7deab0	0x1799ba0
classic	PE:6a70b91c:0270a000	adventure_option_wear_itemst	0x16b2de0	0x891a00	0x891dd0	0x179c3b0
classic	PE:6a70b91c:0270a000	adventure_optionst	0x16b1338	0x721e0	0x7deab0	0x179ba30
