edition	image_identity	role	function_rva	body_end_rva	unwind_end_rva
steam	PE:6a70a6d9:02711000	unique-keyword-append	0xbb810	0xbb8d2	0xbb8d2
steam	PE:6a70a6d9:02711000	search-fold	0x52cee0	0x52d033	0x52d0e0
steam	PE:6a70a6d9:02711000	keyword-value	0x6793b0	0x679e10	0x679e10
steam	PE:6a70a6d9:02711000	keyword-emotion	0x679e10	0x67b6bc	0x67b6bc
steam	PE:6a70a6d9:02711000	keyword-main	0x697740	0x6acbb6	0x6ad394
steam	PE:6a70a6d9:02711000	keyword-lifecycle	0x6ad3d0	0x6ad8f2	0x6ad8f2
steam	PE:6a70a6d9:02711000	keyword-lifecycle	0x6ad900	0x6adf28	0x6adf28
steam	PE:6a70a6d9:02711000	keyword-lifecycle	0x6adf30	0x6ae669	0x6ae669
steam	PE:6a70a6d9:02711000	keyword-lifecycle	0x6ae670	0x6ae788	0x6ae788
steam	PE:6a70a6d9:02711000	keyword-lifecycle	0x6ae790	0x6af0c2	0x6af0c2
steam	PE:6a70a6d9:02711000	keyword-lifecycle	0x6af0d0	0x6af61a	0x6af61a
steam	PE:6a70a6d9:02711000	keyword-lifecycle	0x6af620	0x6b1c05	0x6b1c05
steam	PE:6a70a6d9:02711000	keyword-strength-failed	0x6b1c10	0x6b30b2	0x6b3194
steam	PE:6a70a6d9:02711000	keyword-strength-breaking-point	0x6b31a0	0x6b3fe8	0x6b428c
steam	PE:6a70a6d9:02711000	keyword-strength-major	0x6b4290	0x6b50d8	0x6b537c
steam	PE:6a70a6d9:02711000	keyword-strength-minor	0x6b5380	0x6b61c8	0x6b646c
steam	PE:6a70a6d9:02711000	keyword-strength-negated	0x6b6470	0x6b6bd9	0x6b6e80
steam	PE:6a70a6d9:02711000	keyword-renderer	0x867e10	0x86d958	0x86ddac
steam	PE:6a70a6d9:02711000	keyword-main-caller	0x8a2e20	0x8a40d8	0x8a40d8
steam	PE:6a70a6d9:02711000	native-name-keyword-tokenizer	0xd3ba10	0xd3bbdd	0xd3bbdd
classic	PE:6a70b91c:0270a000	unique-keyword-append	0xbb7a0	0xbb862	0xbb862
classic	PE:6a70b91c:0270a000	search-fold	0x52a900	0x52aa53	0x52ab00
classic	PE:6a70b91c:0270a000	keyword-value	0x676dd0	0x677830	0x677830
classic	PE:6a70b91c:0270a000	keyword-emotion	0x677830	0x6790dc	0x6790dc
classic	PE:6a70b91c:0270a000	keyword-main	0x695160	0x6aa5d6	0x6aadb4
classic	PE:6a70b91c:0270a000	keyword-lifecycle	0x6aadf0	0x6ab312	0x6ab312
classic	PE:6a70b91c:0270a000	keyword-lifecycle	0x6ab320	0x6ab948	0x6ab948
classic	PE:6a70b91c:0270a000	keyword-lifecycle	0x6ab950	0x6ac089	0x6ac089
classic	PE:6a70b91c:0270a000	keyword-lifecycle	0x6ac090	0x6ac1a8	0x6ac1a8
classic	PE:6a70b91c:0270a000	keyword-lifecycle	0x6ac1b0	0x6acae2	0x6acae2
classic	PE:6a70b91c:0270a000	keyword-lifecycle	0x6acaf0	0x6ad03a	0x6ad03a
classic	PE:6a70b91c:0270a000	keyword-lifecycle	0x6ad040	0x6af625	0x6af625
classic	PE:6a70b91c:0270a000	keyword-strength-failed	0x6af630	0x6b0ad2	0x6b0bb4
classic	PE:6a70b91c:0270a000	keyword-strength-breaking-point	0x6b0bc0	0x6b1a08	0x6b1cac
classic	PE:6a70b91c:0270a000	keyword-strength-major	0x6b1cb0	0x6b2af8	0x6b2d9c
classic	PE:6a70b91c:0270a000	keyword-strength-minor	0x6b2da0	0x6b3be8	0x6b3e8c
classic	PE:6a70b91c:0270a000	keyword-strength-negated	0x6b3e90	0x6b45f9	0x6b48a0
classic	PE:6a70b91c:0270a000	keyword-renderer	0x865690	0x86b1d8	0x86b62c
classic	PE:6a70b91c:0270a000	keyword-main-caller	0x8a06a0	0x8a1958	0x8a1958
classic	PE:6a70b91c:0270a000	native-name-keyword-tokenizer	0xd38a50	0xd38c1d	0xd38c1d
